country,year,pm25,primary_energy_per_capita,renewable_energy_pct,forest_area_pct,energy_use_per_capita,agricultural_land_pct,gdp_per_capita,industry_pct_gdp,trade_pct_gdp,gross_capital_formation_pct,urban_population_pct,life_expectancy,population_density,basic_drinking_water_pct
ARE,2008,42.9575623148493,5.17,0.1,4.44559279076317,9426.22252523971,7.5978597578147,47922.6988207823,58.0179784435584,148.513544025723,25.0980915438506,82.9658963549658,81.591,88.7449169248099,99.7654123439436
ARE,2009,42.5794070758541,5.84,0.1,4.45667417628837,9485.64696621464,5.46184173472261,42672.1987890808,52.044956000368,153.461944358373,31.6335487625593,83.1701992996163,81.679,94.439003097719,99.7879969026798
ARE,2010,42.4230172315555,5.36,0.1,4.46775556181357,8944.43348137498,5.52379611377077,42328.8508165469,50.2592548678862,135.485709128426,28.9193053739198,83.3714299144178,81.886,96.7310335116868,99.8107941876286
ARE,2011,46.4897172925459,4.99,0.1,4.46775556181357,8558.24529408267,5.47029005913827,43687.7782783233,55.7510208781767,144.176786868982,24.7738271342481,83.5695007795347,81.898,100.035736412278,99.8338027658417
ARE,2012,49.8585704896572,5.13,0.1,4.46775556181357,8614.16881429917,5.30413967896367,43958.5681120856,55.356407543947,156.637694501481,23.421423689147,83.7643244751488,81.913,104.075584342439,99.857009861268
ARE,2013,43.6717315179427,5.17,0.1,4.46775556181357,8858.22242582428,5.34215713883413,44312.6337162614,52.9894122214127,157.398083989641,21.1407254569336,83.9558135814626,81.95,108.322036046184,99.8804113765895
ARE,2014,38.4444708976302,5.64,0.1,4.46775556181357,9633.42212114175,5.3858068149817,44257.6514761082,50.7402069875437,159.515615057764,22.1222022367368,84.1438806787019,81.99,113.481272880879,99.903989878004
ARE,2015,48.347575903809,5.82,0.1,4.46775556181357,10146.376786057,5.39003097718952,44910.334995523,42.1588028480264,164.286182737903,21.643204001152,84.3284383471193,82.076,119.75833568009,99.927750524332
ARE,2016,43.0819708202795,5.87,0.1,4.46775556181357,10355.5476088804,5.40411151788229,45168.4982473243,39.8749229592768,165.39501917458,20.9292537892622,84.5093991669984,82.195,125.8109687412,99.9516742010968
ARE,2017,44.2485056396036,4.87,0.2,4.46775556181357,8521.13677246594,5.40411151788229,43293.0203824801,41.4122717128473,165.476542469815,20.6035948096274,84.686675718659,82.388,129.867994931005,99.9757617709263
ARE,2018,45.9879061419392,4.94,0.3,4.46775556181357,8482.30317231137,5.37524640946212,43377.7858697225,45.7439845434706,154.747005019293,21.1611309818493,84.8601805824625,82.449,131.606603773585,100.0
ARE,2019,41.955626323257,5.24,0.7,4.46775556181357,8816.50943614681,5.49704308645452,43468.4586811918,43.4669683746299,163.822152944853,23.185328258013,85.0298263388195,82.596,133.001760067587,99.9999978860586
ARE,2020,36.3055030826594,5.29,0.9,4.46775556181357,8154.35294132635,5.48859476203886,39878.474427695,40.3215883178557,181.29188817064,22.8266562576,85.1955255681984,81.936,132.371698113208,99.9999979225426
ARG,2008,14.5043652786628,3.42,7.7,11.2715725931691,1889.40923801554,46.4235627710848,13197.3570267029,26.2724599395946,40.4026733790382,19.5727758777106,90.6521912139817,75.428,14.7711827061158,98.0428748675662
ARG,2009,14.0927563474575,3.35,8.6,11.1559584753845,1722.74402909882,45.4302094866426,12285.3784651865,25.2842047993735,34.0571269054879,16.0531123592112,90.8209023233265,75.577,14.9285563947689,98.2407366706243
ARG,2010,13.9279831494715,3.26,8.8,11.0403443575999,1826.05112368849,46.1389123357048,13387.1553748458,25.2587762576722,34.9710132635696,17.7055338062046,90.9930051940977,75.68,15.0870920710786,98.434051534291
ARG,2011,14.2389306717038,3.18,8.8,10.9587128976976,1865.25736115683,45.7919603608739,14040.6189124444,25.2126976058843,35.2061549999644,18.39845891735,91.1072286738406,76.1,15.2485886234831,98.6218573444855
ARG,2012,13.3571618542264,3.3,8.6,10.8770814377953,1897.60983922809,45.5813044224958,13754.4254235596,24.4290570649122,30.5265423717108,16.5019865298875,91.2041217246797,75.802,15.4061004351973,98.8052992922814
ARG,2013,14.7643699932772,3.31,8.9,10.795449977893,1928.54922885127,44.9219312381015,13946.0950832252,24.0058814423072,29.3339290021037,17.3057789012596,91.3014507719473,75.829,15.5598387102668,98.8642047608292
ARG,2014,13.9500593062949,3.4,9.8,10.7138185179907,1911.61727736839,44.1959177327355,13456.1319159151,24.2773944936602,28.4067936452275,17.2628810064651,91.3975345472954,76.268,15.7212073709481,98.9232481866542
ARG,2015,14.6245514656634,3.36,9.4,10.6321870580884,1919.75859208058,44.1239360687546,13679.6264980954,23.153056135905,22.4862260889792,17.0707048841583,91.4923019108628,76.6,15.8867142423877,98.9823076742804
ARG,2016,14.2700594540808,3.41,9.4,10.6003968297469,1889.87018853289,43.4324236577764,13265.8860639123,22.0541072112108,26.0938878488799,17.6632278606203,91.5856817228217,76.105,16.0413905118958,99.0413738458383
ARG,2017,13.9690174802422,3.32,10.4,10.5598368832422,1874.82963739464,42.9825761047104,13520.1129846159,21.782123219335,25.2896011376779,18.2125671747754,91.6776028433824,76.543,16.1833799224611,
ARG,2018,14.1850800443346,3.31,10.5,10.5203731515078,1806.77623499039,42.3613927774063,13058.3285449954,23.7195923321304,30.7625359549926,16.6138850156371,91.7679941327998,76.77,16.3171137395905,
ARG,2019,14.3996238920365,3.35,10.7,10.4801786099266,1777.41507710553,42.605848671205,12706.3978108968,23.1578477391434,32.6306150458499,14.2100303992191,91.8567844513802,76.847,16.4335255363231,
ARG,2020,14.9081737974407,3.46,9.8,10.4407148781923,1623.92450833523,43.0004859885482,11393.0505957877,22.4088763711802,30.203698807416,14.4151557410245,91.9439026594897,75.878,16.5133665121004,
AUS,2008,7.30082270505242,5.38,6.8,16.9219764914153,5951.19291532561,50.6733660492301,53497.275355342,25.5090768525458,42.7522207880308,28.5401924147253,86.0253816967666,81.3951219512195,2.76599442875181,99.8425531204552
AUS,2009,7.40826124625286,5.28,7.1,16.8924540827617,5843.93312947132,50.0184840477461,53430.5274781651,26.9775545923991,45.5936120867789,27.2762472195114,86.1278139101818,81.5439024390244,2.8235883784804,99.8636787110095
AUS,2010,7.44515168368333,5.17,8.2,16.862931674108,5762.9435664152,48.9920987204353,53768.349733441,25.108230070574,40.3905070860606,26.697693257066,86.2198600512143,81.6951219512195,2.86785858401781,99.8831426844635
AUS,2011,7.32070663499973,5.06,8.3,16.9553102586465,5698.65597309349,51.5628132199992,54296.2321324814,26.461435749675,41.7219860149689,26.3824449207632,86.3268946146423,81.8951219512195,2.90798641031983,99.8919671201613
AUS,2012,7.53280029437137,4.82,8.3,17.047688843185,5533.72233837943,50.3854314463116,55465.4462872577,26.3333149596521,43.0198495527558,27.6233466177263,86.4451259136625,82.0463414634146,2.95920036968095,99.9007717329478
AUS,2013,7.4331406197536,4.79,9.2,17.1400674277235,5533.38146350965,48.3937102169923,55966.1509270561,25.1836151421438,41.100511881056,27.7570773936691,86.5740515760243,82.1487804878049,3.01057352615753,99.9095874586183
AUS,2014,7.38760302103561,4.64,9.3,17.232446012262,5407.4382264583,48.7383986566523,56571.8062524437,25.5698594984676,42.2993095385282,26.6111234581966,86.7221289343356,82.3,3.05581479504836,99.9614825180861
AUS,2015,7.18466162026884,4.53,9.4,17.3248245968004,5318.66679266228,45.3144240657095,56970.3613028094,23.6861098353126,41.4947506939901,26.1669365772477,86.8778642539361,82.4,3.10011259648803,99.9700064923964
AUS,2016,7.20069562395068,4.4,9.6,17.4254877132405,5216.98867184459,44.5399257932247,57632.9995925594,22.3130168026382,40.813402217321,25.3483902403269,87.0166295249235,82.4487804878049,3.14493553058884,99.9699685481919
AUS,2017,7.4285359593217,4.46,9.9,17.4229136169693,5162.45894302308,48.3406179391109,57991.771347333,23.4479311698975,42.0354135251854,24.0798824498086,87.12809266445,82.5,3.19715601363491,99.9699329598972
AUS,2018,7.74121920379958,4.37,9.8,17.4213145571644,5086.37378454852,46.6580950127535,58772.7063152213,24.1083351497002,43.5732253645218,24.5546475824653,87.2267680845925,82.7487804878049,3.24534491589985,99.9698940747082
AUS,2019,9.33099031566264,4.36,10.3,17.4213145571644,5231.57466031316,47.1237724290889,59181.2997904131,25.2555129054284,46.0016827052171,23.2971815966264,87.3019647888406,82.9,3.29365056253104,99.9698532048744
AUS,2020,8.25171746070811,4.44,11.2,17.4213145571644,5159.03638381788,46.2524798427461,58377.7670517802,25.402839408227,44.499564103879,22.3449300806534,87.2713470458985,83.2,3.33452695130798,99.9698157102474
AUT,2008,16.6393158749523,3.15,29.7,46.7545807077072,4027.90556617748,34.0450799806108,44063.8642019916,27.4122024469169,102.7437043613,24.7047623915806,67.0435560819078,80.4317073170732,100.842171594765,99.9999991552281
AUT,2009,16.1746160256084,3.12,31.3,46.7849491032477,3819.49986886808,33.8705768298594,42372.4758254763,26.2777017438174,87.6004931021953,23.0148012049122,67.0705895694924,80.3317073170732,101.106677169171,99.999999017009
AUT,2010,15.9865901400578,3.26,31.1,46.8153174987882,4065.04189639106,33.6791080950073,43035.4073531933,26.0396419655738,99.6448825546716,22.8592812354211,67.1047429254747,80.5804878048781,101.350024236549,100.0
AUT,2011,16.3676317593698,3.07,31.6,46.8589190499273,3927.58256477323,33.413717886573,44146.1956805294,25.8570853999006,105.775098372378,24.3521600435893,67.1484255415056,80.9829268292683,101.692232186137,100.0
AUT,2012,14.7199011900978,3.04,34.4,46.9025206010664,3899.1648418957,33.1459040232671,44221.4599530893,26.009804939464,105.840791389706,24.2558827220405,67.2085909812279,80.9365853658537,102.156943771207,100.0
AUT,2013,14.6599487004805,3.08,34.6,46.9461221522055,3924.82135403554,32.9180804653417,43851.3675497404,25.9697730865151,104.985374015367,23.9413047862951,67.2981308784247,81.1365853658537,102.760821619001,99.9999971905454
AUT,2014,12.9541454673827,2.95,35.7,46.9897237033446,3750.34480080041,32.8914202617547,43838.8345892137,25.7857017006482,104.49673998926,23.848669034824,67.4154327591781,81.490243902439,103.567086766844,100.0
AUT,2015,13.5999635409,2.99,34.8,47.0333252544838,3795.51037374619,32.9429229277751,43915.228020857,25.5152402246539,103.11758174626,24.012126686949,67.5576175537383,81.190243902439,104.734597673291,100.0
AUT,2016,12.5143795701306,2.96,34.6,47.0769510421716,3797.16802222945,32.3578526417838,44362.6702805116,25.9124691845374,101.573494597172,24.4571707244108,67.7218061923556,81.6414634146342,105.873339796413,100.0
AUT,2017,12.1557592255042,2.95,34.0,47.1204556471159,3839.94805232106,32.1694134755211,45056.6385912412,25.8023213025638,105.556066755438,24.9780618382281,67.9051196052802,81.6439024390244,106.61131846825,99.9999980909991
AUT,2018,12.5861934480679,2.8,34.1,47.1639602520601,3717.62532112148,32.1477217644207,45951.5819164034,25.7190926354333,108.377969971828,25.8982762235252,68.1046787227623,81.6926829268293,107.131858943286,100.0
AUT,2019,11.4645937760057,2.81,34.0,47.1037324285022,3765.98011899602,32.1280901599612,46550.5622459492,25.5363771006496,108.207284904426,25.5090080970816,68.3176044750522,81.8951219512195,107.609306834707,99.9999997360902
AUT,2020,10.9335136815146,2.84,35.8,47.137905962191,3546.50449865153,31.5398121667475,43428.6983137234,25.6544867826211,99.9482141095975,25.6530737541266,68.5410177924001,81.1926829268293,108.057004362579,99.9999975918171
BEL,2008,17.2072058698858,4.67,4.0,22.5944021362872,5425.00683224834,45.0103847295025,40380.9075004042,21.59544849636,161.088447790447,25.9367703303917,84.427037120012,79.6804878048781,353.079912966077,99.9999989331379
BEL,2009,17.1233922372982,4.58,4.9,22.6688095473577,5161.34227289199,44.9543401575841,39293.637546825,20.4890564622648,135.13840572229,22.0264057475968,84.7025801085014,80.0341463414634,355.932252002769,100.0
BEL,2010,16.9737148284819,4.79,6.2,22.7432169584281,5510.36842215322,44.6938977351399,39991.5646206286,20.6595926026257,150.162563621427,22.3942744569467,84.9719309583717,80.1829268292683,359.199090099891,100.0
BEL,2011,16.3662739599691,4.39,6.7,22.7394586753701,5063.16739563614,44.0345498302179,40236.9596308558,20.7514599517248,160.765516888126,24.4795580355563,85.2349607044689,80.5853658536585,363.902812118814,100.0
BEL,2012,15.2150084633195,4.17,7.7,22.735700392312,4822.68880223172,43.9125704678073,40074.492800399,19.9956487544689,160.383301425059,23.5882360674433,85.4915403816388,80.3853658536585,366.166617215574,100.0
BEL,2013,14.3697873081768,4.33,8.3,22.7319421092539,5000.34617077523,44.0609237464148,40007.8997891411,19.9151935690442,157.573622782434,22.7089453730117,85.7415410247275,80.5878048780488,367.896581281113,100.0
BEL,2014,12.9003587052878,4.02,9.1,22.7281838261959,4701.25771608477,43.8894932911351,40533.9135027898,19.6190570732838,158.571610953523,23.2582959776352,85.9848336685807,81.2878048780488,369.533412455082,100.0
BEL,2015,13.3390429399775,3.93,9.4,22.7244255431378,4661.66376202285,43.7807008868229,40893.804537772,19.4767746872729,155.068682045926,23.3223676294346,86.2212893480444,80.9926829268293,371.680875614018,99.9999977589531
BEL,2016,12.3939007132505,4.11,9.2,22.7244255431378,4904.15770755315,44.5323574984341,41172.8862831209,19.0981057822176,159.057696611945,24.1815766017974,86.4507790979645,81.4390243902439,373.567467774371,99.9999981505316
BEL,2017,12.7691577876359,4.02,9.7,22.7244255431378,4863.63280171736,43.7477334915768,41619.328629169,19.1545604130921,166.904078237791,24.3318331321638,86.6731739531869,81.4926829268293,375.009329772855,100.0
BEL,2018,12.4925874999047,3.8,10.7,22.6051880759519,4660.20692893781,44.403633620831,42208.3625650272,18.9641251486969,168.277692877218,25.5515767637203,86.8883449485575,81.5951219512195,374.74351490506,99.9999964912518
BEL,2019,11.2143791835506,3.83,10.2,22.604446776415,4775.95747475268,44.4677641503247,43006.4042308863,19.2417105698694,165.46547893199,24.6756822316808,87.0961631189222,81.9951219512195,376.761985964452,100.0
BEL,2020,11.2160664677018,3.71,12.3,22.604446776415,4386.43050829817,44.7500918213419,40769.0218072962,19.0811705163268,156.950121282783,24.068567845367,87.2964994991269,80.6951219512195,378.38932248967,100.0
BGD,2008,46.4359542477712,2.33,45.2,14.5558830759776,180.396452212736,71.0839671199201,866.45815762135,24.7270013036793,42.6209140325589,26.2022714003991,26.87206041368,67.047,1148.30040715987,96.0698868772065
BGD,2009,43.417784301366,2.33,43.1,14.5313098256127,187.659357547152,71.0301912883153,901.729626251937,25.2955721814431,40.092796223023,26.2060570157536,27.3111249057412,67.527,1159.05134823692,96.2680515706038
BGD,2010,42.1588186962047,2.32,40.3,14.5067373434739,195.590116597033,70.9917799800261,943.66422864236,24.9564767264585,37.8028426708321,26.2466561760577,27.7254372588696,68.009,1169.25544288238,96.4638392169857
BGD,2011,52.2951110557553,2.25,38.4,14.4991441960513,200.299626883527,70.1236844126911,995.579947155662,25.0452996007551,47.4208498356898,27.4209733686034,28.1100162712427,68.499,1179.92683413997,96.6571382365005
BGD,2012,65.1638389348551,2.21,37.3,14.4915510486287,208.040539602777,70.0622263194284,1050.39140404066,25.3099593902625,48.1109227490467,28.2623350097187,28.4787972894576,68.989,1191.28909118845,96.8477733718652
BGD,2013,64.3758949024465,2.22,37.0,14.4839579012061,218.935059190067,69.9700391795345,1103.15695907123,26.3070701636507,46.2964027228174,28.3896207536466,28.8407036106763,69.487,1202.52086502266,97.035648544406
BGD,2014,68.3283645116627,2.16,35.4,14.4763647537835,224.107149946033,69.900898824614,1159.40753475981,26.3110467833576,44.5140801968096,28.5778757115563,29.1944442321013,70.016,1213.52791733886,97.220803624287
BGD,2015,64.1084295201163,2.17,33.1,14.4687716063609,237.713163558492,70.3867250518553,1224.38647668165,26.8313948329541,42.0859963070382,28.886689247008,29.5395099477892,70.543,1224.42328493508,97.4031438216165
BGD,2016,63.6784141329752,2.2,30.2,14.4687716063609,255.923548835134,70.6323269570562,1299.83091360792,31.0691513830358,31.3341501346142,30.2397639179985,29.8753915517965,71.075,1235.3993393255,97.5826981722131
BGD,2017,58.3439766448258,2.12,28.1,14.4687716063609,260.880286120411,70.5794729968503,1373.75363740186,31.2482919641603,29.9997306724343,30.9468731155675,30.2015798381799,71.606,1245.95641852962,97.7594255729943
BGD,2018,59.513577848333,1.96,27.0,14.4687716063609,257.873889464682,70.694476453868,1462.25050255713,31.9828135899766,32.5146317240884,31.8225747704431,30.5175656009959,72.122,1256.22726434662,97.933316165493
BGD,2019,50.3645265388691,1.95,26.1,14.4687716063609,273.340023331257,72.1902127986479,1564.20802445636,32.8525491977868,31.5780544912404,32.2137331126266,30.8228396343012,72.625,1266.90523930245,98.1043633059551
BGD,2020,42.3813762359965,1.9,27.2,14.4687716063609,272.076572071717,72.4437274333564,1604.6659234742,32.9115650824449,26.271447376215,31.3079413414304,31.1168927321524,71.421,1277.54493354844,98.2725719690138
BRA,2008,14.9351326747822,3.87,47.0,62.1528569753558,1317.23578420454,27.5650563402862,8330.76364001877,23.0852937521799,27.2575694165953,21.6193828522601,83.8036050557184,73.111,22.7762758221327,95.9378940948521
BRA,2009,14.8598600083774,3.74,48.9,61.6801692721108,1262.10043812649,27.6512956231889,8246.09612122851,21.8785926263801,22.1059756060711,18.7961350295102,84.0698380333651,73.457,22.9811837322658,96.2074114306889
BRA,2010,14.9274921822751,3.85,46.8,61.2074815688658,1384.36896688389,27.7375349060916,8792.63334959864,23.2679773548596,22.7721781132208,21.801321557926,84.343846036308,73.779,23.175243415401,96.4709800912933
BRA,2011,15.539471795948,3.75,45.2,61.023328156743,1390.00783643031,27.8237741889942,9067.99212019529,23.1020509677218,23.9344051765103,21.826271117187,84.6225758599683,74.047,23.3646162902273,96.7300307300568
BRA,2012,14.6007414104339,3.82,43.5,60.8391747446202,1433.15306444735,27.9100134718969,9167.49818450433,22.1336473645034,25.1142736103322,21.4172253693275,84.8973874181312,74.335,23.555014752086,96.9831894902775
BRA,2013,13.8897320409453,3.88,42.3,60.6550213324974,1487.45745839708,27.9962527547995,9366.73824670239,21.2248099504522,25.7859573281452,21.6937669560679,85.1676585442726,74.609,23.7467066835444,97.230310353602
BRA,2014,13.7916487838641,3.98,41.7,60.4708679203746,1522.42189026812,28.0824920377022,9338.34170840985,20.4724627475115,24.685405813292,20.5484107558184,85.4331367898168,74.823,23.93895376244,97.4719067025274
BRA,2015,12.4042007642389,4.05,43.7,60.2867384370207,1482.02057858653,28.168707391836,8936.1955889444,19.3600439809564,26.9536259372369,17.4116258667237,85.6935697061881,75.106,24.1292359304821,97.7078492139171
BRA,2016,12.1085038135727,4.03,45.4,60.0710205859198,1414.8979311951,28.2549706035075,8577.84277969667,18.3547582770536,24.5336820770756,14.9695469727335,85.9487048448108,75.081,24.3137963709629,97.921760549945
BRA,2017,12.2193388464901,4.06,45.3,59.8329293359527,1431.95949698072,28.3411141713348,8628.25209645723,18.1885023085758,24.3197343741684,14.6255875977741,86.1982897571091,75.383,24.4915070817191,98.1978808317894
BRA,2018,12.2516401526844,3.93,46.9,59.7083800941358,1403.40232453429,28.338218790305,8722.33529970988,18.7490514527988,28.876203376153,15.0950416297894,86.4420719945072,75.633,24.659465024515,98.5580120515387
BRA,2019,12.3488400923542,3.95,47.5,59.5585860011916,1415.83477031974,28.3353473380441,8771.43950372603,18.7546275724707,28.8902578697354,15.5167908016709,86.6797991084296,75.809,24.8207686159839,98.773134154073
BRA,2020,12.1793252040724,4.0,50.0,59.4174780513368,1379.24649914162,28.3324758857832,8435.01046209185,19.5061183897524,32.3020785443492,16.1158206044059,86.9112186503004,74.506,24.9649852718428,99.0720677672897
CAN,2008,8.66701975000882,7.29,21.6,38.7501728274436,8098.35289361915,6.62890005008036,42067.5687072607,29.3420195046589,67.0236083618983,24.0725027760344,80.6628944916604,80.7246341463415,3.70832237476842,99.3013182064874
CAN,2009,8.21952738825148,7.23,22.2,38.7448217016393,7696.33407281264,6.56465441761223,40376.4153847836,25.0760182112778,58.4743918224897,21.9594942895654,80.8591838893921,81.0660975609756,3.75101571675707,99.235861272703
CAN,2010,7.79521960926122,7.02,21.4,38.7394705758349,7660.75452103288,6.50040878514409,41164.3399119626,26.3511331619895,60.2081215044483,23.4820046985497,81.0120892252937,81.3221951219512,3.79293521117963,99.1700909228102
CAN,2011,7.37287638245787,6.96,21.5,38.7348640747569,7716.24822782698,6.43568354118357,42043.6419795513,27.1393405983891,62.4987387708328,24.1514534714945,81.1031425434213,81.4826829268293,3.83011279793076,99.1038601959252
CAN,2012,7.58558915249491,6.88,21.8,38.7302575736789,7637.78487245197,6.44363616895263,42320.6431330726,26.6346687974256,62.5955489395005,24.867543598009,81.1513483248791,81.6636585365854,3.8718472515473,99.0365046606561
CAN,2013,7.26096632331949,6.86,22.2,38.7256510726009,7668.79466344868,6.45155533545478,42851.170527104,26.6132351758366,62.2310749013405,24.907675073032,81.183439957458,81.7448780487805,3.91284812265562,98.9690828452765
CAN,2014,7.38092988336422,6.84,22.2,38.7210445715229,7780.1475931021,6.45947450195693,43643.2356440047,27.1379424601872,64.3786621564923,24.8707076104681,81.211183161556,81.7843902439025,3.9522291338328,98.9015865745503
CAN,2015,7.11576183142395,6.75,22.3,38.7164380704449,7690.40816617685,6.46750520601544,43594.1941045394,24.4156825468916,66.1649020669781,23.8215933948339,81.2465670276699,81.8258536585366,3.98239245827659,98.8340306892804
CAN,2016,6.40675155079521,6.96,22.1,38.7120133755838,7944.50789345873,6.47475514717938,43551.3425975115,23.2953005455848,65.3636845215556,22.7611201594839,81.3023011093703,81.94,4.02771072511681,98.7664020547712
CAN,2017,7.04492025305158,7.03,22.8,38.7078876013737,8175.19037647623,6.45441069689781,44339.3886689254,24.0278028870792,65.1010608504649,23.5504692286096,81.4018945832226,81.8129268292683,4.07614836279598,98.6987271756663
CAN,2018,7.09175111254794,6.94,22.3,38.7037629425392,8161.77967501099,6.45681990811536,44907.3436912123,24.6223059554353,66.5998858508762,23.3773111619236,81.5500341646653,81.8087804878049,4.13498944297029,98.6309996680104
CAN,2019,6.22680169266749,6.86,22.4,38.6996371683291,8125.58121311618,6.43435624426279,45100.2915069262,24.0774078769413,66.1714852804959,23.0424241743147,81.7363672047941,82.1636585365854,4.19587500655283,98.5631782582907
CAN,2020,6.56566994375263,6.73,23.9,38.6955125094946,7495.07932297849,6.37073522211031,42366.1285377884,22.4516173195,61.1567709632763,22.6747176119532,81.9509888710566,81.5351219512195,4.24162135453439,98.4952442433058
CHE,2008,13.4985437713066,2.19,19.6,31.0522573251862,3480.20255913467,38.9991102489111,82481.0680560935,25.9463011401392,116.778000147488,27.4120262151199,73.5482927401305,81.9926829268293,193.541360670795,99.9999971629862
CHE,2009,13.3223791944562,2.25,20.0,31.1502627536125,3460.61144395548,38.9154514632651,79585.5216989959,24.7427872310642,109.775984598968,28.3419894943657,73.5741230920283,82.0439024390244,195.977767173332,100.0
CHE,2010,13.2556694848526,2.12,20.6,31.2482719393317,3323.41218501892,38.8328388786286,81315.4228307049,24.6945258729978,120.065123269341,25.8955591965806,73.6086716419323,82.2463414634147,198.032658685794,99.9999991015242
CHE,2011,13.864731836329,2.01,20.6,31.3357558163813,3181.06687778874,38.7502111350433,81874.3362425008,25.031526472453,125.556273159907,28.4924187348254,73.65058748615,82.6951219512195,200.249864435738,99.9999978036397
CHE,2012,12.6827485821719,2.01,21.9,31.4232415506488,3175.97090168674,38.6676558338134,81964.8864937809,24.603891133013,126.453860464505,26.66022900376,73.7522629583622,82.6975609756098,202.390548012367,100.0
CHE,2013,12.4432960759198,2.05,21.8,31.5107315281037,3274.49948136129,38.5853758563219,82479.9215677304,24.7022127251447,133.693708414477,25.1549339552027,74.1121384785551,82.7975609756098,204.734336607627,100.0
CHE,2014,10.6156284957703,1.88,22.2,31.5982233630178,3031.17447656808,38.5028064078332,83394.3712888211,24.323915072693,120.213423375239,25.5531960420311,74.7402679059582,83.1975609756098,207.250751433234,99.9999983307103
CHE,2015,11.7226082380351,1.81,23.9,31.6857178507946,2927.96015319396,38.4205685464246,83806.4476003837,24.2011258209806,117.138482218872,25.0748632817703,75.6044960143169,82.8975609756098,209.626620751132,100.0
CHE,2016,10.6566460014216,1.72,24.1,31.7732664163142,2819.83095943189,38.3386607265115,84611.0998672721,24.0899792080479,123.565924513577,25.561928395454,76.6726675773771,83.6024390243903,211.931572125581,99.9999985540874
CHE,2017,9.91481464472654,1.71,25.0,31.8603337971021,2809.47945669194,38.259882464098,84967.5886498224,24.2176943229599,123.621807602301,26.0443143419626,77.9126273688843,83.5512195121951,213.918480127503,100.0
CHE,2018,10.1481592849367,1.67,24.2,31.9474011778901,2806.4991558403,38.1824051503393,86756.6022327472,24.4239571771375,124.428504325808,25.7344532320312,79.2922201625844,83.7536585365854,215.500094533915,99.999997064468
CHE,2019,9.45001875443382,1.69,24.8,32.034468558678,2857.15819180217,38.1050341397781,87123.6604234257,24.7211591296094,124.127612180467,26.4377929043745,80.7792907322229,83.9048780487805,217.042781721823,99.9999991347299
CHE,2020,9.06104968621636,1.65,26.4,32.1215359394659,2690.39023280182,38.0271063029444,84637.0132935333,24.8279156756116,121.785977998371,29.5787498388343,82.3416838515457,83.0,218.63446962171,100.0
CHL,2008,23.2503096478062,3.81,30.8,22.2500443827569,1801.2828820239,20.7361278330993,11356.0922105983,31.9839914243068,80.6766262406468,28.8969424712342,86.8765769429469,78.752,22.6472942657478,97.3561722018665
CHL,2009,22.3832902070972,3.75,31.5,22.3721911094613,1735.83895157902,20.3137863602374,11116.4093443103,31.8892011542261,66.6860309631418,22.920007922655,86.9124897308683,78.89,22.876931994857,97.4691378531682
CHL,2010,22.0329948919966,3.7,27.0,22.4943378361658,1795.6817303266,19.7952795575712,11649.2897090856,33.4669030156191,69.7176801370338,24.775467656778,86.9560135592209,79.095,23.107901206673,97.5812457914008
CHL,2011,22.8717891996678,3.8,28.8,22.7285765777398,1937.32339633854,19.3910934566367,12252.8441074615,32.4417542348483,72.4816428077334,26.6462967159419,87.0109164653326,79.236,23.3370130673596,97.6928032000078
CHL,2012,21.9147180810935,3.96,30.3,22.9628153193138,2123.49178972428,18.8793126590382,12882.834417927,30.5583003272184,68.156142891334,28.7913494665394,87.0824943735696,79.221,23.5620242302954,97.8035215361194
CHL,2013,23.7625028118101,3.97,30.2,23.1970540608878,2177.50491871487,18.4482291279999,13182.7329619856,29.4304373078105,65.1432879523879,27.4969587973855,87.1827777654221,79.551,23.7878208335351,97.9135421057834
CHL,2014,23.0317537681692,3.52,27.0,23.4897141198213,1946.21181666587,18.0003149864236,13285.9540361192,28.9028670653185,65.6346281218887,25.1580934170755,87.3133701497978,79.714,24.0860324163393,98.0228724170245
CHL,2015,24.2782298076617,3.52,25.1,23.7245368895995,1968.30286182049,17.5651877090955,13433.9202987032,27.8806404106495,59.3491104775309,25.5994379460368,87.4653320342387,80.008,24.333348398175,98.1315104153015
CHL,2016,24.2218424802596,3.68,24.6,23.8708420449261,2070.46958170364,17.0258627541733,13505.097711133,26.7795650481896,56.0578610877723,23.7087902931288,87.6306290578181,80.295,24.6093854617587,98.240006839884
CHL,2017,23.4116041349236,3.68,24.1,24.0364518962995,2065.97571745805,16.5754635041584,13473.3458532934,27.3811560671383,56.0261589675707,22.6366699629063,87.8000295757281,80.61,25.002288872834,98.3483784150021
CHL,2018,23.0512130318909,3.61,25.5,24.2020617476728,2067.9764736837,16.0160767248496,13763.0068844795,27.8615227739821,58.177050633437,24.203078424347,87.9620493753008,80.559,25.4526848895971,98.4565155199366
CHL,2019,22.7323927701622,3.79,25.3,24.3497974857398,2154.35451877758,15.435346965027,13630.5935435578,27.1184422429165,57.6117545680829,24.9390098912825,88.1273685623538,80.324,25.84400416762,98.5642151245882
CHL,2020,23.2750668049145,3.68,26.7,24.5152454733888,1946.16760616995,14.9026289456383,12679.024004022,29.8295676046618,58.1828635629748,21.0582071011998,88.2953490438375,79.349,26.0767352343796,98.671391193466
CHN,2008,48.6560235019206,9.21,14.1,20.8653616938384,1629.97754209383,56.2006719746855,4811.47471804961,46.2364191302482,56.7111330003209,41.9607249432501,46.9895057678223,74.833,141.097705219827,86.9310466925724
CHN,2009,47.7093306057335,8.98,13.4,21.1168450517356,1728.61645229501,56.2639250438662,5237.76666540352,45.1788587231356,44.4197644331119,44.9282638913962,48.3417053222656,75.317,141.801244134798,87.6756600660426
CHN,2010,47.4765519945183,8.96,12.3,21.3683288541342,1899.79996108685,56.1834730812931,5764.86534987407,45.7066207106778,49.8540722338977,46.1023443345586,49.2340270628041,75.668,142.487743405,88.3938119002149
CHN,2011,51.34994369566,8.78,11.3,21.574627370433,2027.46525356855,56.1036602181182,6275.90956436258,45.8002054108107,49.9458272253643,46.2703012824496,51.8300285339355,75.889,143.268509836432,89.0737896182727
CHN,2012,48.1207251131123,8.43,11.5,21.7809258867318,2085.21872095825,56.0235278052443,6723.19443752823,44.6820698165478,47.4802130784317,45.8169211701107,53.1003112792969,76.2,144.243669001474,89.7224776817502
CHN,2013,58.4662215596184,8.08,11.5,21.9872244030306,2137.32572690907,55.9433953923703,7198.06876478162,43.3938707801605,45.9160413795571,45.9224093546636,54.4900016784668,76.452,145.207643927049,90.3447948783421
CHN,2014,54.5688342973092,7.71,11.9,22.1935229193294,2177.55011435267,55.8632629794963,7686.57792954381,42.2827157791092,44.0684564812532,45.3115352657107,55.7502555847168,76.714,146.125816729087,90.9415850511528
CHN,2015,50.832537964484,7.24,12.2,22.3998214356282,2175.1544486832,55.7831305666223,8175.33285077393,40.0475902161032,38.6971848362625,42.7349872564364,57.3297843933105,76.975,146.977949259981,91.5125864728114
CHN,2016,46.8324682508133,6.74,12.6,22.6305120997506,2149.2047500244,55.7030573453299,8679.37704460133,38.811156093921,36.177170692978,42.1386166189127,58.8399238586426,77.214,147.822641376791,92.0580332231986
CHN,2017,45.8369336166997,6.54,13.1,22.8306567492632,2215.91139022057,55.6228503623161,9221.51403820573,39.129944350895,36.95085261586,42.5497375507577,60.2402687072754,77.235,148.720043543977,92.577308673558
CHN,2018,40.2663875187565,6.42,13.5,23.0309079153534,2310.87757050979,55.54274989588,9798.6528523316,38.9777001747097,36.8943843914718,43.313827489682,61.5001983642578,77.709,149.417194545073,93.068663255545
CHN,2019,37.5475753654351,6.33,14.3,23.2311590814436,2397.96868908473,55.462649429444,10356.4804194995,37.7642333162735,35.1994202738836,42.6695374085222,62.7099151611328,77.94,149.948179684945,93.5326999183951
CHN,2020,34.8105237153218,6.4,14.9,23.4313037309562,2465.96954605987,55.4526368711394,10573.6420059282,36.9115624066306,34.0389507864581,42.5723735094229,63.5234230266258,78.019,150.305542803154,93.9705270769772
COL,2008,19.6051288373421,2.47,30.8,55.1539720594863,691.923098284556,38.408292023434,5048.57187245249,32.1310911250351,39.1676494164355,23.7209214485662,76.4596761810047,74.206,39.4401153672826,93.314014699102
COL,2009,19.284699802258,2.54,31.4,54.9802262280306,714.941179061526,38.3415953132041,5046.97121757727,31.2470343359106,35.1561285074585,21.9875830884376,76.5964145836792,74.531,39.9022451554754,93.5897587496726
COL,2010,19.1642899222037,2.39,30.6,54.806480396575,700.696762170174,38.3082469580892,5214.24547620131,31.3713561004301,34.2646031687681,21.8887622688674,76.7232975672119,74.876,40.3581063542136,93.860299409895
COL,2011,20.5518377125816,2.29,29.6,54.6851410545291,710.261245359868,37.603424966201,5517.1011086899,33.3021551703249,39.4704235545367,22.9955914400596,76.839003613206,75.18,40.7928021631365,94.125708214804
COL,2012,18.1430860286647,2.13,29.6,54.5638017124831,681.235570018512,38.411536728256,5675.75617978305,33.4055006173979,38.835151018669,22.1046440622529,76.942211203265,75.611,41.2039747634069,94.3863166731145
COL,2013,18.9282488611578,2.66,32.0,54.4424623704371,881.628352144932,40.392609283461,5910.80592301166,32.7475552904174,37.9866487978457,22.1825448506007,77.0315988189922,75.834,41.5967408742677,94.6419721075512
COL,2014,18.33821147907,2.58,32.1,54.3211230283912,885.243525415168,40.3785488958991,6121.83982019825,30.9858527230854,37.4874656411103,24.0033136584861,77.1058449419909,75.95,41.969742226228,94.8927542496252
COL,2015,17.6079787372288,2.53,31.1,54.1997836863452,887.262025874734,40.3644885083371,6248.51490534512,28.5894478881361,38.3607641184453,23.7736922946916,77.1636280538646,76.067,42.3343307796305,95.1389846235131
COL,2016,17.312215487627,2.57,30.5,54.0419017575485,910.977529760876,40.3504281207751,6316.07067782542,27.689162311787,36.202652984202,23.1674195572494,77.2036266362166,76.228,42.7557566471383,95.3807152978726
COL,2017,17.2528522521135,2.43,32.2,53.8438666065795,859.140165402896,39.195132942767,6309.67745292518,26.8148589146209,35.2829149424588,21.5993768407696,77.2245191706503,76.418,43.3808724650744,95.6178346039203
COL,2018,16.0492875724803,2.28,30.4,53.6642451554754,816.327425217962,39.7007661108607,6353.5464285392,26.8954667535946,36.5347527968973,21.1954755611258,77.2804816598084,76.579,44.1860883280757,95.8504284105736
COL,2019,14.5158658042874,2.42,31.5,53.4846327174403,889.78306823908,39.9765660207301,6439.96359812647,25.993426836769,37.558533980839,21.3806095458027,77.4595528518377,76.793,44.9824109959441,96.0785830726848
COL,2020,14.1832514905064,2.44,32.0,53.3050112663362,810.052298592826,39.8467278954484,5891.95523215403,23.439238595813,34.0555709680101,19.1281469366662,77.6382533537045,74.757,45.6331653898152,96.3025836876793
CZE,2008,21.402710346385,5.26,9.0,34.35217503884,4360.02770432797,46.2404194717763,17190.6470333289,33.6216094655094,123.904809929948,30.9994095449633,73.4655517409377,76.9756097560976,134.445921802175,98.2381464447503
CZE,2009,21.0536085197657,5.19,10.2,34.3781848783014,4077.69663054804,45.907172449508,16272.8084766719,32.9918730301951,113.049254784875,26.3978882297703,73.4084890302159,77.0780487804878,135.214085965821,98.2763785982176
CZE,2010,20.907069022985,5.37,10.9,34.4086494885407,4308.57118358445,45.6289006862618,16665.9317825137,32.7825374564339,126.756480116798,26.7312876523202,73.3495599222723,77.4243902439025,135.626181535673,98.314633387884
CZE,2011,21.0141184753393,5.08,12.2,34.4371617247184,4144.39895277279,45.3714877638224,16926.2846674435,33.3153047782183,136.750855542438,26.6053370220652,73.2878338394746,77.8731707317073,135.90687556649,98.352878485221
CZE,2012,19.2882808825023,5.09,12.8,34.465673960896,4109.54462324211,45.6544089084553,16772.3539223328,32.6118775656289,145.480195396935,25.6688421143623,73.2249239592898,78.0756097560976,136.097177262722,98.3922881866856
CZE,2013,18.9336384922511,5.09,13.9,34.4986531986532,4110.99172821634,45.5969955969956,16759.7808635642,32.3750644937133,145.502230624961,24.3768606031502,73.1622186934979,78.1756097560976,136.159958559959,98.5339609286439
CZE,2014,18.3617483140192,4.83,14.8,34.5271691271691,3984.15406100189,45.5322455322455,17118.0425571578,33.5256056944841,156.415122826886,25.3494353917128,73.0995921041469,78.8243902439024,136.30337995338,98.7302061350028
CZE,2015,17.8128111083862,4.59,14.8,34.5601606009584,3982.18836315647,45.2532055433234,17931.5987670768,33.515061761941,154.018400997633,26.9686249210792,73.0370442874355,78.5780487804878,136.589288952208,98.7304761661286
CZE,2016,16.9928991704268,4.43,14.8,34.579070068644,3927.72515918366,45.17549540215,18359.0978103904,33.0261220764687,148.547004664435,25.0750046974725,72.9745753395623,79.0268292682927,136.851858567543,98.7307511669182
CZE,2017,16.9432784272519,4.39,14.5,34.6025126278979,4089.51341285553,45.6029011786038,19257.6930680911,32.2345069182507,147.750834854762,25.0897410946251,72.9121853567256,78.9780487804878,137.21587877218,98.7310570576695
CZE,2018,17.3467438168398,4.26,14.7,34.6259551871519,4081.41868670154,45.628804558995,19736.6295261285,31.2449402120943,145.141717890789,25.6426079021172,72.8498744351241,79.0292682926829,137.675534257221,98.7313948988611
CZE,2019,14.2336874017967,4.07,15.9,34.6514173213048,4002.2461173426,45.6399997409511,20360.0599221814,30.8172927602906,138.154609993871,26.171850655873,72.7876426709563,79.2292682926829,138.226810266108,98.731767831264
CZE,2020,14.1110711384133,4.06,17.0,34.6779919254939,3764.47161158552,45.6468665918898,19233.1469549829,29.6728490106408,128.780430305965,24.7302051809802,72.7254901604208,78.2268292682927,138.575928842168,98.7321788477487
DEU,2008,16.3766553966518,3.57,10.2,32.6936867165763,4081.87998694017,48.5356968706078,39009.8477636357,26.0432629920287,76.1131665945746,20.8867329914107,80.2459549084581,79.7365853658537,235.522178240542,100.0
DEU,2009,16.3143551208868,3.53,10.7,32.7113393190098,3821.62500577239,48.4380826711798,36940.4078672661,23.8380974911486,66.1391275757126,18.0064315128089,80.2745192417062,79.8365853658537,234.939637417171,100.0
DEU,2010,16.201690204245,3.57,11.6,32.7308718478354,4029.83085754355,47.9100324181656,38526.7371042695,26.0371435344861,73.8852351200263,19.5310600093299,80.305702559949,79.9878048780488,234.606908225034,99.9999997873648
DEU,2011,15.7161711583543,3.26,12.5,32.7375487720909,3891.87175356307,47.9659169153087,40722.4849268242,26.2795286339924,78.433002901442,21.2669872693317,80.3405762928198,80.4365853658537,230.304633348634,100.0
DEU,2012,13.9078592571706,3.27,13.6,32.7451655477133,3913.43920397127,47.8108681930338,40834.5088218456,26.5450401531822,79.3316495670315,19.4724714926695,80.393447520218,80.5390243902439,230.750625466231,99.9999983586453
DEU,2013,13.6633968189434,3.32,13.6,32.7189864709929,3986.18505186393,47.8588626461821,40884.8926759028,25.8779408891742,77.5860288576931,19.7883815690324,80.4732318400362,80.490243902439,231.155712565925,100.0
DEU,2014,12.2822480920893,3.11,14.0,32.7228432215535,3794.44720253102,47.9363714531384,41602.4661281668,25.9859539549736,76.8483516336234,20.139488753447,80.57574023743,81.090243902439,232.108053883634,100.0
DEU,2015,12.8253525089793,3.08,14.6,32.7323281545606,3780.85027551891,47.9590666743106,41929.7549110722,25.8737038512745,77.7565815686922,19.4978020945699,80.6974371632814,80.6414634146341,234.152986871524,100.0
DEU,2016,11.7806958987308,3.02,14.2,32.685482024273,3765.21799936242,47.6843370735058,42516.9337063103,26.1732405694774,76.0059902166055,19.7122567843741,80.8347870684725,80.990243902439,235.712929356538,99.9999994713636
DEU,2017,11.8978451129639,2.95,15.2,32.6845464693591,3763.19404182465,47.7631164667831,43543.4807050551,25.9754703565139,77.4548394742448,20.6909762954118,80.9842544038853,80.9926829268293,236.588722557747,100.0
DEU,2018,11.6526030992972,2.85,16.0,32.6836109680005,3659.22924485198,47.6415364359723,43905.8550061973,25.8506477811784,79.1252260463654,21.6503641494105,81.1423036204018,80.8926829268293,237.294012250272,100.0
DEU,2019,10.6378495266542,2.76,17.1,32.6826755201923,3570.88159282488,47.7002776267209,44235.2658954682,25.5415743169893,79.0732427175683,21.381259046499,81.3053991689039,81.2926829268293,237.822954291766,99.9999994577197
DEU,2020,10.2876894329414,2.69,18.5,32.6826755201923,3349.19931383762,47.4970663155786,42372.8726784255,25.2353421894561,72.9335327120137,21.7290304632077,81.4700055002738,81.0414634146342,238.017318755545,99.9999988416059
DNK,2008,13.3353192238882,2.76,18.5,14.5878,3502.69455323849,66.7,53572.5346568185,22.6089943597854,104.470310168489,24.0357328016323,86.583137512207,78.4463414634146,137.340525,99.9999973602883
DNK,2009,13.1551691176237,2.8,19.3,14.625025,3359.26672454922,65.85,50635.9118061988,19.8459601671915,89.3948566562728,19.0326255602397,86.7617653139929,78.5975609756098,138.077375,99.9999973124597
DNK,2010,13.0860050201498,2.87,21.2,14.66225,3498.02225565498,65.65,51209.4492757775,19.3679354644121,94.3877282319057,17.8221551141916,86.8652420043945,79.1,138.692075,99.9999962682703
DNK,2011,13.3556789508458,2.62,23.8,14.8532,3218.55317400981,67.25,51667.5313210425,19.8459237938884,102.012930474308,18.9874945831856,87.1567653955846,79.8,139.2643,99.9999977912366
DNK,2012,10.811456086122,2.5,26.9,15.04415,3072.08722081193,65.6,51470.689845427,19.8506421545794,104.362280505171,19.2269717517509,87.2336196899414,80.0512195121951,139.7893,100.0
DNK,2013,10.3963287855885,2.49,27.0,15.2351,3075.55142847176,65.7,51970.3909324806,19.734359858156,103.612813249189,19.3525146403367,87.5436524760432,80.3,140.3733,99.9999990521906
DNK,2014,10.8104890765495,2.31,30.2,15.42605,2881.05250715935,66.315775,52368.3625969272,19.4044479337978,103.210859225139,20.1482030437865,87.6823985731907,80.7,141.086875,100.0
DNK,2015,10.2267270069046,2.25,32.5,15.617,2847.9879109495,65.847475,53094.0133607574,19.5644428511085,105.130362453899,20.5435311718122,87.7254056577329,80.7024390243902,142.087075,100.0
DNK,2016,9.23431703209402,2.23,32.0,15.6165,2891.02688317679,65.6275,54300.2039621991,20.2319629319966,101.452783808643,21.680712423112,87.6999969482422,80.8536585365854,143.20025,99.9999998039442
DNK,2017,10.0945595167367,2.18,35.0,15.64,2896.57067618882,65.7825,55601.0145717787,20.4236252284711,104.215676920442,21.9568242214893,88.0161943799509,81.1024390243903,144.1245,100.0
DNK,2018,10.3539340590391,2.13,34.6,15.664,2870.41628591658,65.8125,56355.0733084714,20.5755636281273,108.813985501909,22.5323146804877,88.1059762310689,80.9536585365854,144.8409,100.0
DNK,2019,9.61197285377196,2.03,37.2,15.6875,2757.24986480703,65.649125,57114.6227336347,20.6402200527554,111.891475065653,21.8859998750194,88.2096490810669,81.4512195121951,145.36055,99.9999975731289
DNK,2020,9.06983927345931,1.99,39.5,15.711,2637.04300572344,65.499675,55934.5555945523,19.5550544065806,104.433432671151,22.7626532555055,88.2394485473632,81.6024390243903,145.7851,100.0
EGY,2008,71.6335196352872,3.81,5.9,0.0646481490783063,859.150259001023,3.55818976342358,3052.21297844721,36.2125516471245,71.6806253489671,22.3897264098269,42.9608989120873,68.761,86.2572595308654,98.4275413352809
EGY,2009,75.0515681476511,3.72,5.7,0.0652940881008589,862.435116243687,3.70586167060124,3135.09661303014,35.8164459796584,56.5534446363462,19.1901746305891,42.9383470624904,68.915,87.9015882264303,98.3562103479717
EGY,2010,76.4681376215846,3.51,5.4,0.0659400271234115,838.166707475228,3.68777939625295,3233.84521246786,35.7845184816841,47.9363500745898,19.5010774075916,42.9057175520154,69.078,89.6037691496308,98.2848591599105
EGY,2011,62.0486163821917,3.61,5.4,0.0624802852981064,860.053119855617,3.63654628559948,3222.37650111856,35.9517175990081,45.2556341623514,17.1030559404857,42.8634168470177,69.232,91.5094268923602,98.2135282519016
EGY,2012,61.7247558733889,3.64,5.3,0.0590205434728013,866.240866672303,3.71289366618112,3220.99194203067,39.2513148623634,40.7117692721084,16.0267510598913,42.8118514138525,69.464,93.5868210357125,98.1415728406932
EGY,2013,70.1484599687517,3.43,5.3,0.0555608016474961,825.189960336054,3.74802350695665,3216.3783902629,39.8869544184046,40.373038056332,14.2119974199097,42.7514277188751,69.632,95.7693033301522,98.0695998327114
EGY,2014,66.1214960792046,3.45,5.4,0.052101059822191,832.772090858109,3.73217137977799,3235.66246235257,39.890323943662,36.9201877934272,13.6431924882629,42.6825522284408,69.911,97.9744376914963,97.9975794064633
EGY,2015,67.6489631610219,3.28,5.3,0.0486413179968858,810.817127279737,3.80719985936009,3306.98159414141,36.6302017267482,34.8459429600229,14.2886370146078,42.6056314089048,70.135,100.052581244663,97.9255148711552
EGY,2016,61.4577552982506,3.46,5.1,0.0451855944547692,872.581407763809,3.75083168416294,3381.22246306207,32.4559533476046,30.2465490514505,15.0402303092936,42.5210717266225,70.437,102.109185795369,97.8534422131452
EGY,2017,58.9353384135579,3.48,4.9,0.0451855944547692,897.218073562482,3.85450680596715,3452.90961245539,34.3958677753768,42.8321343581608,18.734101042151,42.4486008687179,70.709,104.170030639409,97.7818611616948
EGY,2018,65.4631301601869,3.27,5.0,0.0451855944547692,870.813573488394,3.88065698930132,3568.63966286161,35.3298750589345,45.9110196733959,20.6249196348206,42.4577177449969,70.974,106.165145411623,97.710814412432
EGY,2019,67.7529020891301,3.1,6.2,0.0451855944547692,844.783013447093,3.93992666633181,3701.2446345188,35.8254244102931,41.1240171551108,20.6540385989993,42.4812027332648,71.213,108.044761665578,97.6403544846485
EGY,2020,54.8587056496436,2.96,6.7,0.0451855944547692,805.259456646637,3.98915063539103,3770.86947867421,32.3694442999707,32.1262555667523,18.8180606572831,42.5181534630674,69.79,109.814781254709,97.5705329201433
ESP,2008,12.9746541971488,3.21,9.7,36.5979510825982,3015.00798974738,56.4194065757819,27112.526293889,26.1869489550822,55.8281315172523,28.4790441123592,78.0421438998777,81.1756097560976,92.1293223736969,100.0
ESP,2009,12.584397187959,3.07,12.2,36.8992880920868,2749.85548907362,56.0903220631292,25860.8142592652,24.7821508122163,46.8366899971109,23.3519417701936,78.2919921861701,81.4756097560976,92.9750651746681,99.999999329905
ESP,2010,12.4298524075247,3.07,14.4,37.089938201236,2735.18257337486,55.0888982220356,25766.2515825743,22.985948966945,52.6933699734019,22.3988413816153,78.5138156234888,81.6268292682927,93.1519309613808,99.9999972813307
ESP,2011,13.4200482874381,3.04,14.7,37.1019204609106,2684.34318918947,54.0409698327599,25510.5579678829,21.8871702738867,58.5118228859632,20.7135839205008,78.695397956495,82.4756097560976,93.5078358806114,99.9999999335079
ESP,2012,12.0395432976255,3.13,15.8,37.0797784930329,2677.18038552382,53.8613782211471,24763.568274484,20.7992748782776,60.5540346961864,18.5944685336556,78.8455680301618,82.4268292682927,93.5068371284061,99.9861677203853
ESP,2013,11.2505956077366,2.96,16.9,37.0821135123248,2506.25540520067,53.4439535395134,24498.5559507945,20.0279432010078,61.6687726441327,17.412338687976,78.9858086902112,83.0780487804878,93.169262909578,99.9566408362607
ESP,2014,10.5798592110443,2.86,17.3,37.0844485316167,2458.57177736167,53.1336838527818,24947.8512505913,19.8695989889783,63.39926213895,18.1481477916625,79.1196713833488,83.2292682926829,92.8824553687451,99.926942900271
ESP,2015,11.2555313002962,2.85,16.3,37.1275324670126,2552.40125248088,53.1890621841609,25982.4416197775,19.9230622051822,63.5820412248232,19.3734408230247,79.2454892743023,82.8317073170732,92.907597351004,99.9267194862736
ESP,2016,10.338836110853,2.78,16.7,37.142868581403,2563.00704379932,52.5772473596977,26719.2442268615,19.7937250159622,63.1886778507294,19.0611122143393,79.3615955277997,83.3292682926829,92.9973717081295,99.9265065763433
ESP,2017,10.4366670528408,2.84,15.2,37.1522339173654,2690.49733287835,52.6387138276281,27426.281015093,19.9047199031815,66.167446137857,19.5656670290524,79.4663233085683,83.2829268292683,93.2268622784207,99.9262777210373
ESP,2018,10.1845744948112,2.77,16.9,37.1566467814769,2666.26079715432,52.408209711446,27956.7225466484,19.7385743840512,67.0094103982921,20.7061758213476,79.5580057813361,83.4317073170732,93.638281089712,99.9260612803023
ESP,2019,9.35354339662499,2.64,16.7,37.1677215644695,2573.90442450746,52.4584917258728,28301.4393949563,19.9779055762497,66.3662250440692,20.9088226144802,79.6349761108307,83.8317073170732,94.3181087826492,99.9258322377834
ESP,2020,9.58105460690675,2.67,19.3,37.1773054885498,2303.51311623486,52.3316792232841,25077.019882928,20.1193927811735,59.4461280147076,20.6266482703898,79.6955674617799,82.2317073170732,94.802910688937,99.9256069689441
FIN,2008,7.21793319320128,5.71,34.6,73.3225666337611,6654.45363101075,7.55643303718328,46359.8732844055,29.5650517623923,86.1896598765527,25.2485161104333,69.2943672196361,79.5682926829268,17.4840375123396,99.9999979690853
FIN,2009,7.1054975480794,5.86,32.5,73.2555577492596,6255.05051638905,7.55676209279368,42412.5133513534,25.6620904063609,70.1279335295898,21.4741244119185,69.546259966947,79.719512195122,17.5678545574202,99.9999991951693
FIN,2010,6.99088092919804,6.22,33.4,73.1885488647581,6812.6019950935,7.54162553471537,43556.5385834368,26.1853763280839,75.4612085231229,22.6073229974435,69.7855798796947,79.8707317073171,17.6484106614018,100.0
FIN,2011,6.87039455156535,5.83,35.1,73.3008654447333,6522.93869318769,7.52443318305966,44391.4535667984,25.0390832511194,78.7159444486606,24.3388732893172,70.0583261874252,80.4707317073171,17.7309947678436,100.0
FIN,2012,6.23115629479583,5.71,38.7,73.4107736351969,6265.77228948066,7.51949718648195,43507.9345371578,23.3588517701544,79.4303765882482,23.628342432802,70.3661363168712,80.6268292682927,17.8155615518773,99.9999978985936
FIN,2013,5.85285267653954,5.67,38.5,73.5206818256606,6138.31405576065,7.43196551383724,42883.6384986417,23.2981321591964,77.485171771574,22.6578278795265,70.6742118159277,80.9756097560976,17.8978314521702,99.9999962385025
FIN,2014,6.11857316281583,5.81,41.2,73.6305900161243,6246.04153603753,7.46026522754944,42502.4880199858,23.0618639333511,74.6277719754196,22.1690024531831,70.9879168940753,81.1804878048781,17.9720030274112,99.9999970318793
FIN,2015,5.62500854589343,5.5,43.2,73.7356454213418,5921.59681653244,7.48050409660755,42560.3456767103,23.3039316434498,71.9618253787014,21.9056862297328,71.3054930040604,81.4804878048781,18.0301108880919,100.0
FIN,2016,5.27813456745499,5.54,42.4,73.7356454213418,6120.63301519281,7.48576881313547,43529.6761616969,23.4765920163918,71.7222101178859,23.5883124649425,71.6158383428171,81.4292682926829,18.0820078312658,99.9999998933781
FIN,2017,5.12673961318144,5.34,44.4,73.7332192682285,6070.15750826277,7.4690708081074,44862.220404205,24.4706416384075,75.9387822310041,24.309542246313,71.9563038312956,81.6317073170732,18.1238944459068,100.0
FIN,2018,5.49695736300986,5.37,44.2,73.7332192682285,6165.44402350648,7.47565148723348,45337.2409550575,24.1107349992454,79.1436148422846,25.7234643496259,72.3423467740343,81.7341463414634,18.1479501184522,99.999999309504
FIN,2019,5.37867032806067,5.19,45.4,73.7307932747672,6024.65366583164,7.48198598361465,45898.5708448954,24.1466052876512,80.5641502947367,24.5675378797407,72.7431214358314,81.9829268292683,18.1673609054717,99.9999972852429
FIN,2020,4.89518090216668,5.07,47.3,73.7283674409423,5739.2544528356,7.46857932486675,44690.9801103074,24.227220617039,72.1845955995888,24.9836073895773,73.0849439791673,81.9317073170732,18.1928768835954,99.9999988873824
FRA,2008,14.0595857426506,4.02,10.5,30.0450876704704,4137.71989985562,54.0126171258929,36257.3658930938,18.6335203970131,59.1797928411748,23.4671040402669,77.1561901569367,81.2146341463415,119.445432785973,99.9999991289051
FRA,2009,13.8570269912499,3.95,11.2,30.254940161425,3938.38637955439,53.8452546618425,35052.8510772683,18.0198241569733,52.1991123027613,20.7177586249113,77.1005391809676,81.4146341463415,120.060183690509,99.9999982791976
FRA,2010,13.7778502943804,4.0,11.9,30.4647926523796,4040.43918739374,53.6715836348455,35578.1968010183,17.5945885002022,56.587555247796,21.3378695020042,77.0962844808803,81.6634146341463,120.653513312923,99.9999989035929
FRA,2011,13.7974719352463,3.84,10.6,30.6195379905372,3951.00450412595,53.5830782076259,36269.9561530888,17.6800048726048,60.6056354816406,22.4996452716579,77.1182717387509,82.1146341463415,121.237276185175,99.9999974748476
FRA,2012,12.5585885208406,3.83,12.3,30.7742833286947,3929.20601557226,53.5203636700993,36161.2918253465,17.4684347699959,61.6589570771102,21.8295648772748,77.1669464919916,81.9682926829268,121.825139623342,100.0
FRA,2013,12.4582922718332,3.82,13.4,30.9290286668522,3925.86545930191,53.3884404861304,36256.086680981,17.5699939241217,61.8192338733962,21.520441960601,77.2440721470918,82.219512195122,122.456502458484,100.0
FRA,2014,10.687674674804,3.63,13.2,31.0837740050097,3755.83244171123,53.3750811763614,36444.3949089146,17.3416195349368,62.1992669379507,21.8364708236132,77.3524296788613,82.719512195122,123.039367288246,99.999997234513
FRA,2015,11.3442976642006,3.65,13.3,31.2385193431673,3799.19260526718,53.301604972632,36702.4323733379,17.236441547058,63.5046871956484,21.7165418613305,77.7610919150066,82.3219512195122,123.477636144355,99.9999999037222
FRA,2016,10.508154814077,3.54,14.2,31.3932646813248,3718.17053401513,53.2851303460432,36920.5342846914,16.9433572396904,63.3427564383351,21.5978606152326,78.5999114705779,82.5731707317073,123.803885332591,100.0
FRA,2017,10.4583123660264,3.46,14.1,31.5480100194823,3705.41111644137,53.2470526022822,37580.5979329356,16.7483032647876,65.3958481559711,22.1813991959176,78.6467804026368,82.5756097560976,124.163688653864,100.0
FRA,2018,10.4599453286038,3.37,15.2,31.7027553576399,3669.37065950443,53.1776602653307,38062.4435961412,16.725283255726,66.8022607812266,22.6115738942638,78.6714432536599,82.6756097560976,124.609607570276,99.9999999523043
FRA,2019,9.82524600527018,3.26,15.5,31.8575006957974,3605.53190025511,52.915574914185,38705.2072940618,16.907003960354,66.4289771741449,23.0250733613606,78.6890784549356,82.8268292682927,125.024698023935,100.0
FRA,2020,9.60038144780495,3.18,16.8,32.0122460339549,3228.48915727036,52.729670655905,35709.2045925926,16.272651205236,58.8388907240647,22.8044182138435,78.7119131765249,82.1756097560976,125.431134613601,100.0
GBR,2008,12.9950468220049,3.22,2.4,12.5573512999628,3370.1581117517,73.0955234985326,44508.2874631479,20.0744967754056,56.4365501052604,18.2886587771819,80.7547673906116,79.6,255.474703426611,100.0
GBR,2009,12.6107605327068,3.17,3.0,12.6007522837184,3144.00201324492,71.6116231967925,42146.5095879962,18.7333630455206,54.6537301085991,15.9866102776379,80.8692180088478,80.0512195121951,257.414417393461,100.0
GBR,2010,12.4589114498692,3.21,3.2,12.6441532674741,3235.05383786127,71.1941470673335,42762.720840223,18.5566755103695,59.0511802227821,16.6181160375508,80.995165116277,80.4024390243902,259.440189310958,100.0
GBR,2011,13.0110598336171,2.94,4.0,12.7235150663415,2973.83120573757,70.9461414458728,42791.0934313474,18.3010218899425,63.3240615708901,16.491680863741,81.1359685592627,80.9512195121951,261.475674781962,100.0
GBR,2012,11.4844614132453,2.98,4.2,12.8028768652089,3028.77223348044,71.020543132311,43136.7006795996,18.2827169299324,61.9688704472535,16.5145890011547,81.2905667759508,80.9048780487805,263.344769148101,99.9999990594779
GBR,2013,11.3936196663408,2.88,5.2,12.8822386640764,2962.29760006424,71.3024428553714,43585.1936238647,18.592711752238,61.7195395154583,17.1697393956196,81.4573768694887,81.0048780487805,265.113875914521,100.0
GBR,2014,10.8076454562065,2.63,6.6,12.9616004629438,2767.96188412765,71.2272144835283,44627.8818268644,18.3478341562377,58.8210228333296,18.4324178455585,81.6355750750722,81.3048780487805,267.102054313231,100.0
GBR,2015,10.4602728529493,2.59,7.7,13.0409622618113,2774.79682774608,70.8386723432398,45255.3449216209,18.1397353548933,57.125044605439,18.4755209500336,81.8243772295647,80.9560975609756,269.036498160625,100.0
GBR,2016,10.0359721133567,2.5,7.7,13.0574959699087,2696.97999020896,71.7148836440293,45888.0105130748,17.6677948178206,59.8395315138259,18.5956388685899,82.0229991698295,81.1560975609756,271.18174678626,99.9999991226354
GBR,2017,10.3814201449701,2.41,8.8,13.0781631050304,2658.99577329303,72.1950667548465,47018.0254757676,17.8215277161884,63.1899245764158,19.1317371265417,82.23065673273,81.2560975609756,272.665647088001,99.9999980808565
GBR,2018,10.2397854923418,2.34,10.2,13.1153639482495,2632.15067210726,71.7185202331253,47514.7763693453,18.0023660420923,64.9097721959201,18.8761161911788,82.4465657551295,81.2560975609756,274.000744016864,99.9999994148157
GBR,2019,9.94569869317993,2.22,11.4,13.1525647914686,2515.97344619501,72.4229988013062,47864.7588712634,17.8736338534045,65.0035664177054,19.0285140310906,82.6699420738913,81.3691219512195,275.414376059191,100.0
GBR,2020,9.91288560282114,2.28,13.6,13.1856322076634,2317.4085386833,71.3400491877816,42982.4631007642,17.4957170827215,59.1598893030611,18.2807146353402,82.9000015258789,80.331756097561,275.881453312942,100.0
GRC,2008,20.8856093064781,3.08,8.3,29.802081458495,2749.77926334315,59.4026377036462,23923.8800731311,16.6711382140503,57.1052836264926,24.8460183343649,75.615079456679,79.9390243902439,85.9413576415826,99.8899457131774
GRC,2009,20.4636341229157,3.12,9.2,30.0360411171451,2654.84323438585,58.6501163692785,22878.1346644397,16.0934799769726,46.3779593986083,18.9186670370279,76.0174962722535,80.1878048780488,86.1677036462374,99.9050216033919
GRC,2010,20.2971496759618,3.1,11.4,30.27,2487.52918925294,58.0993017843289,21547.724178239,15.0655277858101,50.9225181997227,18.2157587611931,76.3631476983077,80.3878048780488,86.278828549263,99.9197604571835
GRC,2011,21.3833542936023,3.34,11.4,30.27,2413.16129816794,57.377812257564,19448.255802525,14.3792409788507,56.2929957941907,14.0714513074627,76.6352609929407,80.7317073170732,86.1512723041117,99.9341628584541
GRC,2012,18.8095113490598,3.57,14.2,30.27,2408.75576544664,56.5011636927851,17924.6620496886,14.7998191105367,62.3942117351318,12.2606554594296,76.8679797449322,80.6341463414634,85.6866640806827,99.948239360805
GRC,2013,17.9600807887087,3.22,16.6,30.27,2133.12835852595,55.4926299456943,17644.8766635021,15.064315279116,62.9547272215374,12.1129082926078,77.0951999650171,81.2853658536585,85.067579519007,99.9619883950245
GRC,2014,16.8699265288991,3.17,16.4,30.27,2128.79231677777,48.1070597362296,17903.5252440012,14.144282569928,66.4335364513677,12.136918450953,77.3130486275866,81.3853658536585,84.5028161365399,99.97541718672
GRC,2015,17.2372072771469,3.19,17.5,30.27,2148.04707916151,48.0915438324282,17980.7298238137,14.4406143927451,65.2716454619318,12.0084097844243,77.5194426317545,81.0365853658537,83.947889837083,99.988523105293
GRC,2016,15.7750345686768,3.13,16.4,30.2699767261443,2109.41656684289,47.6027928626843,18049.928997892,14.3053359941807,63.6575490882866,12.4680861540635,77.7122988766348,81.3878048780488,83.5994647013189,99.9999968642708
GRC,2017,15.6724100278411,3.15,16.4,30.2699767261443,2148.0515638287,46.9630783553142,18352.0884461258,13.5438938901132,70.8824967397253,11.8883016329317,77.8895342613411,81.2878048780488,83.4342823894492,99.9999973482552
GRC,2018,15.5840100248101,3.01,17.9,30.2699767261443,2089.36044213673,46.1108642358417,18769.0389621976,13.6804076386379,79.2379908638706,12.9530537485632,78.0490656849874,81.7878048780488,83.2651823118697,100.0
GRC,2019,14.9419055519621,2.91,18.5,30.2699767261443,2058.5433840771,45.4892645461598,19216.6759579785,13.4139572418293,80.5900949510457,12.0996603246177,78.1888100466875,81.6390243902439,83.1775174553918,99.999997048057
GRC,2020,14.4089280374361,2.85,20.1,30.2699767261443,1839.48818892263,43.6358456167572,17486.951333323,14.2956021874194,70.2937464580745,13.5410023084822,78.3066842455552,81.2878048780488,82.999216446858,99.9999990325072
HUN,2008,20.9991432625418,4.29,9.0,22.5571476397723,2676.90840527171,64.6133244057583,11929.7209867703,25.7747485981168,158.453224115619,25.1420059545726,68.0976986078883,73.7024390243903,112.020845887736,96.3873549222455
HUN,2009,20.6233678571466,4.36,12.3,22.4662321882249,2548.81278026798,63.8793770020987,11142.885928524,25.1371137759844,145.30587733019,20.9966487581136,68.4592590332031,73.9048780487805,110.710814094775,96.6891082048051
HUN,2010,20.465784622626,4.48,13.5,22.6045509775765,2651.34338122621,59.0191096873964,11287.3686666108,25.2266979655838,157.838960085896,21.1892791243323,69.5305480957031,74.2073170731707,110.460874848117,96.9842340521877
HUN,2011,21.3088927870016,4.3,14.7,22.6364299127361,2600.71787062735,58.9528333149232,11536.3578996772,25.1359185300274,166.754347209897,21.0337908782192,69.4779934082031,74.8585365853659,110.148315475533,97.2758562444965
HUN,2012,18.932021260415,4.15,16.5,22.6683088478957,2490.18578889625,58.9638793770021,11440.7622718825,25.0498656722544,166.17569860957,20.2865308170944,69.5772326660156,75.0634146341463,109.580934496852,97.5597402653732
HUN,2013,17.8529756602872,3.94,17.2,22.7001877830553,2420.16949827793,58.0691483486137,11729.5720798501,25.0561210392632,164.476024791467,21.8946534040546,69.9277636266638,75.5658536585366,109.05483265216,97.8398540702921
HUN,2014,17.9397743889142,3.77,15.7,22.5502301117686,2423.51498608604,57.6813499890423,12287.3779441033,25.6873886769853,168.358355086413,24.4405160787979,70.3071053512008,75.7634146341463,107.747512601359,98.1178998940875
HUN,2015,17.9802501362595,3.85,15.6,22.5818540433925,2571.15090547951,57.6813499890423,12782.9412577973,26.3916783181703,167.290738494524,23.8567656111926,70.4847717285156,75.5682926829269,107.360891957046,98.3938802461663
HUN,2016,16.2389389235353,3.81,15.3,22.5589524435678,2613.09354239281,57.8785886478194,13145.6559885563,25.4486066021034,163.97194450015,22.0321821931455,70.4733810424805,76.0634146341464,106.944499232961,98.6679484290121
HUN,2017,17.0236884271225,3.81,14.6,22.5429541968004,2737.45332524366,58.1087004163927,13734.2442804335,25.1587549896178,165.032855840268,23.2730768860194,70.4542541503906,75.8170731707317,106.582905982906,98.9400107789492
HUN,2018,17.5018535227019,3.61,13.6,22.5281612973921,2738.8272901507,58.031996493535,14533.7783144312,24.9697501840475,162.700858777925,27.0910945827596,70.4711761474609,76.0658536585366,106.366031119877,99.2100381980227
HUN,2019,14.6412354449754,3.46,13.6,22.5122726276572,2749.24131881139,57.8347578347578,15290.8085466331,24.6337376234071,159.925556464831,28.6983472177676,70.4565277099609,76.3195121951219,106.233004602235,99.4779522735121
HUN,2020,14.1364995764273,3.56,14.8,22.4962743808898,2713.17923384455,53.8754394039009,14664.2971195385,24.3596848911298,154.527002936377,27.4644940725212,70.2917327880859,75.419512195122,105.965581854043,99.7437164369776
IDN,2008,22.6167038013704,4.31,41.1,53.2529151502595,632.507070175417,26.2043436045121,2464.60193418272,48.0607447690172,58.5613996312961,27.8162445798583,48.4644736032029,68.085,127.912368929422,83.4896329573105
IDN,2009,21.7298298830988,4.35,38.2,53.1665884606228,674.894542379565,26.5727183586424,2546.21969707767,47.6521225811621,45.5121213687054,30.9851924139981,49.16775798133,68.267,129.543311146252,84.3913253324257
IDN,2010,20.5957258237696,4.26,36.0,53.0802617709861,669.112078931141,26.568260667402,2670.8129098953,42.7758663362749,46.7012738758737,32.8801214533558,49.8521375148888,68.364,131.186593584406,85.1661850718562
IDN,2011,17.9185723142468,4.1,32.4,52.586919226916,664.807893671477,27.0964207552627,2799.62468790318,43.9134234267133,50.1800131841104,32.9843332593045,50.4830017089844,68.629,132.872174396105,85.6378136701144
IDN,2012,19.553351601333,3.84,30.1,52.0935766828458,680.546536439194,27.0919630640223,2930.518445323,43.5937444233376,49.5828982992627,35.0715936108893,51.1593933105469,68.862,134.591727167608,86.0745858271754
IDN,2013,20.1029935644832,3.53,30.6,51.6002341387757,696.192807739943,27.3538142623324,3055.24246006469,42.6356774375889,48.6373726752893,33.8313567879018,51.8307495117188,69.064,136.271572751061,86.4972383225177
IDN,2014,18.5354648917633,3.48,29.3,51.1068915947056,704.653772045539,27.5091419048223,3170.72103011429,41.9283421270033,48.0801755855227,34.6003439149803,52.5002136230469,69.292,137.882705314833,86.9065589204206
IDN,2015,18.6712786457665,3.26,26.6,50.6135490506354,698.660737586188,27.6112077694021,3288.22269725538,40.0478624042506,41.9376402415294,34.0627921803386,53.1720771789551,69.52,139.438934572699,87.3023728948535
IDN,2016,19.1310042759597,3.18,27.8,50.7434545269582,718.57953489745,27.8730589677122,3416.81005170972,39.3084439802081,37.4213418023318,33.8587393039462,53.812557220459,69.733,140.945267664402,87.6849895715078
IDN,2017,16.9555634840925,3.14,25.2,50.0393338229866,755.351304203294,27.7598939877572,3553.51999262321,39.3791548040237,39.3554970704606,33.7105947957751,54.4541015625,69.953,142.393583234045,88.0541295680055
IDN,2018,18.4371895829409,3.24,22.0,49.7168177792076,826.038659966956,28.411834447481,3701.32155461912,39.7297374523848,43.0743089552002,34.5705858319707,55.0956840515137,70.08,143.781152680745,88.410420237217
IDN,2019,19.4270918962783,3.19,19.8,49.3942964092507,844.870039441295,28.7503293442037,3850.90321738979,38.9517679950779,37.6277775357108,33.7801423773995,55.7382049560547,70.349,145.132688936836,88.7538936468124
IDN,2020,17.8814994983985,3.11,21.9,49.0717803654717,848.436766186593,28.9649906072855,3739.44906563161,38.2383937187942,32.9721754002427,32.3434120537481,56.2785287648768,68.817,146.371283592869,89.0851606060889
IND,2008,54.3676481000901,5.63,39.4,23.246075763742,481.553027437162,60.4593046525785,1086.50605251513,31.1367192409548,53.3682204392226,38.4224196528192,30.1438485921815,66.247,406.274393496547,84.9473094624581
IND,2009,51.3544031327568,5.67,37.4,23.3101483591698,509.446000134302,60.5639061075814,1155.10163274172,31.1213721116744,46.2728696428837,39.2567917551336,30.5185314023263,66.7,412.191872366045,85.6371461321776
IND,2010,50.1011539510167,5.41,36.2,23.3742209545976,531.86706609011,60.3974182611942,1235.15939133951,30.7250782285817,49.2552064974161,39.7856241847736,30.9042190810094,67.162,418.231449722352,86.3249166723471
IND,2011,61.708624213512,5.28,35.0,23.4638216864714,546.675890208969,60.4300431523044,1281.61054354933,30.1616797630407,55.6238800135298,39.590421855219,31.2746502853309,67.623,424.199245255096,87.0106732998892
IND,2012,74.0031607462287,5.28,34.8,23.5534224183453,572.133085479526,60.4206256579633,1333.09626557668,29.3985276965289,55.7937217287511,38.3474156730403,31.5898935604399,68.076,430.068210238834,87.6951918936397
IND,2013,76.2501768290597,5.11,34.9,23.6430231502191,577.254621645988,60.4394606466455,1399.4537980287,28.4048995600246,53.8441319466777,34.0231978997548,31.9096789235237,68.499,435.838110245225,88.3781430142448
IND,2014,79.0373957134889,5.08,33.9,23.732623882093,610.165371779455,60.4495508191538,1484.31640682913,27.6564012026443,48.9221857470669,34.2678056268836,32.2288233408821,68.932,441.370107863944,89.0593975763785
IND,2015,73.810991410386,4.82,33.4,23.8222246139668,622.339883988149,60.4317248477225,1583.99815907985,27.34739147794,41.9229138658647,32.1167301358276,32.5472990022299,69.326,446.666542669658,89.7387066732488
IND,2016,75.7890035327013,4.54,33.0,23.9116908102072,627.273531026365,60.3990999566123,1694.46534973825,26.6189999399789,40.082485713276,30.172690580036,32.8650780972823,69.709,452.020992940243,90.4158282525921
IND,2017,67.3122713926644,4.46,32.5,24.0014933455312,648.014718317903,60.2840719900175,1788.69770318446,26.5000166464804,40.7424969545225,30.9821728344733,33.1821328157539,70.068,457.30592394028,91.0905825625786
IND,2018,68.1209525065052,4.41,32.9,24.0909595417716,668.303370218852,60.2437112999842,1883.35772705062,26.4120919013735,43.6169693323889,32.3432182154485,33.4984353473598,70.415,462.351569862673,91.7626505318817
IND,2019,59.8919808842351,4.25,33.5,24.1807620770956,666.977347524506,60.2198312250478,1936.03067741067,24.5914753075066,39.9054035306442,30.0961975685688,33.8139578818147,70.746,467.185182245332,92.4317828217009
IND,2020,48.3948115195574,4.25,36.1,24.270228273336,632.239828540427,60.0459439188212,1806.50110583878,25.1229058078344,37.7581053292768,28.9223840080659,34.1286726088333,70.156,471.755150192218,93.0977309081783
IRL,2008,10.7846711934217,2.45,4.2,10.1956161997387,3311.73521178354,67.1940775148788,49461.1594281353,25.9255497868699,160.039420132474,24.6670937529866,61.3581903884996,80.0951219512195,65.1697488750181,96.8025424077574
IRL,2009,10.4732602245015,2.5,5.3,10.3262882856728,3173.7335600355,66.6848599216142,46466.3794269222,25.6117523039931,173.591474874665,20.3036687538517,61.6421022728798,80.190243902439,65.8350268544056,96.822240012762
IRL,2010,10.3475907744569,2.46,5.3,10.4569603716069,3149.89842034979,66.3086079256786,46991.6464673949,23.3585048483704,190.08027278672,17.2913563758605,61.8910689348512,80.7439024390244,66.1947307301495,96.8418255162662
IRL,2011,10.5404229786943,2.22,7.0,10.5565103788649,2875.40675480961,66.1199012919147,47539.9181739968,24.3019357364641,186.304879179038,17.1044449032773,62.0872735820277,80.7463414634146,66.4840179997097,96.8612904708571
IRL,2012,9.58893302932057,2.22,6.9,10.6560603861228,2858.91735604826,65.8005516040064,47147.1604669421,24.0639568673216,190.355682317985,19.8882110372842,62.2529318511038,80.8463414634146,66.7663376397155,96.8806445019551
IRL,2013,9.19408716106259,2.19,7.7,10.7556103933808,2802.60964399377,64.9876614893308,47928.0346487005,23.8396733678378,199.742586224446,18.3655706866444,62.4047157756118,80.9487804878049,67.1188271156917,96.8998874189889
IRL,2014,8.84472665206141,1.97,8.8,10.8551604006387,2726.60528005402,64.8279866453767,52044.6201181887,24.4288440676474,211.181602002085,21.9360604785157,62.535401730577,81.3487804878049,67.6112643344462,96.9190141649512
IRL,2015,8.81158216131006,1.65,9.5,10.9547104078966,2825.9812059763,64.3054144287995,64250.1385181257,38.4401729288171,223.702938290642,26.0839383373545,62.6392123492764,81.4536585365854,68.2531136594571,96.9380364717099
IRL,2016,8.11019374827621,1.7,8.6,11.0661924807664,2932.30415263032,64.7554071708521,64205.979777351,36.5192338386058,239.708527798768,35.6293704495612,62.7229399123734,81.6536585365854,69.1351720133546,96.9569278147002
IRL,2017,8.38429636583274,1.51,10.1,11.1775293946872,2854.85820468032,65.1618522281899,69748.6221034014,36.2543208523413,233.304083346711,34.0348773847935,62.9035196521232,82.1560975609756,70.0746842792858,96.9755821286774
IRL,2018,8.2986369369357,1.41,10.8,11.2355929743069,2820.44138030583,65.5537813906227,74029.0550611436,36.848503844665,222.453716000399,28.1743871487953,63.0844503476779,82.2048780487805,71.0991725939904,96.9939522473037
IRL,2019,7.8923946735653,1.33,12.3,11.2936565539265,2747.90158131447,65.6699085498621,76485.635854651,35.880910077936,257.652772910421,53.7020817171995,63.2737009154127,82.7024390243903,72.237712294963,97.0120539231566
IRL,2020,8.17058601306707,1.21,13.7,11.3517201335462,2633.97691248454,65.495717811003,80927.936475395,37.1803685713508,258.780437026252,42.5912041670915,63.4713366724915,82.4560975609756,73.1564377993903,97.0298506240387
ISR,2008,24.6975797309857,3.89,8.9,7.10720887245841,3130.72173959461,23.826247689464,32554.0413211945,21.3620647541489,75.380922305658,23.2287706528845,91.7292868898136,80.9512195121951,337.744916820702,99.9999990692997
ISR,2009,24.6261807953123,3.63,8.5,7.11182994454713,2874.86147474045,24.1497227356747,32178.5727387015,20.6116501009124,61.67564796397,21.1617869838312,91.7319738585748,81.4048780487805,345.914972273567,99.9999967272176
ISR,2010,24.5561552293902,3.7,8.6,7.11645101663586,3043.56517574048,23.3133086876155,33344.7213294093,20.8142494931167,65.6330798689153,21.5383508792439,91.7316426703946,81.6024390243903,352.292051756007,100.0
ISR,2011,24.4804002133439,3.5,9.1,7.2181146025878,2981.37242150116,23.8909426987061,34540.6749784398,20.1347126935193,68.9094378497374,23.4471273552999,91.7304024673781,81.6560975609756,358.863216266174,100.0
ISR,2012,22.1038555397058,3.45,2.9,7.31977818853974,2968.58833913788,24.3160813308688,34738.6587001,20.4568472081077,69.9650250827043,23.914364095377,91.7276502819515,81.7048780487805,365.549907578558,100.0
ISR,2013,22.578207348874,3.03,3.3,7.42144177449168,2662.60942480489,24.043438077634,35489.5086561247,20.5672452681451,64.1340511293501,22.3351826403335,91.7227831465406,82.0560975609756,372.435304990758,99.9999987902256
ISR,2014,21.175469715827,2.82,3.7,7.52310536044362,2528.01855666417,24.8475046210721,36129.3146105805,19.9174851566845,61.7133541160002,22.8773413865491,91.7151980935716,82.1536585365854,379.653419593346,99.9999994311655
ISR,2015,22.1043027343095,2.9,3.7,7.62476894639556,2607.84399987972,24.6719038817006,36213.1041481958,19.9747306038652,58.897971915566,22.0950032219134,91.7042921554705,82.0512195121951,387.250462107209,100.0
ISR,2016,18.8170113677762,2.79,4.0,6.46950092421442,2569.21718310487,25.5083179297597,37093.7879065422,19.1238077128283,57.7990316850783,23.0646486702564,91.6894623646632,82.4073170731707,394.916820702403,100.0
ISR,2017,20.0293441275017,2.64,3.9,6.46950092421442,2481.51602271413,29.7597042513863,37963.0491190696,18.564684688678,56.2801142540924,23.1765981056332,91.6701057535759,82.5512195121951,402.647874306839,99.9999992350347
ISR,2018,20.5625974806507,2.59,3.8,6.46950092421442,2490.06554012289,29.6349353049908,38729.6426036983,18.8202979612975,58.7437542387448,24.1309941879779,91.6456193546346,82.8024390243903,410.480591497227,100.0
ISR,2019,19.5556432093837,2.46,4.5,6.46950092421442,2407.97500275888,29.5009242144177,39407.2016076709,18.9233446958735,56.325348642584,23.8648600543139,91.6154002002652,82.8048780487805,418.391866913124,100.0
ISR,2020,18.5982756348314,2.59,5.6,6.46950092421442,2453.62703150387,25.0369685767098,37935.5432717179,19.4382959029959,51.2366737920366,24.6898161307496,91.5788453228939,82.6487804878049,425.836414048059,99.9999976530211
ITA,2008,20.9957277217196,2.88,10.8,30.0836675481371,3067.89962633863,48.8884680675508,33550.6340800063,23.2117440039014,54.2142548956671,22.0387757321995,67.9071958431441,81.4853658536585,200.22853191216,99.7627592709386
ITA,2009,20.4038156165254,2.84,12.5,30.3064439770322,2848.10100531328,47.2828843695683,31587.0638416305,21.3840948097691,45.1414765721604,19.7023773902113,68.0494239486665,81.6365853658537,201.392725501999,99.788471738131
ITA,2010,20.1712406113281,2.86,12.8,30.5292204059273,2904.35856014464,48.45088902265,31928.5543621096,21.369080166955,51.6621118138339,20.7969716146664,68.2163741829857,82.0365853658537,202.285308976795,99.8141842053233
ITA,2011,21.3353676583094,2.75,11.9,30.7111775407652,2798.23628262725,46.8439526846523,32039.5032494316,21.2407342221272,54.4722149449288,20.6773631014391,68.4015073889511,82.1878048780488,202.986767799052,99.8398966725157
ITA,2012,18.765688121919,2.72,14.4,30.8931346756031,2680.46208450702,46.4259869199711,30953.4147447427,20.7948320119101,54.8844952702204,17.9698064515339,68.7608794235259,82.2390243902439,203.542723134878,99.8656091397081
ITA,2013,18.0540998276206,2.67,16.3,31.075091810441,2576.45615324387,46.0912085162215,30330.0221599668,20.6001539419293,54.0341846317499,17.0062223799047,69.3073989916076,82.690243902439,203.949752805037,99.8913216069004
ITA,2014,16.8936828833708,2.52,17.1,31.2570489452789,2433.16257781775,44.5086196984965,30325.0287793923,20.1870844682284,54.4545299332032,17.0766736026264,69.5807638614879,83.090243902439,203.980505075782,99.9170340740928
ITA,2015,17.7600165229672,2.6,16.6,31.4390060801169,2533.02354460955,43.7748124902779,30639.8829751432,20.2895283210976,55.4356858148221,17.2813174853484,69.6100006103516,82.5439024390244,203.672434549131,99.9170340740928
ITA,2016,15.7011486972657,2.54,16.1,31.6209699781549,2511.46353090755,43.3250596852407,31077.6792675211,20.6626457226581,54.4321467018313,17.7118639941996,69.5969232525286,83.2439024390244,203.285640373599,99.9170340740928
ITA,2017,15.9660261772019,2.54,16.4,31.8029338761929,2557.32535513975,43.3743295977925,31635.52277108,20.7926142437946,57.5829940274911,18.1694222906025,69.5180784259382,82.9463414634147,202.903617635721,99.9170340740928
ITA,2018,16.3354361294692,2.47,17.1,31.9848977742309,2503.3498604998,41.948748469826,31819.3971830067,20.9865490224579,59.2749835128154,18.6608716078644,69.4800033569336,83.3463414634146,203.398704170865,99.9170340740928
ITA,2019,14.8936858575121,2.43,17.3,32.1669704480973,2494.02659804115,44.3699956377212,32180.4341017428,21.0122984359559,58.6941902594738,18.3641315277239,69.5050010681153,83.4975609756098,201.980545589195,99.9170340740928
ITA,2020,14.6586386239905,2.47,18.7,32.3489349614665,2313.10006204514,42.332263616904,29469.7989238626,20.9642039077686,53.9394839042764,17.8986868297166,69.5187492370606,82.1951219512195,200.999100491348,99.9170340740928
JPN,2008,11.2279961123512,4.19,4.4,68.4444444444444,3867.13557310575,13.7152263374486,33557.6454041595,28.7829764402439,34.1294765412245,25.869579962101,89.2921563808851,82.5875609756098,351.338820301783,98.659309501137
JPN,2009,10.9376728653037,4.26,4.5,68.4691358024691,3709.02326188514,13.6477366255144,31651.0837739562,27.1112122235818,24.3901665338555,22.6031764761029,90.1131158718189,82.9314634146342,351.294924554184,98.6942333988975
JPN,2010,10.8511260577664,4.3,4.7,68.4938271604938,3900.21212768124,13.5884773662551,32942.2020783835,28.3359701667911,28.4984726938389,22.5903041279796,90.6228586840649,82.8426829268293,351.358024691358,98.7291572966581
JPN,2011,12.2742530701447,3.98,4.8,68.481755829904,3620.18019068219,13.4951989026063,33011.1342301291,26.7014360671016,30.1949607286296,23.5405686895679,90.8631654434251,82.5912195121951,350.707818930041,98.7640811944187
JPN,2012,12.8068431271902,3.83,4.7,68.4696844993141,3536.70253450885,13.4567901234568,33518.4449368599,26.562641428228,30.4709109171752,24.0049297197241,91.0265277326652,83.0960975609756,350.148148148148,98.7990050921792
JPN,2013,13.2542512411266,3.78,5.0,68.4576131687243,3567.33780517627,13.4211248285322,34239.8862473488,26.6507450551464,33.9787686509511,24.4176240405457,91.1516595654317,83.3319512195122,349.643347050754,98.8339289899398
JPN,2014,13.740610303435,3.64,5.6,68.4455418381344,3445.81632921551,13.360768175583,34386.9058552671,27.3136267349767,37.4314345686579,25.0363619892408,91.2548945132333,83.5878048780488,349.179698216735,98.8688528877004
JPN,2015,12.8685359282927,3.53,6.2,68.4334705075446,3400.59271053608,13.2949245541838,34960.6393843385,28.5837114240167,35.4274083544798,25.1653478796719,91.3532644103625,83.7939024390244,348.809327846365,98.9037767854609
JPN,2016,12.799061198144,3.48,6.4,68.4224965706447,3370.8877963853,13.2043895747599,35242.199377148,28.6299476490573,31.3102468455884,24.8355973184149,91.4541254852142,83.9848780487805,348.631001371742,98.9387006832215
JPN,2017,13.1198276213348,3.44,6.9,68.4087791495199,3391.05041453219,13.1083676268861,35861.9728545672,28.8824260088632,34.4232135721686,25.2148269758242,91.5498419685883,84.099756097561,348.345679012346,98.973624580982
JPN,2018,13.0790330283313,3.36,7.3,68.4087791495199,3343.05412833973,13.0205761316872,36138.5290824814,29.0140076866127,36.609931802107,25.6417143090178,91.6377318609728,84.2109756097561,347.903978052126,99.0085484787426
JPN,2019,12.9378727869587,3.29,7.8,68.4087791495199,3261.62024942915,12.9355281207133,36043.7844013518,28.8040848106902,35.2164181084145,25.7896961306359,91.7164207898107,84.3563414634146,347.415637860082,99.0434723765032
JPN,2020,12.835201662985,3.2,8.5,68.4087791495199,3046.85480668859,12.8449931412894,34642.9718743239,29.0568076109153,31.335208636773,25.2240172261075,91.7809926267889,84.56,346.395061728395,99.0783962742638
KEN,2008,20.6165316808836,5.3,78.2,6.47522577924588,456.15344235827,47.5958372280985,1273.77226103073,18.5827717274425,57.5785986473131,19.6127114227698,31.4230276259143,59.955,68.8870067118811,52.2521176288935
KEN,2009,21.8123400307101,5.44,75.6,6.41463436061426,470.588388726011,47.9865096461328,1276.73503486074,18.386624667775,45.9451918127805,19.0191724248254,31.8603086707305,60.483,70.9999139051903,53.100725539255
KEN,2010,23.125672688558,5.18,74.0,6.35404294198264,469.595821222952,48.11958182521,1340.16467408856,18.5746727706851,50.3942873502834,21.2639987992095,31.8713287706458,60.915,73.0902185753945,53.9464421270489
KEN,2011,25.1822165114232,5.1,74.7,6.32103524616087,472.715162690229,49.0740895034614,1370.58000874482,19.6629008334867,58.4022059745625,21.8858122759467,31.8673949025409,61.283,75.1281951716625,54.7912792060119
KEN,2012,25.6442241015428,4.9,76.2,6.28802755033911,462.749845582612,49.6703443792388,1396.30178709756,19.26155255789,51.6236920232481,22.1933629258823,31.8558130142761,61.537,77.1133692940226,55.6346101711392
KEN,2013,24.5757635874676,4.96,74.3,6.25501985451734,471.435474475568,49.7928697684225,1413.94142522583,19.0802591143975,47.4646425127304,22.4049681039862,31.8324454433988,61.729,79.043453280388,56.4770636530803
KEN,2014,23.7513870283134,5.13,71.8,6.22201215869558,497.485664126512,49.747157992761,1450.59338202277,19.0360328023672,46.170489362216,24.9507189987733,31.7931545274563,61.99,80.9140808939804,57.3176013376785
KEN,2015,24.7760612569464,5.34,69.2,6.16780662377195,530.458901047223,49.5619679036477,1489.11959777284,18.8940456983605,40.3273846919019,22.1033982020293,31.7338026039958,62.279,82.4529008736797,58.1564256572864
KEN,2016,24.0211862534612,5.27,68.3,6.19833694004437,533.407778503543,49.6614869747445,1517.97796057742,18.1621592865164,34.8650195731824,19.3484358309332,31.6502520105647,62.526,84.0057771361452,58.9933330324144
KEN,2017,19.9015512654464,5.24,68.1,6.22865954160824,538.606903918261,48.9288901383398,1542.33773973372,17.5035092078691,35.9950578754074,20.6634949022773,31.5383650847102,62.725,85.5601194522199,59.82810250315
KEN,2018,20.9875653334569,5.09,68.7,6.25877654107482,546.495296692888,49.5521664949056,1596.69045914945,17.313146131064,34.4147531767425,19.3759862497025,31.3940041639796,62.825,87.019449386981,60.6609028100369
KEN,2019,19.5705272264405,4.93,68.1,6.23762944896123,543.883187157453,49.5174851803854,1645.70961777862,16.9305452274709,31.759461841481,19.3418324204191,31.1895566421135,62.939,88.4453894988127,61.4907638599362
KEN,2020,24.3917906517518,4.96,69.0,6.21662477880402,534.753957479746,49.3892110936528,1609.33414078281,17.4002876322786,30.3991387830411,19.6515841707054,31.2063494632616,61.596,89.8940686683206,62.318211896262
KOR,2008,22.504125458493,6.0,1.1,66.0356737808021,4512.96932152779,18.733890091762,24934.5396367691,32.5801769931808,92.0833544961819,33.7038348910437,81.8350833138518,79.5170731707317,505.770780492834,98.9084790994141
KOR,2009,21.9445322992938,6.01,1.2,65.8963527714816,4557.69756825002,18.4937152276942,25009.9148311999,33.0718219588777,83.1246099057162,29.5580079908835,81.9245045084002,79.9682926829268,508.013960436843,98.9799119351498
KOR,2010,21.7913866730167,6.14,1.3,65.7098765432099,4920.34159542887,18.2407407407407,26623.0487122927,34.4083287071276,88.0278677123124,32.7792421992313,81.9685075986486,80.1170731707317,509.815967078189,99.0513447708854
KOR,2011,24.8830450375162,6.17,1.4,65.6137462701924,5114.96282558864,18.068731350962,27393.455357272,34.8688946576209,101.68061646213,33.2613430738444,81.9615408086376,80.5682926829269,513.804280275749,99.1227776066211
KOR,2012,25.5767916080653,6.09,1.6,65.4300688521221,5122.94213308196,18.3742678039256,27944.0564190045,34.7007966708538,101.51727207905,31.2149587741292,81.9087898200378,80.819512195122,515.875583187751,99.1942104423568
KOR,2013,27.4929658439861,5.91,1.9,65.2495227146758,5108.23633855207,18.154291462238,28732.711152033,35.1987111905484,94.1675235855873,29.8990183063853,81.8269383502703,81.2707317073171,517.612269825303,99.2656432780924
KOR,2014,28.3760075385872,5.83,2.9,65.1442060966848,5136.98533019492,17.9441650415683,29470.6732991655,35.0245177739824,86.9342577972039,29.7893883422049,81.7315682816954,81.7219512195122,520.852499230217,99.3370761138281
KOR,2015,26.2899620146574,5.76,2.7,65.0315562625071,5239.00345362778,17.815177792601,30171.7906545222,35.113231110723,75.3881774564907,29.3122032932439,81.639489860678,82.0243902439024,523.525547744882,99.4085089495638
KOR,2016,26.6704344134095,5.79,2.6,64.8791145667716,5390.84042635905,17.4460708387613,31005.4072876388,35.226493712639,69.8997221316919,29.9823963274728,81.5559241797057,82.2756097560976,525.370072521002,99.4799417852994
KOR,2017,26.0043671138493,5.61,2.8,64.783099169316,5467.82224967457,17.1951594708235,31979.9027302467,35.6298842658067,73.1921408264016,31.9652912711332,81.471030429984,82.6268292682927,526.734806686494,99.5513746210351
KOR,2018,25.9343920098722,5.45,3.2,64.6739130434783,5531.77957372505,16.9401148482363,32852.8887488942,34.9767074768513,74.7075162140824,31.2486531343572,81.3823523035196,82.6268292682927,528.969011484824,99.6228074567707
KOR,2019,26.0153634264606,5.29,3.2,64.5184426229508,5334.67385872126,16.7725409836066,33496.3113815643,33.6464921028153,71.4470632403511,31.1955884616555,81.2901063535619,83.2268292682927,530.377274590164,99.6942402925064
KOR,2020,25.9439899531653,5.25,3.6,64.4159836065574,5195.91011087811,16.608606557377,33215.9298928108,33.3563261777639,65.544957860621,31.5248657192138,81.1759595622913,83.4268292682927,531.109006147541,99.7656731282421
MEX,2008,20.4969000798536,3.51,9.8,34.584695079606,1678.23287321257,53.1675197407341,9826.3421836048,34.8480623925215,56.3652818862573,24.1213158858044,76.5090428271033,73.695,56.7783574680419,95.2791786706115
MEX,2009,19.8889190384594,3.67,9.2,34.510719925924,1616.79369985205,52.8213174207156,9074.1188145564,31.9993138894743,54.5917421313503,23.2592508057594,76.5143930040295,73.628,57.6145070603668,95.5850499173434
MEX,2010,19.6596319675283,3.47,9.4,34.4367447722421,1581.82622504404,52.3712029630392,9389.06722084275,32.539487048306,59.2733845293851,23.3314894102504,76.5244441414713,73.718,58.4500090022892,95.8874978648844
MEX,2011,22.4736336205905,3.51,9.1,34.3737390364979,1632.53833582198,52.1217109493557,9575.93437788582,33.8231022149217,62.1623872764498,24.2517581318792,76.5667802279537,73.921,59.2831626327838,96.1869601419422
MEX,2012,20.1560213023659,3.48,9.0,34.3107333007536,1652.16322037583,51.7050335656781,9782.51776305354,34.0963424723894,64.2579318900113,24.3777390617044,76.6585199140734,74.128,60.0932163893104,96.483147256866
MEX,2013,20.8739317391487,3.45,9.2,34.2477275650094,1633.00512016612,51.1772422130199,9738.71059803658,32.1682751258816,62.6916747735807,22.6807316074935,76.7955768077952,74.289,60.8778893490059,96.7762637072841
MEX,2014,19.667850241261,3.3,9.8,34.1847218292652,1582.66666115179,50.7976028190025,9862.48125444199,31.9175541331636,64.0984090351215,22.2932759800089,76.9741367091766,74.404,61.6190030607783,97.0663144004475
MEX,2015,19.4864853369113,3.16,9.2,34.1217160935209,1539.13826670827,50.7626224954345,10021.2386118827,30.8402536092133,70.412974676264,23.7361297440288,77.1903854182753,74.431,62.2815946912215,97.3531385567766
MEX,2016,18.8449182383899,3.1,9.2,34.0559942385349,1525.3837445098,50.5866920445485,10100.5021214015,30.6167913981452,75.6903034088551,24.3433923355958,77.4405087351486,74.376,62.8881149206513,97.6369085403618
MEX,2017,18.3002285485373,2.98,10.1,33.9902672393837,1478.43896510686,49.8706242444507,10193.7727193457,31.9586846731805,76.9521260407254,23.8923507095274,77.7206924598541,74.261,63.4790282671879,97.9175037608425
MEX,2018,16.652186272493,2.99,10.3,33.9247408626765,1493.47882156246,49.6494251395355,10296.8690928534,32.0438654533728,80.2126616568975,23.47749306333,78.0271223924494,74.301,64.0827752771419,98.1950089060211
MEX,2019,14.7051077997851,2.97,10.3,33.858895547725,1469.65350320528,49.4385143650814,10159.4448364319,31.8382961395485,77.4619722571128,22.1485426373991,78.355984332992,74.53,64.6945559299365,98.46943436997
MEX,2020,14.9923440243315,3.04,12.3,33.7930502327735,1366.42722558757,51.5149441086448,9234.64362317923,30.9999803907609,76.8545557056016,20.2366593506907,78.677960602824,70.449,65.227528485815,98.7408072689782
MYS,2008,19.9427014967672,5.65,3.0,58.1232384720743,2678.81949826316,21.7635063156293,7976.11785374773,45.1050654004356,176.668324785148,21.4583043811993,69.5438130147565,75.151,83.9143478922538,96.894523797627
MYS,2009,18.6838844595312,5.42,2.3,57.8968802313194,2483.79273364834,21.9753462182316,7700.46111294033,40.9678238412473,162.558970452699,17.8356949570531,70.2462628363839,75.269,85.6027332217319,96.981531661434
MYS,2010,17.5673365579308,5.23,2.0,57.6705219905646,2529.59168934211,22.4906406939583,8118.92270511981,40.4989323548818,157.944764886771,23.3865410976414,70.8625314831025,75.376,87.2189194947497,97.0660732321152
MYS,2011,16.5543727413676,5.18,2.2,57.9849764115051,2591.22470848139,22.9207122203622,8400.32248683558,39.8242687277964,154.937684607226,23.1882579658738,71.4245166681964,75.488,88.7598204230711,97.1420179422796
MYS,2012,17.9101382186238,4.99,2.5,58.2994308324456,2587.43170352026,23.8295541013544,8710.52671359902,40.1350010090069,147.841754766013,25.7486213670602,71.9680127926087,75.552,90.2840693958302,97.2149965525313
MYS,2013,18.7954198873143,5.38,2.8,58.6138852533861,2869.7691156446,24.529904124182,8964.80724896203,39.8853736547897,142.720991464873,25.9371066959614,72.4882717118078,75.464,91.8407091766854,97.2860389333655
MYS,2014,17.1052502297433,5.18,3.0,58.9283396743266,2879.92352228516,24.6203013239994,9341.73055971278,39.9244244845871,138.312231176843,24.9776084262813,72.9802206910773,75.345,93.4291188555775,97.3553157635016
MYS,2015,16.9297330913892,4.72,3.4,59.2427940952671,2706.92696275778,26.0842185359915,9648.6797937523,38.4497222119902,131.37007244526,25.424263277142,73.4387869957006,75.288,95.0625414700959,97.4227111540385
MYS,2016,16.3864419259472,4.69,4.4,58.7875209252777,2759.17228283076,26.0873535230558,9901.47960179812,37.6832749440922,126.8990100257,25.9955119994004,73.8588978909614,75.371,96.7575254907929,97.4883578339003
MYS,2017,14.9450075810201,4.28,5.2,58.6348805356871,2617.76462271235,26.0873535230558,10293.7629205362,38.114672270307,133.155173371956,25.5473434515187,74.2354806421432,75.542,98.4801217470705,97.5518244346184
MYS,2018,16.6541753286852,4.5,5.3,58.4822401460965,2839.45244829846,26.0873535230558,10610.1950240479,38.2914253580498,130.402625502126,23.8974199608763,74.5634625145296,75.734,100.170345457312,97.6132438171196
MYS,2019,17.8197510834605,4.44,5.7,58.3295997565059,2878.2988852867,26.0873535230558,10902.9834855856,37.4765336887335,123.028562027943,21.0482403944815,74.8377707734042,75.9,101.782364936844,97.6726796234952
MYS,2020,16.1938532237922,4.49,7.0,58.1769593669152,2722.6031659631,26.0873535230558,10171.4657842762,35.9347266201835,116.788182437638,19.6580082281542,75.0511895575672,76.057,103.148860143053,97.7301935332944
NGA,2008,50.6308298088503,7.28,85.7,25.8974186677207,287.096394760191,72.9272921813411,2098.28339220668,24.7142488981493,,,50.0505212312351,50.748,173.034919902939,56.8252264251632
NGA,2009,49.8346440192099,6.6,88.1,25.7181132448368,260.354679698436,73.3103218156066,2204.6072560373,21.236761481448,,,50.86453484762,51.08,177.925781481603,58.4306651834765
NGA,2010,49.5384605715282,6.8,86.0,25.5388078219529,334.66956339927,73.4421967126717,2315.46676509663,25.3174522378126,,,51.6778188255446,51.315,182.969230431393,60.04206159591
NGA,2011,55.0630390979346,7.07,84.1,25.3595023990689,376.069864552589,73.4914686474082,2370.97657091803,28.2777998870502,,,52.490352424079,51.49,188.170007795602,61.6552661645974
NGA,2012,59.3321391307662,6.86,83.9,25.180196976185,356.728094431268,73.755240730371,2403.65387896924,27.0730175029593,,,53.302114902293,51.688,193.463360672837,63.2702627408651
NGA,2013,48.1407324958574,6.65,81.4,25.0008915533011,350.973548654032,73.5484116736388,2495.34106573749,25.7423212364316,,,54.1130855192568,51.827,198.787227291193,64.8863828876252
NGA,2014,48.1823551711454,6.4,79.9,24.8215861304171,348.505844052068,73.6946120315777,2583.6155695814,24.6436085906069,,,54.9232435340404,51.94,204.109616039176,66.5036264382039
NGA,2015,77.1229282609024,6.14,81.3,24.6422807075332,319.580854421005,73.9246242190674,2585.73360671797,20.160782897492,,,55.7325682057138,51.939,209.352391932101,68.1220021164846
NGA,2016,65.4340626973271,6.46,81.1,24.4629795667402,330.71892495147,74.1530467626294,2481.81490350326,18.17313172689,,,56.541038793347,52.189,214.591719094832,69.7405688273521
NGA,2017,63.2053051290842,6.41,81.6,24.2836830374299,316.089005663683,74.3371732709685,2441.71236404488,22.3151171946859,,,57.3486345560101,52.397,219.873929751749,71.3599849035344
NGA,2018,57.0231990642382,6.27,80.8,24.1043842023782,299.750041448841,74.7367722915775,2431.77857832568,25.7333065832929,,,58.1553347527729,52.669,225.017024056568,72.9796602996736
NGA,2019,51.7218388551219,6.5,80.1,23.9250853673265,330.325537947057,74.9047952831121,2431.53528472982,21.0040409408605,,,58.9611186427056,53.009,230.009377779242,74.5993213952744
NGA,2020,56.5313287289257,6.64,81.8,23.7457865322749,323.130893205101,75.4191119602095,2228.68631422888,18.3649963095652,,,59.7659654848781,53.072,234.961824609945,76.2190366017765
NLD,2008,16.6547053728472,3.68,3.9,10.9799763033175,4755.09420293282,57.1475118483412,46227.211156219,20.7836953534398,130.152049980117,22.2059299952863,85.6149582464487,80.2512195121951,487.132494075829,100.0
NLD,2009,16.4692227209156,3.77,4.4,11.0311888526534,4665.86427744867,56.8455380966499,44304.4119317351,19.5831938213792,115.109660363107,20.5767305168581,86.2223179632671,80.5487804878049,490.079691669137,99.9999979513678
NLD,2010,16.3015198382221,3.99,3.9,11.0726356359324,4978.86938849852,55.5084494515268,44659.272839058,18.9533173048512,130.081707935343,20.0371060399178,87.3502790247129,80.7024390243902,492.599881411207,99.9999991848021
NLD,2011,16.1617295903622,3.65,4.7,11.0246144721234,4611.91453819796,55.1126927639383,45239.7318887962,19.3209585785648,141.757099325776,19.9116480923396,88.0059204972573,81.2048780487805,495.049644128114,100.0
NLD,2012,14.3672482834675,3.7,4.9,10.9733096085409,4599.20591866701,54.6174377224199,44631.8745388789,19.3226704262327,149.393223058131,18.5826577863124,88.5342462391333,81.1048780487805,496.884994068802,100.0
NLD,2013,13.2849780292156,3.62,5.0,10.9317304838231,4488.60406405713,54.8411991688928,44487.03063469,18.6870743291059,150.651850226949,18.3607360340882,89.1749992370605,81.3048780487805,498.795844464233,100.0
NLD,2014,12.61325866781,3.37,5.6,10.8803799346987,4215.35262065709,54.5888987830217,45042.0669545832,17.6818782630222,151.715891056501,17.7066341303839,89.8364787097165,81.7073170731707,500.593885425942,100.0
NLD,2015,13.1341450114978,3.38,5.8,10.8354618354618,4298.59287050144,54.8262548262548,45793.8135434697,17.4148103121536,160.325812564809,22.1699860549934,90.2787737214621,81.509756097561,503.116216216216,99.9999977623031
NLD,2016,11.9585215795702,3.37,5.6,10.8630828630829,4352.44653138733,53.9055539055539,46655.0363382039,16.9640712326865,150.96552921165,19.7764432256049,90.5803239452777,81.5609756097561,505.800831600832,99.9999992507495
NLD,2017,12.7176558041706,3.3,6.4,10.8910008910009,4365.20385335267,54.024354024354,47670.1057253297,17.1210117451832,159.646059656847,20.2151929584837,91.1219700676602,81.7609756097561,508.8,99.9999992668183
NLD,2018,12.0708917579666,3.16,7.4,10.9186219186219,4251.16716726453,54.1431541431541,48463.0299739951,17.3241048530815,163.559146573044,20.4804432515785,92.6062472401044,81.8121951219512,511.779744579745,100.0
NLD,2019,11.3641419467189,3.03,8.6,10.9465399465399,4129.40909477343,53.959013959014,49254.0158854264,17.1127557495056,160.676671884999,21.7580356895369,93.8898028856479,82.1121951219512,515.143272943273,99.999999064505
NLD,2020,10.8892498470498,3.05,10.7,10.974160974161,3975.37813564997,53.8892188892189,47086.5804192702,17.3794770859182,152.233230409706,21.3519779830807,94.2532277765935,81.3585365853659,518.013068013068,99.999999064231
NOR,2008,8.00676104351433,4.27,58.5,33.1400378924774,6412.35151011432,2.80579557775076,75535.2118003041,40.8115905550248,74.7852799340995,25.7831499903704,78.7541006020666,80.5926829268293,13.0548674310872,99.9999977163504
NOR,2009,7.89254973194028,4.26,56.7,33.1370262071382,6200.50244551882,2.77693815641051,73141.3073299889,34.8690747104576,67.4643154601855,24.2956955575084,79.0570820210427,80.7951219512195,13.2205484552792,99.9999984427173
NOR,2010,7.85010783433474,4.46,56.0,33.1340145217991,6455.3166845378,2.75404934783323,72804.3956188398,35.3094842115323,68.2395193584281,24.9886867450873,79.245002746582,80.9975609756098,13.3862623342204,99.9999997403377
NOR,2011,8.65989791417676,3.81,56.0,33.1553701087492,5501.9559356258,2.73515786706969,72660.6754124944,37.6245805499,69.5987336334833,25.4459810194492,79.311620451463,81.2951219512195,13.5610386481366,99.9999978903117
NOR,2012,7.30698815670179,3.96,56.9,33.1767256956993,5805.46758867551,2.71818291334012,73661.6785830334,37.4765762389368,68.4985528389766,25.8720343590957,79.4905925441617,81.4512195121951,13.7403297521657,100.0
NOR,2013,7.02749190738719,4.14,56.6,33.2090866046879,6047.18057523381,2.70359004539183,73515.9144917472,36.2739314669769,67.9727925936832,27.3276198211521,79.9723980455359,81.7512195121951,13.9120886837683,99.9999992599067
NOR,2014,7.09267324687363,3.75,55.8,33.2318108614437,5525.57603893844,2.7026523658753,74180.3238731011,34.6738352116026,69.1373772209037,27.2099921057026,80.6117159535579,82.1,14.0704449094514,100.0
NOR,2015,6.75214227846257,3.31,56.5,33.2456439881958,4930.48137593923,2.70004137564292,74809.9658049898,31.5986317732861,70.431856540017,26.9188414862645,81.2378240971353,82.3048780487805,14.2079384825517,99.9999975725988
NOR,2016,6.23059189808068,3.6,57.7,33.271099733249,5368.57647170474,2.69388608214041,75017.4944769055,28.5306166329967,69.1168423974699,27.7264215581661,81.6800003051758,82.4073170731707,14.3354243797401,99.9999982841092
NOR,2017,6.52155808218128,3.74,58.9,33.2945336229161,5673.5093152418,2.69802778789613,76247.4116445341,30.4933671932528,69.1087817621061,27.5528323979124,81.9699745912375,82.609756097561,14.452576255125,100.0
NOR,2018,6.69607752509394,3.65,58.9,33.3172650284299,5539.19011908654,2.70133768638321,76373.6474606092,32.6446122707692,70.0031957894984,27.7268430380858,82.2452112401723,82.7585365853659,14.5488896436123,100.0
NOR,2019,6.38122446338577,3.43,59.8,33.3399069828592,5220.68866140147,2.69589201685045,76712.2871160349,29.8244589771798,70.8958205272987,29.611444403947,82.4935894878281,82.9585365853659,14.6479975020132,99.9999973521183
NOR,2020,6.05589724673443,3.44,60.9,33.4353596771758,5145.72221927617,2.70656765993659,75287.2059527598,26.8831673443447,65.3539790413323,31.3521157276673,82.7029885700532,83.209756097561,14.7672152298338,100.0
NZL,2008,6.82821205375524,4.52,26.1,37.4030002658463,4100.75606551399,43.1962325775702,35739.3584607571,23.4180182363135,64.2611448527979,22.9039037931743,85.9144723093505,80.3512195121951,16.1778891800539,100.0
NZL,2009,6.93534102480686,4.6,28.5,37.4021191751168,4073.03697683547,43.6367779423493,35370.585185302,21.5920234531835,55.0143501856026,19.926477761063,85.8918345477824,80.7024390243902,16.340435228438,99.9999975383469
NZL,2010,6.96830513959859,4.68,29.4,37.4012380843872,4147.30616096111,43.3253579431089,35489.7631519026,21.3739109959972,58.1047406012087,20.3756573267404,85.8614043258228,80.9048780487805,16.5231096426266,100.0
NZL,2011,6.74391297899936,4.6,30.3,37.4000911473169,4108.26383266428,43.1848391629638,35957.523248516,21.0821962770197,59.1724105593848,20.6489426548507,85.8233151875134,81.1560975609756,16.6495765447571,99.9999988858894
NZL,2012,6.77378849107112,4.73,28.8,37.3989442102465,4280.5653723436,42.571113896168,36607.1493914827,21.0796325358149,56.9087671962042,21.2760294778962,85.777700676896,81.4073170731707,16.7411036420949,99.9999978085497
NZL,2013,6.77775160923795,4.68,28.3,37.3977972731761,4298.71533674262,42.1784208727356,37267.6586997514,20.3295523823426,55.9861241102171,22.1773812692661,85.7080129786455,81.4048780487805,16.8702290076336,100.0
NZL,2014,6.59603176441408,4.74,29.0,37.3966503361057,4476.80712476497,42.2163989214234,38056.2646732554,21.4447733176352,55.0986550961851,23.059728219927,85.5076659530411,81.4568292682927,17.1527856898713,100.0
NZL,2015,6.57020164227168,4.62,29.3,37.3955033990354,4422.74264118048,40.6820857544339,38665.3723018158,21.2079712328178,54.851331734287,23.1953014645751,85.1518763760531,81.6124390243903,17.5056017621815,100.0
NZL,2016,6.63410190310228,4.4,30.1,37.396035091717,4265.93839527509,40.3099008772929,39235.3695566636,20.173239535132,52.4062478142589,23.1657261077796,84.691365594,81.6585365853659,17.9032319319433,99.9999978251524
NZL,2017,6.82907618571061,4.25,28.4,37.411606091679,4200.71262692085,40.4238350233565,39722.6068434219,20.5291845375564,54.1432970416804,23.70401682613,84.1701025874108,81.8585365853659,18.2811135163875,99.9999952214353
NZL,2018,7.21258721355312,4.04,28.9,37.4279366526148,4109.2206852685,39.8693555125138,40371.5456268118,20.3819514710778,55.7664814899437,23.9860432020994,83.8017846685577,81.7073170731707,18.6115225399719,99.9999959549403
NZL,2019,7.42296671535298,4.05,28.0,37.4673198891041,4170.80496267642,39.2882913675895,40727.8822513384,20.3679361122366,54.4542971758367,23.7676954815243,83.804965871667,82.0560975609756,18.8762295393263,99.9999954101942
NZL,2020,6.48591499675774,3.94,28.7,37.5701264669021,3862.58510163497,38.5629106376514,39785.473128643,19.977838930424,43.9772422862431,23.1117429315929,83.8138977095908,82.2560975609756,19.2639854164293,100.0
PAK,2008,50.7539150601749,4.39,46.6,5.41878891656289,437.793091427855,45.8086861768369,1258.05188934452,21.1955484525846,34.3489608135242,17.996422608907,34.4460387735948,64.002,245.821804950187,88.4820319386941
PAK,2009,47.7996621859414,4.41,46.4,5.36462614155251,433.232502017003,45.7619863013699,1269.07432116444,20.3372467582902,33.3268872863988,17.5777374307953,34.6280259603331,64.206,252.148886986301,88.6492343131649
PAK,2010,46.5708385959715,4.37,47.4,5.31046336654213,429.290150470498,45.7165836446658,1256.69482201323,20.9650197800876,31.9890020462315,15.9615524272363,34.8159187475539,64.378,258.456630085098,88.8147345072875
PAK,2011,55.754979166674,4.27,46.8,5.26865919468659,422.806783066711,46.6168534661685,1261.83161907857,21.1864809532945,32.3626382751438,14.6316275197265,35.0113675889897,64.659,264.303218399751,88.978515573403
PAK,2012,66.8719540673752,4.19,47.2,5.22685502283105,419.511994101923,46.781600249066,1275.48806898966,21.9583720724829,31.3189732760076,15.1689869381562,35.2160229383731,64.883,269.389691002491,89.1405658210321
PAK,2013,68.5813248667094,4.13,48.1,5.18505085097551,421.547198130113,47.063096720631,1309.70080446386,20.8910295084645,30.8902743401844,14.9823804459246,35.4315352494366,65.129,273.809124636779,89.3007289268109
PAK,2014,71.7121701033462,4.17,47.2,5.14324667911997,433.41831568369,47.0267745952677,1343.30778121043,20.8659912298838,29.4698256903998,14.9075542099107,35.6595549759128,65.374,277.948120330012,89.4591472805659
PAK,2015,68.0068767608943,4.13,45.9,5.10144250726443,437.113254936443,46.9619136571191,1380.47020838317,19.602614668814,26.6881860172247,15.8109305453177,35.9017325715342,65.641,281.873810450394,89.6158196961384
PAK,2016,68.5228297189002,4.17,43.7,5.01795350767954,446.831497143007,47.7298671647987,1452.18658269177,18.1501179723214,24.7015780480573,15.9357468463989,36.1597184900333,65.943,285.568271326276,89.7707150440618
PAK,2017,61.7967274713574,4.17,42.1,4.99418845994188,456.017360937059,48.0009858862599,1495.26187528032,18.0993270885214,25.472035002344,16.3328910849517,36.4351548223399,66.223,289.635179275633,89.9237776878555
PAK,2018,62.3894976390133,4.02,43.4,4.94056143628061,453.513978590289,47.9361249481112,1561.68169819559,18.5890515927482,27.6260570796337,17.0682908414203,36.7478511550359,66.481,294.376416562889,90.0758470234098
PAK,2019,52.8571976958305,3.83,45.9,4.88693441261934,431.515757251107,47.0553134080531,1573.8330826937,19.5638945814483,28.9055769867032,15.4996449690024,37.1091631735769,66.729,299.399256693649,90.2267743289886
PAK,2020,42.9981734249878,4.17,42.7,4.83330738895807,454.250317980901,47.572903694479,1526.00597486307,18.5894635445816,26.7162807328814,14.8155399944077,37.5080192948099,65.701,304.848674242424,90.3763302585524
PER,2008,48.3321548571422,2.56,33.7,58.0464109375,581.604189028885,18.496336640625,4778.52642172313,36.3269344719167,58.4337673899053,26.178345935433,76.2744879116779,72.743,22.43675078125,86.1388730860252
PER,2009,40.1890044536392,2.56,32.9,57.94890859375,583.138420968196,18.57030484375,4801.17153740507,33.551682543695,48.1119296153519,19.9786779797935,76.822147540745,72.631,22.57563359375,86.7621628336496
PER,2010,34.7111781547367,2.46,32.2,57.85140625,603.455432475802,18.644273125,5167.39259325937,35.7720066029406,51.6728089370033,23.7605090406542,77.4020936833934,72.886,22.72345234375,87.3815093121049
PER,2011,32.0639653460543,2.66,30.6,57.7177703125,688.059834224801,18.718241328125,5453.45718713631,37.2361002771383,55.9882802838607,24.200875596397,78.0118164985462,73.327,22.8938171875,87.9963640224872
PER,2012,33.9046061596244,2.69,30.8,57.584134375,731.975608324875,18.792209609375,5740.04346272472,35.5335533553355,52.6198952632294,24.6060563122502,78.6488061451268,73.979,23.0862234375,88.6072952219099
PER,2013,32.0778901377032,2.44,28.4,57.4504984375,698.053820478867,18.76575328125,6021.46142765232,33.8594367461678,49.7871424471444,25.5741818690255,79.3105527820586,74.591,23.29524921875,89.2138017423285
PER,2014,32.9197109468005,2.51,28.6,57.3168625,728.635674022974,18.75578140625,6103.91864749969,31.701403934103,46.8531210912899,24.6661205071214,79.9945465682649,75.26,23.5279890625,89.8161834428489
PER,2015,32.8751693157181,2.51,27.4,57.1832265625,743.011209215106,18.995159375,6231.71150338894,30.3378798708175,45.1627686891148,24.3051143583227,80.698277662669,75.732,23.795,90.4146720652742
PER,2016,33.739432290958,2.52,27.2,57.03928125,764.054757957891,18.75,6392.25474941014,30.5565505783828,45.3888411964154,22.0213133889585,81.4192362241943,75.951,24.1144484375,91.0088509037893
PER,2017,32.7083066880238,2.49,27.6,56.902171875,762.042756190787,18.945396875,6457.41940254721,31.2978841231473,47.5135503619971,20.7118137063238,82.1931650502403,75.958,24.47237265625,91.5989672683032
PER,2018,30.6265686811297,2.5,27.9,56.77815625,783.890205846973,18.82389765625,6593.14437459526,31.6240835005495,48.631470171736,21.3111751422932,82.6854929960921,76.018,24.9199875,92.1863171590782
PER,2019,29.1117854585642,2.54,27.1,56.643125,798.439603977568,18.6431953125,6626.26083494969,30.4491957836385,46.9435053754409,20.8336395514866,83.1033003087105,76.275,25.35101796875,92.7704924879638
PER,2020,27.0356284968814,2.41,31.6,56.5081015625,666.666363333809,19.125773046875,5831.83024758521,30.3192857092121,44.245967197744,18.1912588877919,83.5267437189637,73.832,25.65513984375,93.351440846039
PHL,2008,26.5791929727268,3.34,33.9,23.2539423818627,439.081886950045,40.2790354495757,2264.9462907288,32.765288410954,67.6810707730401,18.9671469154789,43.1547492407016,68.643,310.893433276319,89.5006950192922
PHL,2009,24.8862804012556,3.21,34.1,23.0964684575913,420.717035027758,40.580876681088,2256.72554835463,31.5225426812628,60.8865907869758,17.4317211991991,44.3356772609527,68.631,316.545091726196,89.8798092589211
PHL,2010,23.0284261383751,3.13,32.7,22.9389945333199,431.460692039266,40.580876681088,2373.14312064664,32.3395560456604,66.1042785137797,20.4417711390659,45.5208176726647,68.883,323.094627226079,90.264011405217
PHL,2011,20.2762007200701,3.05,33.8,23.055994902237,428.32978664067,41.1174833148875,2416.75212064542,31.3386827828469,60.7958366999075,20.7399365678349,46.6833632464759,69.096,329.505362712547,90.670107052381
PHL,2012,21.8351961883251,2.97,34.1,23.172995271154,437.466406247307,41.6876278632995,2533.74141964959,31.3994933632444,57.8420055133082,19.5607279687897,47.9182784810426,69.237,335.96777677164,91.0748919479401
PHL,2013,22.7402636854564,2.87,33.1,23.2899956400711,443.26971934561,41.8184257302881,2654.41506933978,30.7754466314331,55.8247812320298,20.642224107669,49.1313688766206,69.283,342.342744072174,91.4784521468904
PHL,2014,20.3368824432152,2.89,32.4,23.4069960089882,465.625886441589,41.9156856826642,2776.92005909479,31.0474444753394,57.4681720875945,20.9239704373705,50.2392400212368,69.311,348.013314552101,91.8806100613092
PHL,2015,19.7079275985218,2.95,30.8,23.5239963779052,499.070776259238,42.0129456350404,2909.85818010301,30.4819509834967,59.1415921053094,21.3409478711064,51.1549047745227,69.45,353.197813327967,92.2815392767777
PHL,2016,19.9069716374648,2.91,28.6,23.6410101619881,520.980850770081,42.1102055874166,3076.3374186759,30.2859171672694,61.7760657653871,24.618503101685,51.9114748151175,69.49,357.969342992253,92.6811507144986
PHL,2017,18.3327018141416,2.89,27.8,23.758023946071,544.47519980766,42.224234497099,3247.4503878362,30.1265505767725,68.1683697426727,25.5587738639602,52.6010482354344,69.966,362.61090317604,93.0805992720253
PHL,2018,20.5885077839401,2.8,27.6,23.8750041922393,554.498283533215,42.3013717007077,3410.93647976109,30.5637401548214,72.1633982990273,27.1505820415621,53.2088897464754,69.761,367.123744843546,93.4798496793252
PHL,2019,21.5254371973976,2.66,26.9,23.9920179763222,551.866549795025,42.3785089043163,3575.88170922922,30.3275078794624,68.8418422595678,26.4018084647284,53.7157859948017,69.68,371.615799711574,93.8786426296812
PHL,2020,20.2887417122616,2.78,29.1,24.1090317604051,518.156775784154,42.455646107925,3198.66690008413,28.3999175850521,58.1695603022281,17.4333790282876,54.1077719895977,70.097,375.897186168964,94.2767858134665
POL,2008,27.4309285084638,4.79,8.0,30.2807704864512,2563.58518489618,50.9337251061051,10187.2017910883,28.8165316846699,80.5746815569207,24.7561450970576,61.1258760375274,75.5439024390244,124.471952334313,98.2292078050967
POL,2009,27.2131986939225,4.48,8.8,30.3709024422097,2463.27043395388,50.9958208175526,10446.5289138524,29.9613126651954,74.9685965264269,20.7579141114998,60.9800753477,75.6951219512195,124.564460624265,98.2259217196512
POL,2010,26.9664708685675,4.65,9.5,30.4590570719603,2642.06881241023,47.1757868616952,10808.3975674238,29.6974993930566,82.2258523219922,20.8586688863455,60.8474783987677,76.2463414634146,124.209200731357,97.6879584408668
POL,2011,26.5458489052773,4.45,10.4,30.5234627567515,2652.99080592091,48.2611109296934,11370.313427173,30.3941659979475,86.9236892837618,22.3450463094694,60.7357090652544,76.6951219512195,124.296296901022,97.1483620185882
POL,2012,24.1304928281428,4.24,10.9,30.5838939324669,2563.69089214526,47.4462804519626,11542.2353368014,30.2281657114043,88.8299033066583,20.8019518666142,60.6341632788866,76.7463414634146,124.300058781268,96.6064109843745
POL,2013,23.1892115212622,4.2,11.4,30.6443290552235,2567.18208491979,47.059207733255,11628.2286809525,28.6768333488015,90.4175072415629,19.1280449978263,60.5333187465323,77.0,124.229110740995,96.0626756426039
POL,2014,23.433827803997,3.9,11.6,30.7057709265489,2473.79770713362,47.1080048336001,12093.1622787394,29.9351239778153,92.0340197113178,20.8272789201168,60.4340063344328,77.6024390243903,124.144273163722,95.5170444873157
POL,2015,22.4139830731908,3.77,11.9,30.7652111434077,2498.7740659386,46.9349096965936,12637.5220324406,30.9939300295541,92.2554272741942,20.8016958781231,60.3362886805635,77.4512195121951,124.061569613639,94.9696427851433
POL,2016,21.2485092459447,3.83,11.3,30.8142003331265,2614.97160490538,46.9447075345374,13026.1858988718,30.6734871058329,96.8659028060623,20.0873009067718,60.2402284228997,77.8512195121951,124.008253045495,94.4224326184484
POL,2017,22.2631718698092,3.81,11.1,30.8533916849015,2734.42727608835,47.2321107808877,13695.6452848724,28.8090759581658,100.56589524628,19.9081446848915,60.145888199417,77.7536585365854,124.0237303635,93.8761307350633
POL,2018,22.4094051941271,3.77,15.1,30.8946010386387,2865.52683144763,47.39850409903,14551.0850277089,28.8614617242515,102.442462168005,21.443880969665,60.0533306480907,77.6024390243903,124.031583760656,93.3312333762882
POL,2019,18.7701954101512,3.48,15.6,30.939858220901,2761.07246212926,47.4437293783281,15221.3090624454,28.8315242170352,101.581033817373,20.7076794491101,59.9626184068963,77.9048780487805,124.025595374212,92.7883142536668
POL,2020,17.9583314936851,3.44,16.1,30.9770358997811,2710.95606232103,48.1266128768824,15090.2228440113,28.5669486213815,99.2590912303436,18.8394051569485,59.8738141138092,76.4,122.548420605625,92.2480567425882
PRT,2008,11.4411407098565,3.03,23.2,35.6160489778069,2337.4925314705,40.7331365475019,20014.4749330004,20.3862797641316,72.0757429221604,23.5794931626439,60.3510029424595,78.5243902439025,115.427757734776,99.1647380215386
PRT,2009,10.9800301103829,3.08,24.9,35.5377224587837,2304.1784841547,40.3491647559777,19371.1318876855,19.857190463856,61.4926935267759,20.8425074783613,60.8066368745822,78.7268292682927,115.386472322306,99.163049429434
PRT,2010,10.7935723715541,2.92,27.8,35.5060596134949,2222.62833547109,39.8970411616989,19698.6836791397,19.9335310982463,67.6892401927983,21.1994526798182,61.0788867241731,79.0268292682927,115.439458456163,99.1627697149576
PRT,2011,11.5157580200238,2.89,27.2,35.6370782836554,2164.03219875257,39.8445245114095,19389.6395896162,19.3319728029358,73.0075756700531,18.6613799007397,61.1410698395502,80.4707317073171,115.269789278305,99.1638655691721
PRT,2012,10.1151524382993,2.83,25.5,35.7680969538159,2039.16999711033,40.0088437602358,18679.7626789594,19.0867583864245,75.9411067187813,15.7536608050077,61.1409793914666,80.3731707317073,114.803406485424,99.166331194383
PRT,2013,9.76832048738232,2.86,30.2,35.893158903643,2055.58816601984,40.4027282294018,18597.7214623964,18.8830973772949,78.0305056874282,14.6835299275763,61.1405315215642,80.7219512195122,114.156128691384,99.1701146660996
PRT,2014,9.50576236832378,2.8,30.5,36.0239985328408,2035.41142547114,39.996244771062,18836.8967978906,18.9850440099134,80.220669072079,15.3444039472278,61.1394537361116,81.1219512195122,113.541770372117,99.1752179705085
PRT,2015,9.64253451834766,2.85,27.2,36.154994891142,2121.0872664787,39.7222440549486,19215.7813014347,19.5938498258589,80.6346756266443,15.9379888733382,61.137469211538,81.1243902439025,113.072519583956,99.1816068105742
PRT,2016,8.83773210008347,2.77,29.0,36.154994891142,2111.0971132123,39.5066458819112,19662.82312462,19.448178094831,79.5223464844001,16.0283624571119,61.1343011242723,81.1243902439025,112.716384151187,99.1892660271038
PRT,2017,9.2551980440464,2.8,24.4,36.154994891142,2209.9813508898,40.1000899508327,20364.1962735946,19.2493833127062,84.8077923069539,17.44628649988,61.1296726507436,81.4243902439025,112.441815784188,99.1981706237111
PRT,2018,9.02601451562929,2.63,27.5,36.154994891142,2140.97558921814,40.791900276839,20997.7745987013,19.3820435381975,86.7356954918399,18.5247214985093,61.1233069673808,81.3243902439024,112.261935951514,99.2082778688964
PRT,2019,7.98256121876526,2.53,28.2,36.154994891142,2115.18570481977,43.1253165745326,21569.1874752919,18.886083188208,86.7709889083586,18.76826598288,61.114927250613,81.6756097560976,112.288582794065,99.2195921254353
PRT,2020,8.45242266236737,2.56,31.3,36.154994891142,1957.30550192994,43.1660902826901,19778.7139525722,19.3945333422241,76.5086407209215,19.4185791809348,61.1042566768691,81.3292682926829,112.406676011074,99.2320711795606
ROU,2008,20.523004802707,3.61,20.4,28.2087864288821,1925.09359481658,59.3040452370596,8318.00342795388,36.7743706646186,65.1752009979412,33.0936844355478,53.6297858153706,72.5658536585366,89.3339495432797,100.0
ROU,2009,20.1691050030713,3.37,22.1,28.2539337564114,1707.81228256351,59.2062940102582,7924.87058070212,36.4231420350652,58.4700583666529,27.2026875632393,53.7875150259042,73.309756097561,88.5311962096844,99.9999988230142
ROU,2010,20.0206954096756,3.52,24.1,28.3199304499022,1724.69848692837,61.5344490328189,7660.70667630517,38.3073286489437,69.9549354932718,27.1890794202952,53.9038227941329,73.4585365853659,88.0107411432297,99.999996291155
ROU,2011,21.3631759849928,3.44,21.1,28.6405352565495,1771.70358553223,60.7464048312117,8044.57194920892,40.2099159620935,76.271356441629,27.809701397226,53.9608874244169,74.409756097561,87.5332493374462,100.0
ROU,2012,19.4249667326641,3.29,21.5,28.9948004521346,1736.57620479665,59.7035040431267,8234.28553425194,34.4276463515754,76.5943239913672,26.7222427286412,53.9563092496073,74.4121951219512,87.201265107382,100.0
ROU,2013,17.8711054888739,3.0,23.1,29.3291135938791,1590.19381302075,60.4486371342868,8287.95844089676,32.072608504292,81.3976131747183,25.2514905784046,53.9101758034365,75.0634146341463,86.8742903099596,99.9999994937801
ROU,2014,17.9898360506608,2.85,24.3,29.6582406119611,1579.40659793132,60.1095271210014,8661.47397274241,32.5700211539755,83.3751429575201,25.2257196462876,53.8267187624053,74.909756097561,86.5306806328234,100.0
ROU,2015,17.4955175712912,2.78,23.7,29.9937413073714,1598.69179785792,60.2312239221141,8977.01748158196,30.811807082352,83.5205767017155,25.4960152893431,53.7071839518893,74.9121951219512,86.1248956884562,99.9999977589851
ROU,2016,16.5983385295736,2.7,24.4,30.1158292767733,1604.62335040687,58.7665159944367,9286.87678236598,30.1213847463155,85.8925282906884,23.6646873522112,53.5528171972639,75.209756097561,85.6322453059805,99.99999889392
ROU,2017,17.0446117524786,2.62,23.4,30.1158292767733,1693.37364201715,58.1449930458971,10106.2269557253,29.1130933187854,87.1560645667801,23.9867377562262,53.3648643239046,75.209756097561,85.1387126216968,99.9999969050607
ROU,2018,17.1719925973938,2.49,23.0,30.1158292767733,1717.11748022415,58.3014603616134,10714.1701157127,29.1075109238852,87.0911701095809,23.0435742456948,53.1445711571868,75.3585365853659,84.6399947844228,100.0
ROU,2019,15.0073403663299,2.37,23.5,30.1158292767733,1705.25777604649,60.0921418636996,11197.3162915853,27.7745670712094,84.9063630584793,24.4073793139433,52.8931835224862,75.6073170731707,84.1952712100139,99.9999999599391
ROU,2020,14.8501731264834,2.39,24.1,30.1158292767733,1669.6382293589,56.7150556328234,10854.049431887,26.6218787803176,78.3616463562709,24.3319634913981,52.611947245178,74.2536585365854,83.7328320584145,99.9999987108397
SAU,2008,59.5066506638847,5.72,0.0,0.454484134921779,6980.05897029755,80.8328759960739,21629.8405734551,66.4293431587112,96.1026308742185,27.2957945617723,81.6441431042994,75.301,10.8331326842475,99.06590853272
SAU,2009,59.6227043484328,6.32,0.0,0.454484134921779,7125.05300494705,80.831344752034,20577.5453445336,54.6450009539393,84.8583415624843,31.7152823567211,81.8644480116889,75.447,11.2656494657369,99.064350805569
SAU,2010,59.8441227942823,6.7,0.0,0.454484134921779,7965.26121862505,80.8209750708242,21830.1424272816,58.0314401714882,82.5496850227537,30.9262320159049,82.0791668544465,75.616,11.1543929589848,99.0628033442544
SAU,2011,61.9036201963126,6.3,0.0,0.454484134921779,7979.3799657336,80.8180482767283,23314.5576023168,63.0803869808085,84.3594342438995,26.765793867763,82.2543876159947,75.808,11.6723187994548,99.0612486326725
SAU,2012,65.8136535735159,6.18,0.0,0.454484134921779,7862.42354103658,80.8132607957426,23643.0358324647,61.9428982819125,81.74067854616,26.4578386746131,82.4311918025358,76.09,12.1733184784783,99.0596929684961
SAU,2013,64.2495664318178,5.94,0.0,0.454484134921779,7401.17130265584,80.8084732682387,23057.3494468535,58.9702568849547,80.2515014286783,26.2949562527888,82.6071884619102,76.517,12.8502267768841,99.0581282049423
SAU,2014,51.0877522409227,6.32,0.0,0.454484134921779,7959.81351652344,80.7661454907452,23404.7306039825,56.1653404810043,78.000111117736,28.5328325808043,82.7822571294871,77.116,13.1690025073383,99.0565545012609
SAU,2015,65.6121801282607,6.17,0.0,0.454484134921779,7786.91651664863,80.7626139582917,23256.1549553531,44.6011697093878,67.1052692300592,32.4339384933454,82.9562773406163,77.776,13.8700845238151,99.054985329852
SAU,2016,57.2721294327821,6.07,0.0,0.454484134921779,7521.58911581712,80.7596872107141,22783.0328538685,42.5305962013279,57.9216635110364,28.1170520868555,83.129128630626,78.354,14.399377584675,99.0534091692416
SAU,2017,59.4402484783372,6.18,0.0,0.454484134921779,7707.05632967392,80.7591328517135,23035.1199977707,44.8899324686986,59.5319791578229,25.4757265766537,83.300690534822,78.721,14.4101498355577,99.05183493953
SAU,2018,61.9886640504678,5.81,0.0,0.454484134921779,7650.66372475004,80.7582529108848,24393.5188306638,49.0147439495304,59.1029104697141,22.3727056762612,83.4708425884849,78.75,14.0468072140634,99.0502504705906
SAU,2019,58.6225928552836,5.76,0.0,0.454484134921779,7668.22165933444,80.7636691802074,24905.6697428558,45.7234459871756,56.7938204886513,25.5522842268021,83.6394643268678,78.313,13.9851787932213,99.0486721197549
SAU,2020,53.1486013629285,5.95,0.1,0.454484134921779,7170.88694947248,80.7734077936819,22827.671935548,38.3004545080469,47.533159225048,23.3158218039549,83.8064352851942,77.596,14.6777023663877,99.0470900170106
SWE,2008,7.955908814386,4.63,43.2,68.962097237269,5383.76479707233,7.55094580763918,48428.6587081751,24.1454500212714,92.8083687095596,23.9610681178216,84.7517366727063,81.1,22.6337796193202,99.5824390950452
SWE,2009,7.85892940513784,4.43,45.7,68.9400026562596,4891.39219246248,7.52983320800796,45974.3911151254,22.3348931376132,81.958313967393,20.4603001983975,84.9341031919813,81.3512195121951,22.8274214371936,99.5949006103398
SWE,2010,7.82247575410873,4.7,44.7,68.9179080752502,5443.32366800687,7.54579040540365,48205.5492512742,23.8590077358558,85.0914849272733,22.4219023210946,85.1334228515625,81.4512195121951,23.0228627359425,99.6072194103312
SWE,2011,7.91243933234096,4.45,45.4,68.8722459411641,5281.40096330574,7.51976789888145,49356.5905257047,23.7337228802394,86.3907448060188,23.2373150954555,85.3600748880524,81.8024390243903,23.1973780115221,99.6200368706399
SWE,2012,6.6090550437011,4.52,48.3,68.826583807078,5295.92806615816,7.44219137000395,48789.7906883637,23.1051457982894,85.2980605424359,21.9937736525354,85.6250668883122,81.7048780487805,23.3696200002111,99.6332110988659
SWE,2013,6.56222856877152,4.41,47.3,68.7809216729919,5178.9349383913,7.4534350567843,48928.4994141291,21.9846853173318,81.6402521329964,21.899375975039,85.9249771259894,81.9560975609756,23.5684835040631,99.6460882913132
SWE,2014,6.77228861428546,4.19,48.6,68.7352595389057,4997.87990362276,7.45341050724985,49557.6183647959,21.6084554046683,83.8229810483527,22.8644895912017,86.2563838747314,82.2536585365854,23.8034986523533,99.6586774345315
SWE,2015,6.30260504424704,3.7,51.9,68.6944981353789,4573.58907986933,7.43498868578537,51188.1652120493,22.2743619851494,84.1730765958171,23.7906694877918,86.6158654081858,82.2048780487805,24.0582617728817,99.6710064082341
SWE,2016,5.69783329212579,3.9,50.9,68.6944981353789,4858.89940544006,7.41674708031197,51626.3235312369,22.0060731182678,83.4519478574149,24.3491111935187,87.0,82.3073170731707,24.362449750883,99.6830482298688
SWE,2017,6.06180356722068,3.91,51.8,68.6944981353789,4926.81117539334,7.39330060221358,51894.3748177808,22.1839062370905,86.0693088740521,25.0919649215298,87.237373786911,82.409756097561,24.6929419766692,99.694829304649
SWE,2018,6.29086232136503,3.91,51.6,68.6944981353789,4966.26111814633,7.36634329022193,52203.0872589761,22.2729867092578,90.4087142361701,25.3360254860097,87.4737430925296,82.5585365853659,24.9814588688378,99.7063476379423
SWE,2019,6.06869269595507,3.73,52.9,68.6996660773915,4781.87568337501,7.37821646042035,53024.4099494317,22.3760709701034,92.7511390290561,24.4772455073125,87.7088420242759,83.109756097561,25.2378879395011,99.7175968808231
SWE,2020,5.63670790600148,3.44,57.8,68.6996660773915,4284.99805555044,7.38067177371833,51624.5811789573,21.8184248297627,84.4745958141618,24.4207542408468,87.9424046895699,82.3560975609756,25.4209438224317,99.7286050632105
THA,2008,37.3495127087413,4.99,22.6,38.8694239464464,1596.82835450256,44.3109084147272,4805.76393990836,39.4796129651304,140.437011540931,28.2264349517752,41.8954507430475,74.221,132.356926148486,96.5089112924914
THA,2009,35.5786281029176,5.0,22.8,39.0798410616767,1578.76107269732,44.4929436865079,4737.45679763314,38.6085988884387,119.269418854589,20.6363983767118,42.9991311200422,74.669,133.338057116013,96.8196905562878
THA,2010,33.4690505539545,5.1,22.8,39.290258176907,1718.62118368043,44.6749789582885,5059.35747831657,39.9217256985357,127.250522638251,25.3566546340746,44.0018736622496,75.012,134.235250249564,97.1240162959277
THA,2011,29.0591951880929,5.05,23.0,39.2855604924739,1704.82334080525,44.6828084323436,5070.23740191942,37.9813982711097,139.675407224576,26.7914582468449,44.8048723557374,75.302,135.072536162383,97.4082908052725
THA,2012,31.5886298984382,5.05,23.6,39.2808628080409,1818.19204308684,44.6906379063986,5403.87846036273,37.343694137461,137.67493851024,28.0241657146011,45.373565813715,75.59,135.912031944254,97.6857256811255
THA,2013,34.4883511418629,5.29,23.2,39.2761651236078,1943.92303978228,44.6989868660573,5516.61164164135,36.8985884648101,132.462274174269,27.4571011829666,45.8321343847773,75.96,136.712626984282,97.9592475537445
THA,2014,29.9705384622081,5.22,24.4,39.2714674391748,1926.22582617648,44.7102115915363,5541.46599361845,36.7630403655124,130.905495444398,23.9190195478501,46.3138799467897,76.279,137.439305917125,98.2288774371451
THA,2015,28.1544413826202,5.07,22.6,39.2667697547417,1932.67390968815,44.7180410655914,5688.85335397884,36.1791773262667,124.839662152526,22.3556406383245,46.9521043776171,76.563,138.07433106931,98.4945735276121
THA,2016,30.3985996204755,5.04,22.4,39.1806455401358,1985.00530928348,44.7102115915363,5857.78052935926,35.586765405076,120.57522728913,21.1054892015174,47.8801095551247,76.769,138.698821664155,98.7563664509808
THA,2017,27.1006744719071,4.82,22.2,39.1101802736401,1988.13781529099,44.7199984341052,6076.74307700082,35.018759526322,120.891427433638,22.9342956887695,49.2311973571777,76.989,139.286709467791,99.0141678969544
THA,2018,30.0080973964844,4.53,23.7,39.0397150071444,1951.8556356188,44.7174470042475,6314.19948412043,34.7424896675041,120.841864730984,25.2195901594439,54.5843734741211,77.19,139.709289670966,99.2453414879961
THA,2019,30.382756547172,4.53,23.9,38.9692497406487,1989.81234226863,45.019475816712,6434.53770518034,33.5939105133265,109.689514715166,23.8147525746375,55.9266166687012,77.197,139.995441288731,99.4287701898312
THA,2020,31.0072016277159,4.59,20.9,38.8987844741529,1884.35073727402,45.5516837283955,6035.18627737077,33.2907229678575,97.8007432465178,23.7553851722696,57.2358779907227,77.331,140.228785061364,99.487572734038
TUR,2008,23.5308222381306,2.91,12.5,27.1508828917792,1385.17801532797,50.8322180788171,8447.93976396947,26.2111946844741,50.7612500066681,29.7262007474574,66.513650890377,74.38,92.3192677000637,93.9967938201436
TUR,2009,24.3090940355664,3.06,13.1,27.2723347582605,1364.09730379872,50.5580603666697,7925.30110421185,24.0534082630626,47.0391385732199,23.6948756749495,67.8401432171223,74.679,93.6023881605447,94.1796628732745
TUR,2010,24.6357302627663,3.03,14.2,27.3937866247418,1445.41016354332,50.6892922573184,8472.57809050119,24.5086143505767,46.9433366709891,28.4520777825517,69.3471253941487,74.964,95.0354715902447,94.3588134972971
TUR,2011,23.7473685846179,2.9,12.7,27.535990021179,1515.88033612695,49.6953081350779,9265.85910238578,26.8475365830986,53.651583897618,31.958286232969,71.0028723528334,74.823,96.4406649948677,94.5342469768029
TUR,2012,23.2440162263121,2.9,13.0,27.6781934176163,1567.31606123672,49.9032002390759,9588.32066531438,26.6835564000517,53.3277612968607,29.421538205313,73.7788680234324,75.552,97.6778802801346,94.7061073056509
TUR,2013,23.5023978223691,2.61,13.8,27.8203968140535,1510.79118967025,49.9239894494757,10269.4489140773,27.7513691316392,53.0683530043043,31.3649431990856,78.5218368384696,76.171,98.9405610488157,94.8740402203655
TUR,2014,23.4874858374985,2.57,11.5,27.9626002104908,1543.09095693879,50.0942011096241,10597.9801881716,28.1981753928692,54.30677404128,30.2115390664919,83.6024850744433,76.452,100.284401595572,95.0383332367469
TUR,2015,24.5603763797256,2.62,13.3,28.104803606928,1646.83631130339,50.0903031326741,11064.6494504662,27.9632974104138,51.8749252596832,30.062899150791,87.2167107972537,76.539,101.631276067721,95.1990408276222
TUR,2016,23.83379270795,2.7,13.2,28.104803606928,1724.54363987712,49.8005535127269,11279.6169531569,28.3385128402288,48.870183807987,29.8288300175216,88.1020958581776,76.595,103.007889505347,95.3562997823
TUR,2017,22.1031402126985,2.69,11.4,28.2635292283305,1828.02986770908,49.3275989761314,12005.6459824832,29.0347245862534,56.1356585158689,32.7946921972451,88.0320472717286,77.037,104.352348531112,95.5101526427098
TUR,2018,22.8252290987339,2.57,11.8,28.4660940971636,1771.33742856964,49.1171082208334,12255.0082146169,29.1851848904908,62.8251323851165,31.3408009091416,88.1655749576173,77.454,105.774468250978,95.6607630886075
TUR,2019,23.6946115800374,2.59,14.1,28.6687888985616,1774.19625722275,49.0053662149344,12238.2950220128,27.0679926930773,62.5784589326239,27.5058303832163,88.6618152857124,77.737,107.297584553617,95.8081999457908
TUR,2020,21.6120469179783,2.55,13.7,28.8714836999597,1762.01062220058,49.0651351948339,12338.643833135,27.7974533640579,60.389853117297,34.1540560799477,88.9303114965222,76.525,108.343853540013,95.9525757495893
UKR,2008,20.4173975516395,9.23,2.7,16.4682731478285,2875.89657843683,71.2766691983705,2567.69409179688,28.083434007624,94.1718921417534,27.3925913814733,68.3752085755346,68.262,80.8174670303114,95.8796583793092
UKR,2009,20.0369040390596,9.23,3.0,16.4748325623144,2453.43957426865,71.2490506110613,2188.17016601563,24.759831137373,87.4761626200316,17.0684087928518,68.5251442249547,69.159,80.480099081682,95.3939041570529
UKR,2010,19.7107703520874,10.26,2.9,16.4813919768004,2848.78160077932,71.2335151556998,2285.93383789063,25.6492814021248,95.72973045329,18.3723680042121,68.637397133357,70.188,80.190573430919,94.9072076432708
UKR,2011,19.4406675178444,9.31,2.7,16.5190223020093,2732.88427034676,71.2576814195954,2418.12084960938,24.8391242667758,104.805073904259,20.4440036822421,68.7234299826222,70.711,79.9348425740523,94.4191011377328
UKR,2012,18.6766503847272,8.99,2.9,16.5566526272181,2650.99861590717,71.2853000069046,2426.92944335938,24.2660524050508,102.622788356626,19.6146792260413,68.8241983107739,71.09,79.7660291376096,93.9295625796783
UKR,2013,18.8833614430176,8.52,3.5,16.594282952427,2517.91132267143,71.6805910377684,2432.41625976563,22.4302649907366,94.0016694501782,16.4257610216877,68.9326288082226,71.474,79.6222640336947,93.7584244839538
UKR,2014,18.4263235330655,8.3,3.5,16.6327746033938,2298.60778628289,71.658409432236,2308.6435546875,22.8189915653958,100.691782483624,13.3964957165318,69.0554339301313,71.803,79.3598715669181,93.2856866411736
UKR,2015,17.7919818389331,8.08,4.2,16.6704068773844,2027.641681734,71.6532306789345,2094.47387695313,21.7279577419459,107.806616298156,15.9333160342442,69.1587317201337,72.686,79.0362271055948,93.3187311569397
UKR,2016,16.2426825956045,7.79,5.5,16.6824906350878,2007.97794185628,71.665314436638,2156.0830078125,23.1783620717483,105.521204913122,21.7241623615989,69.2102241609089,73.389,78.7461064406429,93.3513783452098
UKR,2017,15.6585428515819,7.42,6.5,16.6942862074918,1967.83535233788,71.6191955808735,2217.7529296875,23.2888002154817,104.034982911399,19.9647326419625,69.2633108489282,73.993,78.432661833247,93.3837080756642
UKR,2018,17.1041368062157,7.5,6.9,16.7034863652054,2068.75608372619,71.3306869175009,2308.6669921875,23.2933329813033,99.1998150718675,18.5883388544006,69.3157992777909,73.569,78.0271090783569,93.4145409496179
UKR,2019,15.5795007311465,6.95,7.4,16.7138419054194,1987.62473314258,71.2996202968588,2398.07836914063,22.5804196823995,90.5112342910763,14.8903574828309,69.3527648708735,73.92,77.5931273731446,93.443715883617
UKR,2020,14.90010098879,6.98,8.7,16.7241974456334,1932.92182292303,71.2996202968588,2324.107421875,20.7999429657705,79.1564523761815,8.93229932738453,69.3839100516745,73.283,77.1142802899551,93.4712072863379
USA,2008,10.0093748880401,5.65,6.8,33.6360635020585,7484.83268900712,45.3549551239585,53442.7136899777,20.793507368224,29.8677957945319,21.0374941906914,80.6219682896606,78.0390243902439,33.2436868537795,98.9173671062071
USA,2009,9.48739149036763,5.52,7.3,33.6927352193296,7053.35846690965,45.576134822715,51611.3217087719,19.2684772980173,24.7595311689876,17.7687557814347,80.6850378350499,78.390243902439,33.5363992251367,98.92408685212
USA,2010,9.27587988353719,5.5,7.4,33.7494069366007,7162.55933024159,45.7973145105396,52555.7695134023,19.3102572393851,28.2198952346731,18.6722216698461,80.6997744673366,78.5414634146342,33.8213646033526,99.0106474401103
USA,2011,9.36462744857706,5.34,8.4,33.7794700582241,7009.64607964907,46.0184942092962,52956.6630340962,19.407502343174,30.8424862411943,19.0335432552974,80.6957554256024,78.6414634146341,34.0904277927547,99.0963699785745
USA,2012,9.01055428019472,5.13,8.5,33.8095331798474,6820.46062064875,46.2396739080528,53738.1476714593,19.1626113169507,30.6818353657295,19.950723147015,80.6837493386238,78.7414634146342,34.3636893244215,99.1811105889535
USA,2013,8.74620817680451,5.12,8.9,33.8395963014708,6888.38143742637,46.3330187965568,54462.6252412407,19.2416260217373,30.0079539684645,20.4246273846192,80.660889281215,78.7414634146342,34.6246572257533,99.2648895869455
USA,2014,8.5101265108009,5.07,9.0,33.8696594230942,6915.64165280321,46.4263636850609,55394.4510435329,19.3315152083176,30.0044781614855,20.969620342419,80.6242231779766,78.8414634146341,34.9013776562134,99.3476415086967
USA,2015,8.19074183499752,4.88,8.9,33.8997225447175,6789.64733291075,46.519708562633,56572.9188996063,18.5871320435183,27.8235649187872,21.5198755166573,80.5707989535091,78.690243902439,35.1809713558577,99.4293350987693
USA,2016,7.40835009300858,4.75,9.3,33.8997225447175,6663.4963294418,46.613053451137,57151.4708448372,18.0422212818459,26.6079620604584,21.0106376645574,80.4976645324131,78.5390243902439,35.4584505795077,99.509898178586
USA,2017,7.79040584360488,4.63,9.7,33.8669264120375,6590.83509745633,46.7063983396411,58151.7021391854,18.4354240836094,27.3130208877206,21.3021477015707,80.4018678392891,78.5390243902439,35.7049975840182,99.5893429085867
USA,2018,7.8220065111125,4.62,9.9,33.8669264120375,6738.27272433986,46.5817145490204,59526.665698712,18.6308982431189,27.6103792720958,21.6987608435503,80.2804567987377,78.6390243902439,35.9149986553586,99.6675822614626
USA,2019,7.17602147949022,4.51,10.2,33.8669264120375,6700.93033990565,46.4570307583996,60750.9898621637,18.2804280414808,26.4537594940475,21.8309630674538,80.1304793353594,78.7878048780488,36.1004771837305,99.7446316773149
USA,2020,7.81485752365112,4.27,11.0,33.8669264120375,6141.53125755889,46.3323469677789,59194.6665172031,17.5084284843618,23.4015629969394,21.7174460747964,79.997451762548,76.9804878048781,36.248222996211,99.8204204612721
VNM,2008,25.4734887212418,4.14,39.3,41.7762218982583,572.099542305108,32.7399677741119,1856.00519883979,37.0776963788801,154.317479627758,36.4931217965814,29.2198330128693,73.455,272.308076932914,87.1265536349234
VNM,2009,24.3688895766214,4.29,37.0,42.2930662932198,615.142147070174,32.9068109297165,1927.13427057454,37.3881863793419,134.706317721758,37.1625554335215,29.7581347355675,73.525,276.440290060813,87.9033221889861
VNM,2010,23.0762596678067,4.44,34.6,42.7332154461943,670.10802910064,34.3450560815081,2027.58184375924,33.0228771360005,113.977687539714,37.0990761715168,30.2504027258526,73.611,279.147229120251,88.6734023519778
VNM,2011,20.4905765848944,4.18,36.3,43.1647323195567,663.574440140704,34.3732843043373,2132.90453762087,34.580408780539,125.260577940829,32.3711434429224,30.6996041680996,73.713,282.390144405715,89.4349602173231
VNM,2012,21.5116439458873,4.01,37.9,43.5708247064191,664.347312614103,34.4331120376958,2224.11404253256,35.8602323946766,123.224116745985,30.5592897696566,31.1222779403029,73.762,285.558644407367,90.1878966419353
VNM,2013,23.2274925075316,3.91,37.4,44.0639521125592,674.678165107275,34.6726704451298,2320.08431444934,35.575150437736,130.846354866743,30.2129034609593,31.5334201724543,73.821,289.364162813695,90.9316441418206
VNM,2014,20.4035064934273,4.11,36.7,44.4428488915694,745.633531778112,34.6991265943562,2439.28655744423,35.2985684880333,135.410521454361,30.2890267860991,31.9480269945454,73.886,292.559228518274,91.6663943913083
VNM,2015,19.377014054477,3.54,27.8,44.8711640388917,679.445923972947,38.7634300520449,2577.56885340113,34.2665466382117,144.914228195237,32.1089158178217,32.3810945365679,73.955,296.1974772084,92.3918615614749
VNM,2016,20.3304456216218,3.65,26.8,45.8783548775157,738.879533385899,38.8407942894887,2715.57887431272,34.1152288612372,145.409507973118,31.7245390951042,32.8476189285136,73.984,299.948999160782,93.1077859229268
VNM,2017,18.5797797556674,3.55,28.3,45.9963369846492,757.479979941312,38.8279627189274,2868.13680013379,35.3903640729728,160.98008365887,32.305300920099,33.3625963003742,74.026,303.688787280275,93.8136963360805
VNM,2018,20.1630176303186,3.9,24.3,46.2346815387217,885.646841787765,38.7344502263671,3048.28327602145,36.5424334086447,164.663936775893,32.019502902433,33.9410227821412,74.1,307.046632570694,94.8327946840432
VNM,2019,20.8317868906878,4.09,20.4,46.4768416451573,987.27147244039,39.5241027473527,3241.07648966529,36.8031368977554,164.704215031408,31.9799606565797,34.6239134999511,74.211,310.034412897339,95.6342556825242
VNM,2020,20.8010641731194,4.03,18.9,46.7190017515929,991.281232485165,39.4347683207361,3303.16949807493,36.7437132938801,163.245862814935,31.915688393806,35.5706676299742,75.383,312.923153250018,96.2941639364055
ZAF,2008,23.8990840855684,8.59,9.7,14.4151629310274,2738.08467369962,80.0501199416366,6009.71963138635,26.9415561091344,65.9745237996233,21.2872491181391,61.7692983894896,55.982,42.1358670832337,89.895824706748
ZAF,2009,24.4990896109155,8.84,9.2,14.385156913337,2735.00618529644,79.9511990041959,5847.05811084505,25.7430761887593,49.5875353278801,18.7669441984248,62.2592839131287,57.413,42.6419441261572,90.3498541806487
ZAF,2010,24.861273041525,7.98,9.4,14.3551508956467,2518.44190314477,79.871237913098,5953.94506512821,25.3034630993363,50.4060871625999,17.5956446037105,62.6299120560569,58.886,43.1493549530538,90.7948993263466
ZAF,2011,24.9968845183073,7.87,9.0,14.3251448779563,2536.41417638413,79.4450535409574,6067.12482726885,24.8394911507999,54.6363504358971,18.8532376550132,62.850627754452,60.602,43.6861279872062,91.2307992186561
ZAF,2012,24.6444105011731,7.35,8.3,14.2951388602659,2394.39798705356,79.4178502831612,6121.55783860713,24.4686002355753,55.5826171933345,18.5845354435045,62.9616560303263,61.737,44.3351828800831,91.6578231075925
ZAF,2013,24.1607460915842,7.12,7.8,14.2651328425756,2341.17923180198,79.4178502831612,6170.87670863373,24.5517417673484,58.875027630051,19.1687625943111,63.0524024097034,62.388,45.0739771987239,92.0754416048639
ZAF,2014,24.5484834922425,7.43,7.6,14.2351268248852,2438.67891656885,79.4178502831612,6155.00589462516,24.3052820058227,59.4995740550593,18.4879638168327,63.1352327065742,63.184,45.8291124318888,92.4843371456174
ZAF,2015,24.5964053006527,6.93,7.6,14.2051208071948,2257.19467617813,79.4178502831612,6112.27382485974,23.7323079746326,56.7266761447156,18.6332066638376,63.2096349937231,64.053,46.7595454582925,92.2766813341795
ZAF,2016,24.1476891116721,7.14,7.8,14.1751147895045,2311.76901865151,79.4178502831612,6095.295060428,23.7825372977493,55.8612575048782,16.9604522948246,63.2750973439347,64.749,47.2014038529705,92.0633898282653
ZAF,2017,23.754937395964,7.02,7.9,14.1451087718141,2283.45815447669,79.4178502831612,6125.6920507497,23.6105564955695,53.5359318293741,16.6107340612402,63.3311078299936,65.422,47.5110354549127,91.844654961916
ZAF,2018,23.8122504048776,6.72,8.0,14.1151027541238,2184.87777550689,79.4178502831612,6117.2701406047,23.5370608392744,54.4855451276341,16.1705829786619,63.3771545246841,65.726,48.3171083761304,91.6208678269317
ZAF,2019,23.1897720637682,6.72,8.7,14.0850967364334,2231.91074710296,79.4178502831612,6032.82972598668,23.6220152843652,53.8979964081406,15.8207933783179,63.4127255007908,66.071,49.1207453692636,91.3923995625225
ZAF,2020,23.753069242361,6.9,9.8,14.055090718743,2037.46194166103,79.4178502831612,5569.58483319272,23.3394384079582,50.7596590804177,12.3455441478462,63.4373088310982,65.15,49.9240625180325,91.1598368082793
