country,year,pm25,primary_energy_per_capita,renewable_energy_pct,forest_area_pct,energy_use_per_capita,agricultural_land_pct,gdp_per_capita,industry_pct_gdp,trade_pct_gdp,gross_capital_formation_pct,urban_population_pct,life_expectancy,population_density,basic_drinking_water_pct
ARM,2008,30.454755880876,4.14,6.4,11.6254302774851,973.21714524559,61.4260625219529,3141.33193500774,,54.5423279613666,47.9428358213473,64.3840928379746,73.0731707317073,108.433438707411,97.5377930144249
ARM,2009,32.172916805124,4.18,7.8,11.618124341412,851.338387705143,61.3382507903056,2716.97436280471,,57.2742357441995,41.1450508029059,64.3519530388516,73.0731707317073,107.692307692308,97.7810340877485
ARM,2010,34.4470166846987,3.9,9.4,11.610818405339,815.62798698571,60.9413417632596,2796.08143428043,,64.642975973633,38.8147549853077,64.3304164043132,73.1731707317073,106.947664207938,98.0258624289459
ARM,2011,41.8107255386856,4.07,8.0,11.6035124692659,896.948023835655,59.6452406041447,2943.83687119315,,69.4355736620453,31.9217989798477,64.3207449145194,73.8170731707317,106.354056902002,98.272291670612
ARM,2012,43.2896148307344,4.16,6.6,11.5962065331928,982.442415313472,59.1148577449947,3159.75860786889,27.8270946139077,75.9616759606704,24.6809527475996,64.3268379506998,74.119512195122,106.220583069898,98.5203266865955
ARM,2013,41.050500477264,3.92,6.8,11.5889005971198,959.801682347684,59.1148577449947,3266.29882999873,26.7090481417071,77.5550481598824,22.1524900726313,64.3584061131466,74.6219512195122,106.146821215314,98.7705613555546
ARM,2014,38.639237611456,4.12,7.1,11.5815946610467,1045.97511363021,59.0340709518792,3393.09252326884,25.2705329463993,75.778866962639,21.2830406859193,64.4142934233291,74.8731707317073,105.858798735511,99.0173502975581
ARM,2015,38.1148586893988,4.12,10.7,11.5742887249737,1084.52062940136,58.8935721812434,3512.39350276709,25.7086994351611,71.6820743427575,20.7305301265762,64.4929623431549,74.8707317073171,105.535651563049,99.2198934316356
ARM,2016,35.8609078798257,3.93,13.2,11.5669125395153,1043.09797203416,58.8970846505093,3533.88503607007,25.5771330395605,76.0779674593548,18.0155086734171,64.5928753345316,74.8682926829268,105.103617843344,99.3200449240504
ARM,2017,34.0153569947094,3.86,12.6,11.5595363540569,1105.96696981707,58.872497365648,3815.3747426037,25.8095323791656,87.202376539837,18.4217402148728,64.7124948593667,75.2170731707317,104.650509308044,99.420451960465
ARM,2018,34.201366074335,3.51,11.1,11.5521601685985,1072.33682481147,58.9146469968388,4027.83393010979,24.7565578476257,92.473107021212,22.3997393267701,64.8502833795679,75.619512195122,104.285212504391,99.462639280417
ARM,2019,32.6618235324139,3.52,10.3,11.5447839831401,1163.09284675689,58.9041095890411,4343.45839583019,24.9716084573435,97.847004865327,17.4085294108567,65.0047033570428,76.2219512195122,104.056902002107,99.4591789118501
ARM,2020,30.5796334750125,4.01,8.4,11.6489422255448,1233.30455891532,59.4380831430972,4032.09043454955,26.8172956979296,70.1213571368789,19.663832943599,65.174217253699,73.3756097560976,105.027376627853,99.4561137881716
BGR,2008,23.8749930848315,6.05,9.9,33.7409078353743,2647.46208110447,46.9662093729859,6464.72198023576,24.9905785476636,124.688747515359,36.9245389748046,70.902099609375,72.9634146341463,68.98592210662,99.5168989901261
BGR,2009,23.2099399887774,5.49,11.6,34.0899042004421,2337.23945196707,46.3338246131172,6288.72543188686,26.5673405144322,92.6926456036375,28.5382207093012,71.3017349243164,73.4121951219512,68.5744565217391,99.4918883371775
BGR,2010,22.9310518892306,5.5,14.3,34.4233603537214,2393.89142256038,46.5364775239499,6428.71742590538,23.7541772436849,103.380522321192,22.5179685624585,71.5149307250977,73.5121951219512,68.1245302137067,99.4674443238524
BGR,2011,26.1914143794342,5.8,13.2,34.6002210759027,2592.51617710519,46.8680913780398,6605.30851691027,25.0301012066171,117.41810388629,21.3581829600151,72.6101653885532,74.1634146341463,67.6890935887988,99.4435439260654
BGR,2012,23.0863811610061,5.5,15.6,34.777081798084,2493.07808043547,47.1904937361828,6693.4277325127,25.3837646988557,123.971322714174,21.8870849869755,72.7684860229492,74.3146341463415,67.2981577008106,99.4202191539046
BGR,2013,21.490052956786,5.12,18.2,34.9539425202653,2353.30761322829,46.0114222549742,6792.73549964735,23.5074812631202,129.688682986482,21.0060108987805,72.9632821572019,74.8609756097561,65.9543570375829,99.3974782704321
BGR,2014,21.9921500133613,5.32,17.1,35.1308032424466,2499.7069748767,45.8456153279293,6941.01853946718,23.4443018802846,130.248377115245,21.5078339407257,73.0844879150391,74.4658536585366,65.1581798084009,99.3753090063738
BGR,2015,20.7936901250081,5.36,17.9,35.3076639646279,2637.50353455494,46.1670965364775,7268.65445473873,24.0301394911987,126.73664221295,20.9999295980527,73.1030578613281,74.6146341463415,64.3351602800295,99.3537331088916
BGR,2016,19.979167405734,5.07,17.7,35.3813559322034,2606.61053390992,46.2509211495947,7586.50411050819,24.4597736962039,122.805514356513,18.9624324900328,73.1750030517578,74.8121951219512,63.5053334561533,99.3327228860736
BGR,2017,20.0337858184501,5.11,17.1,35.5011053795136,2732.22244053467,46.3294030950626,7898.70693013652,23.9892951281784,129.634429048004,19.8169984706422,73.3904571533203,74.8146341463415,62.6701179071481,99.3123099116754
BGR,2018,19.7159830127087,4.97,19.6,35.6208548268239,2764.27513129547,46.3338246131172,8194.37434587757,22.2389603260891,129.166502930632,21.1661572589054,73.600212097168,74.9634146341464,61.816488577745,99.292449043955
BGR,2019,17.5380256575647,4.72,19.3,35.7406042741341,2771.124202737,46.3983050847458,8626.13418680372,21.5624567722623,125.260418346411,20.7340031845359,73.7162322998047,75.1121951219512,60.9499447310243,99.2731656499931
BGR,2020,17.1474236131426,4.68,21.1,35.8603537214444,2664.55152991688,46.4904200442152,8440.08304721192,21.843324087593,110.423899846249,20.1519208043409,73.3239898681641,73.3560975609756,60.3417096536478,99.2544596990953
BHR,2008,67.7608706862893,10.36,0.0,0.644736842105263,11593.7971674415,11.9210526315789,23127.2148040048,50.4076629462208,145.882511145821,34.9481240884218,96.3461384245376,77.457,1451.96842105263,99.9431588486962
BHR,2009,64.6190557666771,9.7,0.0,0.664473684210526,10432.8967547383,11.7763157894737,22206.9371985225,43.0997000499723,117.963725409489,26.1446971919251,98.3277849907243,78.016,1550.54605263158,99.9412205297201
BHR,2010,63.301530702615,9.59,0.0,0.68241469816273,10317.976004905,11.6141732283465,22224.0736166249,43.9268581860394,115.561486449616,28.5983559958528,100.0,78.593,1612.26115485564,99.939282210744
BHR,2011,66.7273263961034,9.42,0.0,0.698826597131682,10624.3872166304,11.3950456323338,23288.0449398313,48.2947958378082,167.529641035854,22.497932951159,100.0,79.141,1558.0443285528,99.9373438917679
BHR,2012,70.0606736033788,8.64,0.0,0.716883116883117,9996.52196196405,11.2207792207792,23894.8804447088,46.3397302766462,178.824020821684,28.3178818196342,100.0,79.622,1570.08311688312,99.9354055727918
BHR,2013,68.1447019157403,9.54,0.0,0.737662337662338,11219.433931134,11.0779220779221,24271.6278814506,46.6971284608616,184.58950884485,26.202347618295,100.0,79.998,1627.52077922078,99.9334672538156
BHR,2014,59.1499735070702,8.77,0.0,0.75745784695201,10257.0253426946,10.9338521400778,24135.4991304849,45.3135767644884,168.57585814186,26.9460773553345,100.0,80.214,1705.00907911803,99.9315289348395
BHR,2015,71.5594978371491,9.05,0.0,0.77120822622108,10405.6390717453,10.694087403599,23734.0551143019,39.0907990671172,147.916060172904,25.6249300828539,100.0,80.338,1761.33933161954,99.9295906158634
BHR,2016,64.2193035294402,8.62,0.0,0.79589216944801,9878.66504979139,10.5519897304236,23715.2791328712,38.2033398636175,132.822997902774,27.8856988345954,100.0,80.407,1827.63286264442,99.9276522968873
BHR,2017,61.237494601176,8.33,0.0,0.82051282051282,9444.4239393348,10.3974358974359,23606.8867501313,39.9934662996166,136.429239810394,33.5452337227581,100.0,80.407,1924.50769230769,99.9257139779112
BHR,2018,71.8872328410934,8.24,0.0,0.848329048843188,9533.85538285247,10.4113110539846,24059.7838641562,41.4758871750475,144.075372574535,35.5603270966476,100.0,80.412,1931.99357326478,99.9237756589351
BHR,2019,59.9655174851019,8.68,0.0,0.871794871794872,10388.189018559,10.3846153846154,24873.6640060134,40.6177669647554,135.417543398211,35.6238571804314,100.0,80.471,1902.25128205128,99.921837339959
BHR,2020,58.4950629834781,9.42,0.0,0.89171974522293,10832.91852134,10.3184713375796,23586.9309581516,39.1001079781372,135.460985012931,37.2956671453326,100.0,78.683,1875.41910828025,99.9198990209829
BHS,2008,17.540683294308,2.1,2.0,50.9350649350649,,1.0989010989011,32331.8246135092,10.3895116853506,87.4292228766863,29.4556336690101,82.3197128080855,73.445,35.7762237762238,98.5370829284212
BHS,2009,17.4583813139968,2.48,1.5,50.9350649350649,,1.0989010989011,30581.3342198488,10.0100581448934,76.5210439633098,28.053608710113,82.3977602095684,73.455,36.2447552447552,98.5953941122021
BHS,2010,17.4260245684517,2.53,1.3,50.9350649350649,,1.1988011988012,30657.4319059659,11.4998771761611,78.6756024311196,27.9860060064819,82.4198104431593,73.449,36.7110889110889,98.6537052959831
BHS,2011,17.6418562262103,2.37,1.4,50.9350649350649,,1.2987012987013,30492.6738528071,12.0451419747876,88.3336891598687,30.1833582411908,82.4130347470308,73.571,37.1357642357642,98.712016479764
BHS,2012,18.0358159965462,2.24,1.4,50.9350649350649,,1.2987012987013,31553.4919490645,13.0340285810231,84.2515204656543,31.3421141002201,82.3947485339925,73.707,37.5093906093906,98.7703276635449
BHS,2013,17.7211235938828,2.22,1.4,50.9350649350649,,1.2987012987013,30368.2631244189,12.939963533264,84.5484138879077,29.1972544939047,82.3635791100868,73.93,37.8574425574426,98.8286388473259
BHS,2014,18.5387484151285,2.25,1.4,50.9350649350649,,1.2987012987013,30658.5344563722,13.1841890278389,80.5370272284116,31.3993051503263,82.3180931037043,74.029,38.1916083916084,98.8869500311068
BHS,2015,19.1256311837319,2.39,1.4,50.9350649350649,,1.2987012987013,30719.405417469,11.1534432655268,69.6779752652565,24.6114077177806,82.2568571432361,73.805,38.4961038961039,98.9452612148878
BHS,2016,18.49778336767,2.42,1.2,50.9350649350649,,1.2987012987013,30152.1619246021,13.1841863831865,67.212921580015,25.7808751862233,82.1784378570728,74.042,38.7667332667333,98.9452612148878
BHS,2017,18.3612464143857,2.6,1.1,50.9350649350649,,1.2987012987013,30974.7477261317,12.9253067028738,68.334284038596,27.5562589881818,82.0814018736052,74.031,39.0094905094905,98.9452612148878
BHS,2018,18.5796799431178,2.5,1.1,50.9350649350649,,1.2987012987013,31537.2423841956,12.2620756365452,72.1542685971043,25.6388854218672,81.9643158212241,74.062,39.2324675324675,98.9452612148878
BHS,2019,18.5659528939643,2.6,1.1,50.9350649350649,,1.2987012987013,31117.6299132391,12.9893801310537,68.7866234842208,25.3844995104316,81.8257463283204,71.408,39.4280719280719,98.9452612148878
BHS,2020,18.9393918728687,2.75,1.4,50.9350649350649,,1.2987012987013,24791.6704945106,12.1169136946117,53.4207580670063,23.0710591323143,81.6642600232849,72.994,39.5467532467532,
BLR,2008,21.364516390716,7.7,7.1,42.1809543523474,2939.40597422615,43.9473243240579,5177.64534775676,38.8242464026726,129.599478545475,37.6416510261128,73.5531692504883,70.4560975609756,46.9585563473992,98.2423602894853
BLR,2009,21.220548500292,7.28,7.4,42.3577363995702,2789.00314061154,43.9974765645792,5200.77418555423,36.1139633461021,108.63564482836,36.8640444559238,74.1909646620571,70.4073170731707,46.8441433626748,98.3240931023965
BLR,2010,20.9366064365372,6.99,7.3,42.5328483701491,2895.6108099575,43.8536830588166,5616.0941173307,35.3917911979998,115.917972989303,40.6563662623236,74.5501403808594,70.4048780487805,46.7409685463919,98.4067317637628
BLR,2011,18.6953550823705,7.05,7.5,42.5346212606574,3081.68018120351,43.7386033216697,5941.68999156239,36.0880730361763,157.974255073313,37.2175950788459,75.0597534179688,70.5536585365854,46.6297521068454,98.4898792244549
BLR,2012,18.0675396231787,7.24,7.2,42.5403772320218,3219.42653369693,43.3516182928452,6052.6373706236,36.2806503161792,153.085269313372,35.0942730563184,75.5281066894531,71.9658536585366,46.5593029044007,98.5737838074881
BLR,2013,18.9735248940446,6.39,7.0,42.5419401896426,2870.32580279278,42.9317720346167,6115.43288098707,35.9037019421087,119.815965235724,38.7980262073973,75.94970703125,72.4707317073171,46.5393725235082,98.658371398837
BLR,2014,19.3974713758219,6.4,6.7,42.5317653086864,2923.57682069269,42.4879171121282,6212.91667418659,35.3790497233345,110.651424367582,34.8410329356421,76.3405227661133,72.9707317073171,46.5506003261518,98.7435395155894
BLR,2015,17.6059281150121,6.07,6.8,42.5341662643242,2660.14026759548,42.242016376159,5967.05595058777,32.6923057673017,115.914826201946,29.0346959914608,76.6263885498047,73.6243902439025,46.611337189252,98.8292261861592
BLR,2016,15.8319434819688,6.18,6.7,42.9069698701401,2639.09486268036,42.0354897826473,5811.20159182547,30.9584092512823,125.209322899662,26.4775827022928,76.8458709716797,73.8268292682927,46.6499448243246,98.9152496756769
BLR,2017,15.7775132293532,6.14,7.3,42.9784026641969,2692.58344898873,41.8448381185095,5964.89668834561,31.5544850881623,133.367754723012,28.0303589091824,77.0208206176758,74.1292682926829,46.5987595325832,99.0015077424337
BLR,2018,16.9825400264261,6.29,7.2,43.0515321706572,2849.29477344053,41.6444969947778,6165.91320019277,31.2656097096379,139.393736250171,28.0788785453202,77.2132720947266,74.1756097560976,46.5010592176569,99.0880364550957
BLR,2019,15.6177925850738,5.97,7.8,43.1261547557461,2748.96883661007,41.3223954869066,6267.73508743505,31.737128716913,130.850406102184,29.1499946931726,77.4550771852757,74.2268292682927,46.4107506220284,99.1750106647627
BLR,2020,14.6089903841381,5.82,8.4,43.1944033894965,2673.86548599188,40.7971228692482,6251.98898968645,31.3515556956682,118.934176146534,27.4548359346196,77.7890385790408,72.1385609756098,46.211212927382,99.2623480849323
BLZ,2008,23.1683390213192,3.76,29.8,61.5945637878124,,6.66374397194213,6187.95885023655,20.2437331550786,105.461874277231,21.0239807378235,45.7599120745023,70.665,13.3433143358176,91.3905513616233
BLZ,2009,22.777114931599,4.13,25.1,61.2968434896975,,6.79526523454625,5997.68447156383,19.3850622805813,89.5808843860925,16.2264058728229,45.4589714924251,70.806,13.7051293292416,91.6365142592411
BLZ,2010,22.6250549970911,4.31,29.4,60.9991231915826,,6.88294607628233,5937.75398343789,18.2141330384501,94.8581591507411,15.4511716601437,45.1914838193558,70.875,14.0396755808856,91.8801627270239
BLZ,2011,25.0167214312121,5.12,42.2,60.4856641823762,,6.88294607628233,5802.24344531492,18.8728848459132,106.914960208874,11.8723938779086,44.9417819131729,70.975,14.3488820692679,92.1248741739695
BLZ,2012,23.7091047742089,4.36,47.9,59.9722051731697,,7.01446733888645,5902.74234696881,16.1069146883141,111.166652365429,13.0724770204323,44.6903068035216,71.134,14.6608505041648,92.3707609731193
BLZ,2013,26.8732782139428,3.89,38.0,59.4587461639632,,7.01446733888645,6013.07879895362,15.8082252818975,108.672614067831,14.1295773427114,44.4380542363795,71.276,14.977071459886,92.6178797642057
BLZ,2014,26.766330789615,3.88,37.4,58.9452871547567,,7.01446733888645,6116.49578852783,15.8379694223947,107.112517468788,17.0966974648616,44.1850161758379,71.437,15.2969311705392,92.8662134129202
BLZ,2015,27.5566748212023,4.59,30.3,58.4318281455502,,7.45287154756686,6154.62264230369,14.5536010059023,104.070958799941,16.7264083366378,43.931184585988,71.647,15.6217886891714,93.1158763105632
BLZ,2016,25.608806996967,4.53,33.3,57.9430074528715,,7.45287154756686,6012.21296983668,15.4437196063941,96.4998358304218,17.9729353607653,43.6765514309211,71.843,15.9888206926786,93.3669304730938
BLZ,2017,26.1751165590281,4.81,37.2,57.4537483559842,,7.54055238930294,5767.61921963762,14.0908583022047,97.7072571800462,15.0577226916743,43.4211086747287,72.062,16.3613327487944,93.6193465760244
BLZ,2018,26.7474102969967,4.7,35.5,56.9649276633056,,7.54055238930294,5707.61059954436,13.6672354461825,100.989214362975,16.5318151258508,43.164848281502,72.322,16.6692678649715,93.8731706836075
BLZ,2019,26.1465334719171,4.93,30.4,56.4756685664182,,7.62823323103902,5864.14611827109,14.0497462353602,102.441856907677,16.8394904249154,42.9077622153323,72.577,16.9149057430951,94.1316195459167
BLZ,2020,28.6518070195516,4.87,31.4,55.9864094695309,,7.89127575624726,5006.48453276935,16.2275294669346,81.6431433128545,18.4434323395975,42.649842440311,71.58,17.1333625602806,94.3918809907388
BOL,2008,42.4702971845256,3.82,21.3,49.3760601864673,572.261293056089,34.534601033878,2383.2503257823,29.7366397824222,82.8670208961798,17.5527400611141,65.5448299960338,65.299,9.09337948859965,85.8158829165859
BOL,2009,35.7228908896935,3.85,20.6,49.1900193852119,586.284286067628,34.6534765069694,2422.57579390007,29.2286844945559,68.6270739127592,16.971260971496,65.9781896386949,65.656,9.24607680236315,86.3551793920247
BOL,2010,30.5811442072612,4.01,19.9,49.0039785839564,625.49842839535,34.7723519800609,2481.40700850945,30.1439417460822,75.5116262512877,17.0070184588469,66.4075665659133,66.003,9.39937690390474,86.8874436823724
BOL,2011,27.3182933267548,4.09,18.1,48.808503646266,660.399933602591,34.8967660851103,2568.5205166368,30.3691066361261,82.4803954243518,19.8155524290026,66.833715633176,66.282,9.55315148158405,87.4130245086648
BOL,2012,28.0697541353735,4.22,17.4,48.6130287085756,703.763401801031,35.0257956244808,2657.23884915853,29.3342196293346,84.9487611684942,17.6729919914841,67.2581444827699,66.586,9.7071974522293,87.931656511904
BOL,2013,26.0957496962253,3.99,16.0,48.4175537708853,699.363675306555,35.1557483614881,2793.51457098676,28.5181929044884,81.2309075267174,19.0177268858945,67.6697055519889,66.777,9.86117234376442,88.4281721555752
BOL,2014,26.9415449050283,4.16,15.0,48.2220788331949,757.547132518494,35.2829317825164,2900.90241586338,27.6254998805738,85.2644695625131,21.0337970312715,68.037425413,66.97,10.0146662974245,88.9095566150389
BOL,2015,27.4574711709407,3.98,14.2,48.0266038955045,748.85994552389,35.2820086771901,2996.01289811344,25.2024162838659,67.9328451905248,20.2812768788265,68.3958051297665,67.205,10.1677328533186,89.3856764745398
BOL,2016,28.0546140290721,4.03,13.6,47.7713283485646,778.965230116872,35.1546201421582,3077.57057564766,25.3263589797711,56.4010345026573,21.0573618533858,68.7446327876947,67.392,10.3203360103388,89.856829031751
BOL,2017,26.5418633872389,4.03,14.3,47.5327425459245,800.888183667631,35.0226160804948,3160.16421228968,30.1846229804293,45.5761123650708,24.3763407852814,69.0838016274736,67.536,10.4722486845749,90.322518307567
BOL,2018,25.1667590386614,3.94,14.3,47.3121388350411,803.127890554365,35.2631302501615,3204.53670819124,30.385489117214,46.9261953417368,24.0294938980641,69.4133879813999,67.699,10.6234357980246,90.7842800477343
BOL,2019,24.4849924422413,3.87,13.5,47.1095356780209,795.54274549867,35.5444151204652,3207.3869521223,30.4627271604529,45.8209732749024,22.7024136915554,69.7334986708387,67.82,10.7739185821102,91.2290518215196
BOL,2020,22.879459074231,3.55,16.9,46.9249146127573,657.745469205531,35.5645909720299,2765.0927177231,27.2757447830119,37.5164342446486,17.268345922029,70.0442635528254,62.906,10.9076885442629,91.6695086739786
BRB,2008,21.1136589859394,4.92,7.6,14.6511627906977,,37.2093023255814,23887.7289633459,15.1245152189883,,,59.4931902204528,75.3,634.218604651163,98.449112994716
BRB,2009,21.1675646535713,5.18,8.5,14.6511627906977,,37.2093023255814,22572.5926053677,15.4080285848763,,,59.2944920242948,75.458,637.495348837209,98.496681111407
BRB,2010,21.1354483055595,4.92,8.2,14.6511627906977,,34.8837209302326,21982.1839041348,13.2789225969081,,,59.2366008990356,75.488,640.1,98.544249228098
BRB,2011,20.745049418333,5.01,4.1,14.6511627906977,,32.5581395348837,21842.8635599786,14.1706839010436,,,59.236693205614,75.599,642.183720930233,98.5918173447891
BRB,2012,21.1846141376653,4.86,3.8,14.6511627906977,,30.2325581395349,21036.3003366556,13.4540784004027,,,59.2372151062924,75.737,644.041860465116,98.6393854614801
BRB,2013,21.7944467458479,4.88,3.1,14.6511627906977,,29.0697674418605,20609.6076272963,13.7863495200452,,,59.2385370835674,75.816,645.732558139535,98.6869535781711
BRB,2014,22.3938111163809,4.31,3.0,14.6511627906977,,27.906976744186,20713.7670210437,13.7076112870512,,,59.2410313429534,75.926,647.320930232558,98.7345216948622
BRB,2015,24.1787536225197,4.07,3.0,14.6511627906977,,25.5813953488372,20424.2087530019,13.6105578126234,,,59.2450700899645,76.055,648.813953488372,98.7820898115532
BRB,2016,24.4150757393389,4.13,2.8,14.6511627906977,,23.2558139534884,20684.7801825176,13.317238219434,,,59.2510255301153,76.168,650.227906976744,98.8296579282442
BRB,2017,23.2878109296981,4.02,4.3,14.6511627906977,,23.2558139534884,20788.7046543161,13.6200874515014,,,59.25926986892,76.237,651.560465116279,98.8772260449352
BRB,2018,23.2651852221243,4.37,4.9,14.6511627906977,,23.2558139534884,20483.9550976366,12.7833454127409,,,59.270175311893,76.378,652.816279069767,98.9247941616263
BRB,2019,23.3255430894091,4.22,3.4,14.6511627906977,,23.2558139534884,20494.3871602646,12.5530481916957,,,59.2841140645486,76.495,653.96976744186,98.9723622783173
BRB,2020,23.7309657842996,4.31,4.7,14.6511627906977,,23.2558139534884,17519.837062872,13.14764982754,,,59.3014583324011,76.647,655.111627906977,99.0199303950083
BRN,2008,6.57132380756337,5.68,0.0,72.7514231499051,9379.39547102847,2.35294117647059,34126.6941563969,76.4320816379343,89.7454253523344,20.641358896163,74.7929411399737,74.814,71.6874762808349,99.7414765305361
BRN,2009,6.36993412664528,4.97,0.0,72.4288425047438,7906.16450304433,2.5426944971537,32855.6021602466,67.2954813573315,90.2870882587894,26.2203911122241,75.0712970872547,74.814,73.0459203036053,99.7640332608049
BRN,2010,6.28886801670278,5.15,0.0,72.1062618595825,8261.092768512,2.5426944971537,33121.3178241724,68.6533507031802,95.3715460226132,23.6902575256773,75.2506559029998,74.82,74.4462998102467,99.7865899910736
BRN,2011,7.22534325195967,5.94,0.0,72.1062618595825,9699.3002516897,2.5426944971537,33754.3640783713,73.6724144504971,99.5379309038179,26.0242928941481,75.312125504778,74.835,75.7853889943074,99.8091467213424
BRN,2012,7.64174071359111,5.82,0.0,72.1062618595825,9446.07290658886,2.5426944971537,33544.5389457877,72.655614353873,105.640902140819,32.8821465207434,75.2714233503027,74.843,76.9557874762808,99.8317034516111
BRN,2013,7.81045226819353,4.72,0.0,72.1062618595825,7399.88850699904,2.5426944971537,32381.0739795231,70.022444095261,110.939599584216,39.5934116228483,75.1756915148608,74.854,78.026944971537,99.8542601818798
BRN,2014,8.03840256929202,5.66,0.0,72.1062618595825,8529.79303823974,2.5426944971537,31148.7297405401,67.8496307805484,102.421000963035,27.44181699276,75.0572639801502,74.862,79.0796963946869,99.8768169121486
BRN,2015,7.76801290951484,4.34,0.0,72.1062618595825,6437.00247398227,2.5426944971537,30625.1287744656,61.3627773605269,89.8961882533585,35.2473258617273,74.9484620568562,74.88,80.1161290322581,99.8993736424173
BRN,2016,7.70809372713425,4.91,0.0,72.1062618595825,7008.28171997556,2.5426944971537,29492.4145927789,57.2893638536308,87.319801332806,34.6202628541232,74.8816070556641,74.905,81.1316888045541,99.9000219255643
BRN,2017,7.23064895379441,5.87,0.0,72.1062618595825,8385.25858976533,2.5426944971537,29524.65912789,59.7205889692852,85.1768604269985,34.804760189414,74.8476440654983,74.943,82.1199240986717,99.9000444673207
BRN,2018,7.49485587718805,5.88,0.0,72.1062618595825,8304.04242825767,2.5426944971537,29200.1952024222,63.2448184042319,93.8980617666778,41.0665959296934,74.8172471714305,74.992,83.0759013282732,99.9000669989146
BRN,2019,7.94585811311948,6.35,0.0,72.1062618595825,9219.80339333238,2.5426944971537,29996.2407223175,62.5153210994416,108.509658357959,38.6777534991209,74.7923311783673,75.049,84.0,99.9000895203528
BRN,2020,7.59726503432135,6.31,0.0,72.1062618595825,9175.89257228992,2.5426944971537,30015.9588506697,59.1336302400797,110.291003658452,40.5878302733583,74.7748108912151,75.114,84.896394686907,100.0
CRI,2008,18.3142845924477,2.61,40.7,56.177124951038,1006.22785721082,35.1155503329416,10104.9092039691,23.5536024382425,86.4015127113254,24.6107400918404,68.7925833934861,79.18,86.9576184880533,97.4773794147113
CRI,2009,17.8071741996257,2.66,40.7,56.2045045045045,1002.15369604859,35.5660007833921,9883.67567046297,23.5227381446589,69.7593177251535,18.4529135968439,70.1398469456228,79.372,88.1275166470819,97.7577854110193
CRI,2010,17.6032020866019,2.54,40.4,56.231884057971,998.694530541271,35.6247551899726,10285.0856660419,23.3229652114345,67.512089684107,19.8339185211217,71.5081448974915,79.354,89.2276145710928,98.0009426570817
CRI,2011,19.4251836697019,2.45,38.0,56.5524089306698,992.84219730848,35.6247551899726,10612.4694861141,22.5898706745828,68.6391465074016,20.0481795975156,72.8426586679914,79.624,90.2826674500588,98.2283678408566
CRI,2012,17.9369232929949,2.42,38.1,56.8729338033686,1017.65462461791,35.4876615746181,11001.5192856576,22.2048773810709,67.0485392950976,19.8541955079701,73.3895020668217,79.925,91.3422248335292,98.4744866370989
CRI,2013,18.4901589297792,2.49,37.8,57.1934586760674,1060.1064484558,35.2722287504896,11151.1437869768,21.3449724793135,64.0664105879442,19.5904601620008,73.9431776192863,80.189,92.3648061104583,98.7063924008677
CRI,2014,17.5539609994868,2.44,37.6,57.5139835487662,1064.11783400047,34.9588719153937,11422.6735793176,20.6164054191975,65.1912420532368,19.2231532892007,74.4866963181212,80.231,93.3630826478653,98.925021084525
CRI,2015,17.6636155108417,2.29,38.3,57.8345084214649,1024.45144520777,34.4533666274971,11714.7105980732,19.9678784677773,60.753561939521,18.8537264424501,75.0198195767549,80.407,94.360321190756,99.1313622232054
CRI,2016,16.8973562895418,2.17,34.1,58.1551116333725,1001.15093508133,34.1310771641206,12084.4351325634,19.6500112824728,62.1784781768295,18.888940977993,75.5423088085047,79.988,95.3191931061496,99.3263015038118
CRI,2017,17.165875341513,2.04,33.3,58.4757148452801,972.752740541664,33.8087877007442,12468.5654531709,19.3145397059632,65.0719537438815,18.0648742424157,76.0539254265608,79.994,96.2235996866432,99.5106743044316
CRI,2018,15.1307436338713,1.96,33.1,58.7961222091657,950.307226341185,33.7196494320407,12679.5253643016,19.5581432647296,66.945342016636,18.3698605660091,76.5544308439668,80.09,97.0978848413631,99.6853095331448
CRI,2019,13.3766440949763,2.03,33.4,59.1167254210732,996.673606298647,33.6305131218175,12877.650101079,19.2336569312753,65.7605300176622,16.0640851994464,77.0435864735963,80.296,97.9152565609087,99.7975280834127
CRI,2020,14.3075712471404,2.03,36.4,59.4373286329808,948.979659241415,33.541374853114,12242.2098908533,20.3678511278951,60.1398862509533,16.1630546690345,77.5211537281257,79.725,98.5961613787701,99.8105394546059
CUB,2008,18.9580468384187,1.83,18.7,26.6121758737317,951.380570130012,61.6967305524239,6469.08507847668,22.3864961360912,44.917220748508,14.8446789230721,76.365461375763,77.589,106.085700864337,92.8453176917664
CUB,2009,18.9047869404309,1.75,19.0,27.0791055993987,922.433325080438,61.1969184517099,6561.25305093006,22.6047036082474,32.9139819587629,10.9375,76.4930251871133,77.584,106.113481773769,92.9690063115847
CUB,2010,18.9083050915655,1.85,15.6,27.5460353250658,1000.18410148569,60.7027433295753,6716.49048497058,22.8936077602288,40.2919413008332,10.0733739584629,76.6099132468685,77.876,106.138754227734,93.0918301196751
CUB,2011,19.6720738913487,1.74,19.2,27.9086306766608,969.828922638862,59.9627560521415,6902.16397571139,22.258298304102,46.9604290476881,8.47079286853167,76.707663902788,78.051,105.757568101214,93.2137774983012
CUB,2012,19.6276365485068,1.73,19.4,28.4372099128918,989.672645686508,60.062447842924,7109.24834185635,23.3671948701822,45.8662036340766,8.57521773013768,76.7776920066844,78.162,105.984819360707,93.3348598456684
CUB,2013,19.9113493948996,1.6,18.2,29.5835732105162,939.539657450213,60.8549222797927,7307.82004410741,23.150308497952,44.3238969253902,9.39363301705812,76.81640625,78.028,108.40689886778,93.4501274945212
CUB,2014,20.762060268269,1.61,23.2,30.1249759661604,957.502047515328,60.3622380311479,7392.48324633027,22.1520752925073,39.2741528539069,7.6113275995244,76.8442459106445,77.825,108.496202653336,93.5636719296171
CUB,2015,21.4005165459257,1.57,21.1,30.5859750240154,977.911020303909,59.9452449567723,7727.91997207998,22.3538093576701,31.6138124793419,9.38923115061148,76.8702850341797,77.745,108.309942363112,93.6769409300078
CUB,2016,19.7476038869862,1.54,19.2,31.1514801999231,960.436964626777,59.8490965013456,7774.0698462623,22.9428012655288,27.2691132420785,9.56020685555022,76.9115829467773,77.571,108.2815455594,93.789720928695
CUB,2017,20.1327865141339,1.45,22.0,31.233140655106,923.435423623599,60.6936416184971,7927.27769431767,24.3566251471414,26.2224363787618,10.2982486239326,76.9603271484375,77.3,108.360587668593,93.9033102492432
CUB,2018,20.9153664764928,1.35,24.0,31.233140655106,879.967792727537,60.6936416184971,8120.43123558256,24.8779064658428,27.0835484486147,12.0335788664448,77.0156326293945,77.426,108.16105973025,94.0175439331674
CUB,2019,20.3431122356184,1.27,23.1,31.233140655106,865.534592725481,61.6666666666667,8124.75282059108,24.5495399680549,22.8208911354416,11.494997466827,77.0728225708008,77.413,107.927225433526,94.1321684364764
CUB,2020,21.2367242811561,1.4,24.5,31.233140655106,854.374889761112,61.6666666666667,7252.28811179844,23.0186675609211,15.6829868097474,9.87499068484984,77.1080322265625,77.407,107.672003853565,94.3125042863125
DOM,2008,17.7216483065249,2.73,17.7,42.4961705651004,772.574772036856,46.9829931691161,5308.92664966814,29.3755031583439,61.4285058325394,29.8982115807869,72.4865154265802,71.331,198.160422272821,94.0226829898878
DOM,2009,17.6094522417012,2.64,17.3,42.7045125232871,743.587387722268,48.1226019457669,5294.64953374426,27.3561708818325,50.6509376792025,23.3722106355299,73.5894974865426,71.587,200.688573794245,94.3479459728681
DOM,2010,17.5360829581378,2.57,16.9,42.9128544814738,773.404254862996,47.5629331401366,5666.45633430206,27.2729956898842,56.0573964175321,26.0714218346178,74.1642773174177,72.039,203.274166839164,94.6571919447174
DOM,2011,17.4713311482988,2.54,16.8,43.0392465328089,780.082749539865,48.0161270958394,5773.57403459156,27.543253721519,59.0692578401698,24.6033236905519,74.2440389501301,72.496,205.870854895467,94.9411577041221
DOM,2012,17.6468205135185,2.54,16.5,43.1656385841441,791.42994660033,47.674021941627,5860.29893321013,27.3630347889582,58.5062536731089,23.7525597160893,74.2398679969568,72.817,208.453963982612,95.2053026765105
DOM,2013,17.6634551412186,2.36,16.6,43.2920306354792,762.355920346053,50.0752101014283,6075.03399972737,28.042816852784,56.8137658014945,22.1057612783667,74.2251359951216,73.038,211.008755951149,95.4569183357095
DOM,2014,18.9396637119659,2.19,17.3,43.4184226868143,745.786212900828,50.2703291244049,6430.27811051339,28.3860007406051,55.6601041506633,22.3946076084169,74.1931533822153,73.145,213.527799627406,95.6965659361733
DOM,2015,19.9571847572804,2.21,14.9,43.5448147381494,797.923170664734,50.0964851997516,6800.95309395474,26.9345632876959,52.3471238667007,22.6506907232187,74.1372305958285,72.982,215.997288346098,95.9246900261845
DOM,2016,19.2491722418682,2.21,15.3,43.7122748913268,842.638249219176,51.825944938936,7177.75376475488,25.8795514870557,51.7306571245477,22.1728652705364,74.0506780735522,72.889,218.410888014904,96.1415849688893
DOM,2017,19.1203299259262,2.09,16.9,43.8797350445042,824.396571608205,52.3864086110536,7379.39978067137,25.7840049829017,50.7595355508472,21.1809206285418,73.926806252977,73.37,220.799896501759,96.3474703370499
DOM,2018,19.5892802619564,2.06,15.9,44.0471951976816,860.8644315883,53.3660298074933,7818.70593240469,26.9196437003489,52.3351709577013,25.2022908220767,73.7589255716938,73.555,223.18470296005,96.5419932414165
DOM,2019,19.4968181870994,2.16,14.4,44.3173806724841,938.583494670767,53.7012184317945,8117.04639185786,27.3564369481505,50.912982200697,25.2348623794613,73.5403464672933,73.112,226.026774543851,96.7258902380545
DOM,2020,19.8267440369685,2.11,16.0,44.4852298911864,842.611820450654,52.3243921638275,7395.8734262396,28.8243175766758,44.7331613466756,24.879515915457,73.2643793773663,72.636,228.397349102723,96.8998955257888
ECU,2008,30.8131172297608,3.07,15.3,53.0224351747463,762.824711258849,29.9766468030279,4939.90215021789,38.9201614839835,74.5902963648439,21.5659407925863,62.5395521004212,74.709,58.6857867611532,88.1005318614763
ECU,2009,25.5313901614633,3.39,12.9,52.7396561443067,830.344069134027,30.3366081494605,4909.33681705683,31.0916213331503,57.3473460627608,21.1732351412126,62.6588021150118,74.901,59.6954179416975,88.4054817977882
ECU,2010,21.7286460306471,3.47,11.8,52.456877113867,867.465226710609,30.1888387824126,5022.20374387205,33.9061751825852,65.7773849135062,23.4900158733515,62.7405258611644,75.188,60.7050048316959,88.7072879977884
ECU,2011,19.5919330091265,3.38,13.2,52.2885649863102,891.346717905666,29.5784345305202,5359.45724615639,37.4057005178901,70.0356837525249,23.5320911453288,62.7949053547691,75.179,61.7097237880496,88.9995700135052
ECU,2012,20.8650376880852,3.17,13.2,52.1202528587534,872.14170563726,30.2258817845064,5579.85624282158,37.0917503800762,67.0029290916898,23.0133036457677,62.8408732819135,75.486,62.700088581092,89.2843795348701
ECU,2013,19.8592620729833,3.21,11.8,51.9519407311966,911.670139950059,30.2504429054598,5893.32172683036,36.8322936524171,63.4333003342414,24.8833528938608,62.8837286624122,75.832,63.6460299565147,89.5662908642962
ECU,2014,20.2791788990402,3.38,12.2,51.7836286036399,983.236124319332,22.0446126590433,6055.04172761485,35.7119955282529,61.4263766217565,24.7058907826623,62.9232432195799,76.141,64.5640360766629,89.8451330944318
ECU,2015,20.1729639726852,3.26,13.1,51.6153164760831,936.659126017204,23.3089064261556,5976.1596805651,28.0900423392523,47.8280397077826,22.6864358338097,62.959188676731,76.222,65.4945442100177,90.1212871773867
ECU,2016,20.7399169622061,3.16,14.8,51.3565388951522,885.602158222866,22.2096956031567,5849.13587933672,27.5339637947157,40.5344917996647,20.2460508591084,62.9913367571804,76.094,66.4565107102593,90.3944152289936
ECU,2017,19.2459328647667,3.18,17.0,51.0977613142213,897.948107586853,22.507650185215,6104.27253521751,28.4680086969835,43.6177233172817,22.4803878213361,63.0194591842425,76.22,67.4807497181511,90.6647128570391
ECU,2018,18.386683414634,3.1,16.3,50.8389837332904,869.583266013291,21.9358995007248,6063.0956178776,28.0147488586162,48.0093476154836,22.5404393330524,63.0433276812321,77.248,68.6485223063295,90.9348761697738
ECU,2019,17.769931645036,3.27,17.7,50.5802061523595,903.972772011095,21.4607827347399,5971.38938386723,26.6504631266844,48.0828494933307,21.04923118303,63.0627139714638,77.286,69.8180906748269,91.2046901615957
ECU,2020,16.6570210758922,3.12,20.2,50.3214285714286,785.425200484029,21.8231599291351,5355.68934196443,23.9811344799811,43.9893109378389,17.5849129748726,63.0773897782521,72.004,70.6477089708488,91.4742997917839
EST,2008,9.37598066324752,5.84,20.5,54.6495399858457,4142.50947696917,21.3918376975702,16688.997772178,26.1319416506077,136.681988157836,31.6334055843093,67.6696980194394,73.7707317073171,31.5425807973579,98.6250163424299
EST,2009,9.29224132008397,5.54,24.2,54.8786742156169,3360.6644887123,21.9815994338287,14274.8511086787,23.2761523015463,116.759079859802,21.0087753498274,67.7348909034398,74.8243902439024,31.4818353385232,98.7740812931391
EST,2010,9.13653020501115,7.1,25.3,55.1078084453881,4419.42268300424,22.3826374144845,14657.939813612,24.0345491849484,143.671762256978,21.5876781655604,67.8048042926262,75.4292682926829,31.4101203113942,98.924086764246
EST,2011,8.27663619619013,6.43,25.2,55.508799245105,4311.6949178562,22.3165841000236,15820.922342204,25.3466745057015,166.7460724339,25.4681664047184,67.8775556334506,76.2292682926829,31.3149091766926,99.075060117403
EST,2012,7.99013886909247,5.74,25.0,55.9097900448219,3984.06344804238,22.550129747582,16460.6843479001,24.6316781428684,169.156067773865,29.0805066900785,67.9629593320316,76.3268292682927,31.2030195800896,99.2291464773041
EST,2013,8.08122179915709,6.27,24.5,54.9117552334944,4435.56686367547,22.1992178513918,16809.5326683781,24.6780044555117,164.601632156916,26.8697121064814,68.0923458296768,77.1414634146341,30.3196917414309,99.3847877447218
EST,2014,8.70767888073313,5.79,25.3,55.3027835288705,4226.20121103955,22.4062571888659,17413.6867560212,24.1060210413845,157.953944842229,26.727615908803,68.2668382808032,77.0341463414634,30.2402806533241,99.5393104564203
EST,2015,7.18496063252666,4.97,28.2,55.6938118242466,3695.11919135189,22.8433402346446,17722.1557669523,23.1154851402023,148.507157123558,24.6409611018289,68.4796609690553,77.590243902439,30.26011042098,99.6927225302901
EST,2016,6.87835279660374,5.98,27.2,55.6993328732459,4579.42111654538,23.0733839429492,18264.9873304279,23.2340417592371,147.7462327097,24.7023530937166,68.724038178078,77.6414634146342,30.2689210950081,99.8450343236061
EST,2017,6.15485238171865,5.49,27.5,57.0385964912281,4444.84667060588,22.9707602339181,19270.8141210511,23.180862044638,144.635650944133,25.9381976210924,68.9931941915158,78.0926829268293,30.816,99.9257062109249
EST,2018,7.7966811057876,5.21,28.6,57.0385964912281,4282.71513259126,23.0409356725146,19914.3454922878,23.288660554967,143.485224864735,27.8503992212561,69.2803532930133,78.2439024390244,30.9234385964912,99.9485371012832
EST,2019,6.84482514683862,4.22,31.3,57.0385964912281,3661.49925395092,23.1204678362573,20579.8756732376,22.313384878363,140.352147998549,26.356088071314,69.5787397662154,78.6463414634147,31.0385497076023,99.9714771406741
EST,2020,6.14573290973003,3.92,40.4,57.0385964912281,3368.23730668515,23.0409356725146,19946.945696898,21.7717078135052,137.392641283846,29.6538687688692,69.8815778947665,78.5951219512195,31.0999298245614,99.9945255363523
GEO,2008,16.4410733482129,3.49,36.3,40.4380486400921,780.788490925027,36.1778673190387,2970.15858282428,18.9437428243398,86.2982243681487,27.6897912964157,54.2232719833673,70.949,67.3300150460128,95.1637450762018
GEO,2009,17.3107771502641,3.73,36.7,40.5269822996115,811.604883767971,35.9476183623543,2887.25607935922,18.9263871900367,78.1930390303569,13.9858779050373,54.7033821122222,71.058,66.7346478183281,95.3017390158594
GEO,2010,18.4461840249862,3.55,39.1,40.6159159591308,824.605083052625,35.4007770902288,3090.06513662318,16.8779105151474,81.6733870603639,20.929149397264,55.1969344748228,71.732,66.2496063543161,95.4384260318316
GEO,2011,22.1991814081631,3.75,31.5,40.6159159591308,943.642090063012,35.147503237876,3362.1030031968,17.6800367830185,85.4659350932986,23.1207490708456,55.6899257648533,72.485,65.7203016200707,95.5737249468986
GEO,2012,23.0631259897014,3.68,28.7,40.6159159591308,993.847722414941,35.0410130954094,3609.780798626,18.8467444528085,89.7348800946338,26.0276223249812,56.1683526759979,72.672,65.238006928164,95.7077336027359
GEO,2013,22.2517576861155,3.99,32.4,40.6159159591308,1118.86616651538,35.7763707008203,3806.50600649051,18.03372091427,93.8139137895532,21.7000864850024,56.6182119019407,73.025,65.0419538822212,95.8402895547886
GEO,2014,20.9791754789627,4.08,30.7,40.6159159591308,1193.781897604,34.7675924593467,3960.35080091901,18.1712886955425,94.9506979383393,25.6503571653742,57.0237612994258,73.105,65.0725007872914,95.9715499431682
GEO,2015,20.3304736500391,4.18,27.5,40.6159159591308,1259.15997860484,34.7978126349115,4086.6223465965,19.7698929026282,97.0163115086257,26.8771593145768,57.3803800455672,73.241,65.1750586094685,96.1014497266011
GEO,2016,19.3139668885259,4.2,27.2,40.6159159591308,1300.49894445527,34.4510001439056,4225.09154904806,19.1221601510136,94.9262528383443,28.9031069953219,57.6984032005062,73.136,65.2140557752196,96.2306438542473
GEO,2017,18.5342689563052,4.04,27.5,40.6159159591308,1312.78610346067,34.3186069938121,4442.50744127374,21.2674893565554,102.584277697146,25.1248176100629,57.9996827205757,73.435,65.2227859617201,96.3588824042299
GEO,2018,18.4542384404894,3.82,27.4,40.6159159591308,1301.87728809329,34.1660670600086,4713.65354845303,20.9042764578834,109.847740556266,27.9262958963283,58.3038181862576,73.985,65.197330207495,96.4862775476087
GEO,2019,17.6183021493385,3.83,24.7,40.6159159591308,1371.17934672286,34.1430421643402,4975.81148194814,20.0073713952459,117.810080239714,27.1682284921369,58.6304091780343,74.165,65.0855698239966,96.6127357061039
GEO,2020,17.0438421058507,3.98,23.4,40.6159159591308,1327.38644455455,34.2193121312419,4659.60925318234,21.0709552310751,92.8910841752194,24.6056865974412,58.9990552763878,73.509,65.1302704783232,96.7382823190877
GTM,2008,27.5798309047198,3.96,66.5,35.6468831653602,686.736367338845,41.3773796192609,3569.92861121538,28.116816136255,65.1787305213103,16.6715643176913,50.1165894513633,69.493,130.040817469205,89.5375290731545
GTM,2009,26.9080886631746,4.22,65.3,35.1927958193356,721.327289373788,40.7764091078761,3516.19227725255,27.5259745150329,58.0406869738673,13.2666014648944,50.7420420912045,69.676,132.65781075028,89.7784165579284
GTM,2010,26.652419867848,4.14,67.1,34.7387084733109,714.074532356674,40.287420679358,3546.6258162259,27.4918265373292,63.1251925746222,14.1641936924863,51.3270380592706,69.885,135.312728630086,90.0171691678666
GTM,2011,30.2785784962163,4.06,67.1,34.4833893243748,714.303324282615,40.0783874580067,3621.37409769184,27.9436212267543,65.0470510420457,15.4821754242397,51.8657469899423,70.321,138.037756625607,90.2534246699844
GTM,2012,27.3005597247054,4.13,67.4,34.2280701754386,734.084473337375,39.7760358342665,3655.57315791242,28.1234371173336,61.9594193352042,15.1941445941618,52.3523385176,70.722,140.814175065323,90.4874258264266
GTM,2013,29.0925322950372,4.09,67.2,33.9727510265024,738.982674301733,39.408361328854,3717.30462628413,22.9529599737565,56.6852490208198,15.8426344411704,52.7809822766245,70.878,143.59217058604,90.7203833166752
GTM,2014,26.7327979035299,4.09,66.2,33.7174318775663,756.287525577607,39.9860022396417,3809.61587570091,23.1927143718844,55.0832735945126,15.0711607830911,53.1458479013964,70.942,146.339352370287,90.9521869085608
GTM,2015,27.4004163899267,4.16,63.3,33.4621127286301,787.263517462421,41.6573348264278,3893.50533299068,22.7375104809835,49.8934517710689,14.8281546619502,53.4411050262961,70.915,149.045754012691,91.1829418884206
GTM,2016,25.2167964925021,4.37,63.2,33.3538633818589,833.55203066865,41.9354236655468,3924.77894837098,22.6144392993251,46.3727344722496,13.8619677416617,53.6609232857043,71.215,151.817469204927,91.4122081124135
GTM,2017,25.1845452119376,4.24,65.0,33.2456140350877,817.676720672477,42.2135125046659,3972.74057836068,21.9049014315292,46.0694033463258,13.5961014124753,53.7994723140017,71.583,154.603928704741,91.6400944159348
GTM,2018,23.2233964899274,4.25,64.0,33.1373646883165,833.831068721414,42.491601343785,4040.2121371198,21.4264352094944,47.0116852699223,13.7904254321553,53.845962303542,71.496,157.201241134752,91.8664742343096
GTM,2019,20.2102810509295,4.23,62.8,33.0291153415453,851.576981433866,42.7696901829041,4139.12203836307,21.9422533815816,45.5167341512863,14.3298340372808,54.1882267267974,71.639,159.609957073535,92.0910526006257
GTM,2020,21.6357355920496,4.23,65.5,32.9208659947742,823.751784803862,43.0384471817842,4005.83911593999,22.3294622105607,41.1407594507716,13.5006823739789,54.5483167911628,69.971,161.97578387458,92.3138179561227
GUY,2008,23.9520301855779,4.82,32.6,94.1259436118872,,3.65252730505461,4472.34517889699,24.7390950750695,,,26.8573671978542,65.721,3.83340614681229,91.5138620553584
GUY,2009,23.9438660671232,5.02,31.3,94.1033832867666,,3.65252730505461,4649.34144792756,24.5699983117448,,,26.620074648793,66.03,3.82064516129032,91.7944367446406
GUY,2010,23.836323399808,4.72,30.6,94.0808229616459,,3.65252730505461,4860.09110980566,24.9027270750604,,,26.4592185137368,66.204,3.80622809245618,92.0773787759255
GUY,2011,23.1327579636656,4.81,32.8,94.0214376428753,,3.65252730505461,5133.89539813637,26.4538770719167,,,26.3999996185303,66.469,3.79046482092964,92.362661216299
GUY,2012,24.0202750476087,4.39,28.7,93.9620523241046,,3.65252730505461,5403.79899428921,26.5877498717371,,,26.3999996185303,66.443,3.79115062230124,92.6609284046395
GUY,2013,23.9124180658873,4.01,26.9,93.902667005334,,3.65252730505461,5573.3421790463,25.6280649781202,,,26.4003891353669,66.71,3.8101143002286,92.959244646232
GUY,2014,24.2311867349748,4.01,24.0,93.8432816865634,,3.65252730505461,5635.71704117947,24.3921272261287,,,26.4018152016157,67.334,3.83149098298197,93.2581213076168
GUY,2015,25.8352498994325,4.0,25.0,93.7838963677927,,3.65252730505461,5640.41560569466,24.7187387911341,,,26.4043918297579,67.719,3.85461518923038,93.5573147268912
GUY,2016,25.3854930398264,4.17,21.3,93.7371602743206,,3.65252730505461,5818.61682204646,29.382927306177,,,26.4080892882899,68.069,3.8788315976632,93.8566725487211
GUY,2017,25.2164770735339,3.96,22.1,93.6903733807468,,3.65252730505461,5997.18271426826,26.2071926714792,,,26.412905546573,68.543,3.90388112776226,94.1560114941811
GUY,2018,25.7636448984049,3.89,16.8,93.6436372872746,,3.65252730505461,6080.90612132746,26.2597639752552,,,26.4188378517884,68.829,4.02111252222504,94.4550659757955
GUY,2019,26.0920734823741,3.98,11.3,93.5968503937008,,3.65252730505461,6278.63054079553,28.6892259316288,,,26.4258834773058,69.067,4.10294640589281,94.7537064552483
GUY,2020,25.460668047299,2.84,12.0,87.2186227147864,,3.40532348204982,9010.61000469878,38.7960801467797,,,26.4340397353676,67.751,3.82438666287771,95.0516966520853
HND,2008,24.7098957241816,4.91,50.0,59.129770310126,585.573728824361,28.4565197962284,2175.14709403064,25.9497768626944,135.748955193053,36.0659698365463,50.0312316063593,69.657,71.6112878720172,89.4848766199091
HND,2009,23.9175973814691,4.97,50.5,58.9485208687103,565.847197127184,28.5816426847797,2076.30859895638,26.0219596984677,96.9050060188904,20.599443751492,50.6740175729851,69.823,73.1959871302172,89.922767090749
HND,2010,23.6046775290367,4.86,53.6,58.7672714272947,561.818507536758,29.207257127536,2108.47314459603,25.5871307044098,109.441838241682,21.8798406875029,51.3273733161098,69.77,74.7687729019573,90.3547424812176
HND,2011,27.5473866010646,5.17,50.9,58.5677182947538,607.415805872968,29.591563142372,2144.56265540491,25.8142160143128,122.216902597337,25.9999916424846,51.9908892304951,70.116,76.3301724908392,90.7803603583435
HND,2012,24.209066840265,5.1,49.3,58.3681651622129,611.212692944522,30.0116185539369,2188.39378817891,26.1135718011836,121.188215808285,24.5642087901292,52.6641557109031,70.46,77.8896773616945,91.2001031419735
HND,2013,26.2100830737093,4.99,51.1,58.168612029672,613.620494738777,30.1188667441237,2205.40126728067,25.4093197152808,116.306049247436,21.7603523031056,53.356379133253,70.765,79.4465814639378,91.6134052389382
HND,2014,24.197048630279,4.94,52.2,57.9690588971311,604.093043217727,30.1635534900349,2229.24772232218,24.510778796214,112.97509728471,22.1838322277385,53.8768089124249,71.032,81.0002859951738,92.0207347407906
HND,2015,24.6931989438968,5.18,50.8,57.7695057645902,659.394073401803,30.1635534900349,2271.20265980349,25.6499709386427,107.26440535424,25.1179830288624,54.3828473751434,71.323,82.5570202877826,92.421451159935
HND,2016,22.8829846790784,5.01,52.7,57.5837876485834,616.39140542774,30.6014835999643,2315.72983058198,25.8278974975697,99.8157169505924,23.3771285357634,54.8868414578857,71.615,84.121726695862,92.8158871236421
HND,2017,22.0571250886782,4.1,45.6,57.3966395567075,537.592382183152,31.1734739476271,2383.37398439714,26.5389223099615,101.813111079622,24.8207131723601,55.3877322339915,71.805,85.6925283760837,93.203968706641
HND,2018,20.5175969852982,4.21,48.9,57.2094020913397,565.077916293092,31.361158280454,2430.13503657762,26.5924587973715,103.551162215452,26.572086282814,55.8852577716247,72.001,87.2750916078291,93.5856465079255
HND,2019,18.1436603524166,4.35,46.2,57.0221646259719,583.591911432311,31.361158280454,2447.61649282181,26.7243168964313,99.4599779937589,22.9676941165281,56.3791561389766,72.124,88.8697202609706,93.9610018338129
HND,2020,20.3136833896573,4.41,50.2,56.8349271606042,544.573855679284,31.6203414067388,2189.43168668222,25.357857215276,88.0008563836292,19.666372727561,56.8691654042685,70.864,90.4427562784878,94.3301083793908
HRV,2008,22.6849842013375,3.57,24.1,34.1826888714173,2276.1355193129,23.0344507183189,12970.4376964616,22.7583110451343,82.0790791060076,29.5493180054689,55.3530687812969,75.9121951219512,77.0085233364306,99.3965737483077
HRV,2009,21.88676949653,3.71,27.2,34.2452290758345,2199.79195573117,23.2220713315703,12099.5521781656,22.6914100390127,69.7015578897439,24.3749259622733,55.3096640250682,76.1682926829268,76.927685655064,99.4989155320278
HRV,2010,21.5520342977398,3.72,29.8,34.3077692802516,2181.04401120231,23.8331784718748,11965.0049285028,21.36803442175,72.6467039932668,20.3670619597928,55.2824979327886,76.4756097560976,76.7533950396684,99.6004621496266
HRV,2011,23.6135683044921,3.63,27.2,34.314916732185,2137.20950653716,23.6955900221571,11993.0713179162,21.5043974590517,77.783952809242,19.0003929954279,55.2773793281248,76.7756097560976,76.4888499749839,99.7012086254188
HRV,2012,20.9195365864097,3.5,29.4,34.3220641841184,2020.48417283556,23.7831463083411,11780.4742767284,21.0396616788925,79.0075493058138,18.0242997806016,55.3042888624873,77.1682926829268,76.1269387463369,99.8012216684385
HRV,2013,20.2640413078795,3.44,32.8,34.3292116360517,1990.54136695236,28.0055035379887,11838.2152450357,20.5075395928616,80.9188132002026,18.7245951617912,55.3659479687433,77.5707317073171,75.6543849617611,99.9003820151375
HRV,2014,19.8289409065182,3.29,33.6,34.3363590879851,1909.83580091578,26.954828103781,11862.7609491821,20.6526480346575,85.2166241319216,18.058510522236,55.4591834926844,77.7243902439024,75.0767993710242,99.9005681639486
HRV,2015,20.1718710437292,3.35,33.1,34.3435065399185,2018.54259233172,27.4676577800014,12283.7840620053,20.3701373622843,90.6522705485118,19.4788535135042,55.5812594509004,77.2756097560976,74.1856371953399,99.9007659561635
HRV,2016,18.1778313300349,3.26,31.8,34.3813916088914,2057.18869470229,27.6249017225359,12848.419539107,20.2769414390036,92.1392009356077,19.8968461847519,55.7294398599808,77.9219512195122,73.3840861982703,99.9009796453255
HRV,2017,18.7613905967833,3.26,29.8,34.5151954828104,2159.96952184034,26.7493388606962,13485.3012514274,19.7721853620712,97.2445256540374,20.8394179953997,55.9009887365155,77.7268292682927,72.2144056893717,99.9012135113564
HRV,2018,20.0014497847215,3.08,32.8,34.5598956472018,2127.63878608554,26.5170466728611,14060.9874833125,19.289972926094,99.0848546362534,22.4897435588565,56.093170097094,77.919512195122,71.2739439639768,99.9014519632488
HRV,2019,15.914853988952,3.01,31.6,34.6045672217854,2173.19836034448,26.8744192695304,14641.663970693,19.5762975915854,101.394766564216,21.9665426156852,56.303247958306,78.2243902439024,70.5701879779859,99.9017118309549
HRV,2020,16.1208592960264,3.16,32.4,34.6517155110793,2104.84530641676,26.8942101501072,13545.4881162417,20.0965004802369,89.5480523143212,23.5443662718786,56.5284863367411,77.5243902439024,69.946497498213,99.9019753269295
HTI,2008,18.9251624491129,5.09,79.6,13.7457910014514,368.507033755957,64.2235123367199,1356.53400140048,26.701201891474,36.1450381454244,12.6171620718569,44.6847359532184,61.28,345.81908563135,62.2174731426429
HTI,2009,18.8685291599026,5.01,80.3,13.7375544267054,377.427344980307,65.9045718432511,1412.89653523429,26.2255411512356,33.0964998246108,12.6069242243299,45.3786413995138,61.694,351.581313497823,62.9888052938028
HTI,2010,18.8313411106541,5.53,79.0,13.7293178519594,388.995522336097,71.988388969521,1317.58389339746,23.5332687261618,44.7215241260457,24.988217664925,46.0679741838751,45.577,355.70732946299,63.7442876328599
HTI,2011,18.8857006660512,5.51,79.0,13.616618287373,402.476697495403,72.8955007256894,1369.16921255852,24.5925802703743,44.1635704019387,20.9967494829716,46.7523749519985,61.581,359.757039187228,64.4832332548174
HTI,2012,19.0640940806919,5.66,82.2,13.5039187227866,408.922012927348,73.4397677793904,1354.88546124499,25.3732825170097,40.2582414988129,17.5092344164627,47.4314843495779,62.273,365.376306240929,65.2057837814604
HTI,2013,19.3952223914866,5.59,80.4,13.3912191582003,415.229471165857,75.0362844702467,1392.38204736859,25.6899193261312,40.3325097562551,17.880859322137,48.1049430223048,62.624,370.912989840348,65.9105551526185
HTI,2014,20.7584161756086,5.38,77.8,13.2785195936139,400.493565620537,75.0362844702467,1411.76834802154,26.5606297593527,42.3515259071619,16.556866327765,48.7723916158687,62.969,376.387336719884,66.5988959372951
HTI,2015,21.5058632915395,5.31,76.1,13.1658200290276,400.138818358845,75.0362844702467,1411.12684746796,26.0556909416746,41.9457381172044,13.9737286463314,49.4334707759572,63.224,381.830261248186,67.2702221922087
HTI,2016,20.5277983755891,5.4,76.1,13.0529753265602,408.56544100745,75.0362844702467,1416.74881879698,24.4486778891376,41.4109022161974,13.5922278864188,50.087821148256,63.325,387.208164005806,67.9200663191655
HTI,2017,20.7108631691211,5.37,76.2,12.9401306240929,410.595545177212,72.9317851959361,1432.67228609541,23.7054083866046,42.0745477868911,16.876979845919,50.735083378449,63.832,392.516473149492,68.5471165461434
HTI,2018,21.5479155500506,5.47,76.2,12.8272859216255,419.506914918994,72.3875181422351,1437.35251928349,24.1385210331551,45.1385763027223,16.0510920039064,51.374898112219,64.077,397.763497822932,69.1522570020031
HTI,2019,20.938501996786,5.5,76.4,12.7144412191582,409.8045053234,64.9492017416546,1394.42114071112,23.3823262210182,44.5687187758294,18.5362500202298,52.0069059952475,64.328,402.944956458636,69.7360086923955
HTI,2020,21.3502554448061,5.63,76.3,12.6015965166909,398.394138508433,64.9492017416546,1331.69778506932,23.327525652015,37.4138801252638,17.70308377994,52.6307476732151,63.773,407.977068214804,70.4880763209359
ISL,2008,6.68793269253617,13.58,74.0,0.415980049875312,17341.072624835,18.713216957606,55360.8136015347,22.6306546995652,81.9027481853952,25.8874469911237,93.0646442174216,81.609756097561,3.16622443890274,100.0
ISL,2009,6.5615173033005,15.27,74.7,0.430783042394015,17936.5957485126,18.7032418952618,50581.0846203691,19.3938111719419,89.00144405735,14.7799889271266,93.4441340553707,81.7512195121951,3.17704738154613,99.9999992481043
ISL,2010,6.51049356186064,14.89,76.0,0.445586034912718,17024.5130942471,18.6932668329177,49528.4864575422,21.855496243023,92.4901528110187,13.8337714379496,93.4588348107886,81.8975609756097,3.17247880299252,100.0
ISL,2011,6.70874031735348,15.65,77.1,0.452548628428928,18161.5241113303,18.6852867830424,50058.8302502676,22.2264364274742,100.133252648313,15.3142065291421,93.41106112427,82.3585365853659,3.18218453865337,100.0
ISL,2012,6.11017540376794,15.11,77.7,0.459511221945137,17633.6482755645,18.6753117206983,50375.4116888351,20.9475410570084,102.433137099998,15.8900528697338,93.514892578125,82.9170731707317,3.19916209476309,99.9999957149588
ISL,2013,5.96459941016024,15.07,76.8,0.466473815461347,18212.7336453087,18.6753117206983,51696.0876528983,20.8890786203018,97.6980221861272,15.0113948829854,93.6166725158692,82.0609756097561,3.22956608478803,99.9999988928739
ISL,2014,5.78710561432072,14.77,77.6,0.473436408977556,17947.0382271585,18.6753117206983,52102.5757919438,20.6391066712987,95.2879194201667,17.0733671860941,93.6196716315805,82.8609756097561,3.2656957605985,99.9999979873113
ISL,2015,5.73328095255678,13.47,78.0,0.480399002493766,16910.7212326475,18.6733167082294,53505.6964079339,19.94941842555,94.8888027460231,19.1932461301069,93.727919768566,82.4682926829268,3.29990024937656,100.0
ISL,2016,5.27717772615425,11.93,80.9,0.485386533665835,15701.4730096728,18.6733167082294,56049.2928648152,19.5126644938287,87.7600165983392,20.8155538899524,93.7822647094726,82.2048780487805,3.34602493765586,100.0
ISL,2017,5.83996279608708,12.12,80.8,0.492568578553616,16234.9829641811,18.6733167082294,56657.9800285572,19.4710396712039,86.3585336945067,21.5754325297001,93.7718982310092,82.6609756097561,3.42543640897756,100.0
ISL,2018,5.55924065638007,12.68,81.4,0.496280868789051,17346.7502731224,18.565903005058,57731.6523401884,19.7316038131118,88.934996973139,22.1950214764255,93.8526667025487,82.8609756097561,3.49817514628583,99.9999967826526
ISL,2019,5.48155807169081,12.25,81.7,0.502727362888029,16700.5920009676,18.565903005058,57118.8452718755,19.5699967953928,83.7923659518443,20.2034835852927,93.9770847416131,83.1634146341463,3.5759496181692,99.9999970387712
ISL,2020,5.10554827500189,12.92,82.9,0.5092730338193,16083.6099695089,18.565903005058,52464.3072858637,20.4242530347691,68.6550233460548,21.046340093825,94.1367102874722,83.0634146341463,3.63446394922146,99.9999964455788
JAM,2008,15.8426112691161,4.78,5.9,50.8734995383195,1177.37176764598,41.4589104339797,5639.58974873397,19.6881228419841,,,53.3674108497524,71.502,251.674515235457,92.7426284619668
JAM,2009,15.7358327818276,3.98,7.4,51.219298245614,943.351386149021,41.1819021237304,5372.14234169511,18.0908593404592,,,53.5618180258738,71.717,252.723453370268,92.4323342637375
JAM,2010,15.5556087039102,3.77,8.9,51.5650969529086,875.100676933436,38.9012003693444,5271.57221477938,17.9863304478474,,,53.7535679480806,71.979,253.792059095106,92.1193970721849
JAM,2011,14.9471227221815,3.94,9.8,51.9161588180979,923.899986298869,38.8273314866113,5339.62170188798,18.2490235366752,,,53.956586109128,72.245,254.893259464451,91.8039421170674
JAM,2012,15.4247314936508,3.82,12.2,52.2672206832872,888.692854734165,38.7626962142198,5284.00852557589,17.9938605582722,,,54.2478817703732,72.405,255.995383194829,91.4871976831064
JAM,2013,15.7749158665666,4.01,11.4,52.6182825484765,930.085040039502,38.6703601108033,5289.88438546111,18.0990659844033,,,54.548819811983,72.435,257.034810710988,91.1691636119073
JAM,2014,16.4597152483621,3.88,11.9,52.9693444136657,902.848499036495,38.5872576177285,5307.19165380801,18.3652279034414,,,54.8660395670395,72.357,257.963896583564,90.8497325388071
JAM,2015,16.8646376023948,3.86,12.1,53.320406278855,903.435894725802,38.5041551246537,5339.30718256806,17.2364205205086,,,55.1995248014924,72.214,258.775069252078,90.5287295922396
JAM,2016,15.9558447798912,4.22,11.1,53.6786703601108,998.797053907958,38.5041551246537,5472.28314023034,17.0837288086486,,,55.549259277615,72.052,259.456602031394,90.2061439128139
JAM,2017,16.6566414571584,3.87,11.0,54.0378578024007,919.667703413837,38.5041551246537,5586.1365723133,17.3098108220914,,,55.9152267548307,71.879,259.996675900277,89.8818112105781
JAM,2018,16.8426821458431,4.27,8.9,54.3970452446907,1031.75337490372,38.5041551246537,5717.87621107532,17.881931896287,,,56.297410990325,71.606,260.39676823638,89.5557220251637
JAM,2019,17.0706325020849,4.41,9.2,54.7553093259464,1075.71855431766,38.5041551246537,5814.79275311692,16.6720709416832,,,56.6957957395074,71.532,260.689843028624,89.2277179456112
JAM,2020,17.413637041591,3.63,11.7,55.1144967682364,795.43607562422,38.5041551246537,5317.84145033966,18.0639893861305,,,57.1103647563627,71.452,261.379409048938,88.8977273219084
KHM,2008,27.7883527366484,4.76,74.1,60.2061182868797,296.389616055637,30.3365057783821,1090.57475806147,26.0495966887473,130.393510678736,23.0800200013877,19.6574509865325,66.147,79.6140890550646,63.6884209485264
KHM,2009,26.427137256084,5.07,68.0,60.0974790392024,311.4624062289,30.1876954452753,1117.25834194514,25.5665162922046,102.2879490147,26.3323279290139,20.1979728726519,66.747,80.8792771357353,65.049262160306
KHM,2010,24.8224340951565,5.05,64.8,59.988839791525,323.255970747488,30.4861262179923,1155.85236856699,26.0088985136981,109.998400607758,22.317490039603,21.1232251168762,67.311,82.1477792884659,66.3891055650022
KHM,2011,21.6807107694691,4.81,64.0,58.0146612281894,325.063800981871,30.7794912757761,1221.38839852454,26.6606926732023,109.790505166814,22.3677149230901,22.3824788531276,67.869,83.4046227056424,67.7079968252659
KHM,2012,22.9965791117395,4.68,64.4,56.0404826648538,334.025964498856,31.1509018808067,1295.25271477893,27.6110297650086,116.740233418212,24.6712332656387,23.9411047582349,68.371,84.6651087695445,69.0059822259685
KHM,2013,25.7785023524529,4.47,65.0,54.0663041015182,337.778887518004,31.4524427826875,1376.29557595926,28.9581198037895,124.887552768657,26.8520095001976,25.7644735090271,68.755,85.9404486743712,70.2828703284751
KHM,2014,22.1052880421246,4.5,63.7,52.0921255381826,359.949524640373,31.6826087695445,1464.53115866927,29.9169916479613,124.454908526693,30.0126716073678,27.8179557823331,69.117,87.2239519601178,71.539204338713
KHM,2015,21.599028896344,4.58,60.6,50.117946974847,379.745573981888,31.9960571040109,1547.32010444393,31.4639051712341,122.109596815379,29.8714938168298,30.0669222549819,69.398,88.5069737140267,72.7747960661074
KHM,2016,22.4071810127085,4.74,58.0,49.2359506004985,412.747652430932,32.2909811919329,1645.46671578126,33.0562094608004,122.704555602667,30.3850325759008,32.4767436038024,69.635,89.8074042601405,73.9897142664689
KHM,2017,20.7075312769695,4.59,56.3,48.35395422615,418.953616262105,32.7703597326082,1753.93530504662,34.2980809169165,121.155451298689,30.6334526919382,35.0127905056235,69.842,91.0569453886245,75.1838204777674
KHM,2018,22.9919425508182,4.58,58.1,47.4719578518015,440.94962587052,33.1881078631317,1884.28374817086,36.8714237524226,118.43765541305,30.7394192448512,37.6404336372742,69.993,92.1964763199638,76.3583989017941
KHM,2019,22.9738017157091,4.85,53.0,46.589961477453,489.36782496618,33.7162803081804,2008.32094006706,39.0455946521572,115.736679072448,31.3945541935104,39.5830241256026,70.127,93.3679129843644,77.5132246974306
KHM,2020,24.1436022803452,5.09,51.4,45.7079651031045,516.116717657277,34.3013919102651,1908.63427518336,37.4576122779361,122.105396346568,31.351227539335,39.832658030922,70.059,94.7511556764106,78.6484857238686
KWT,2008,62.3022428112696,6.11,0.0,0.335016835016835,10648.7276277184,8.47362514029181,39852.5129115699,,92.6834562516721,17.6298214529099,100.0,77.1890487804878,148.789057239057,100.0
KWT,2009,61.6332751623654,6.84,0.0,0.34287317620651,10529.4946836104,8.5016835016835,35124.0853941026,,88.8110649851457,17.9658449249415,100.0,77.4333658536585,156.873400673401,100.0
KWT,2010,61.3527403418571,7.42,0.0,0.350729517396184,11311.9365859367,8.5297418630752,32568.4981754501,66.0655582815397,97.0280216600064,17.6584741694241,100.0,77.7262195121951,165.172390572391,100.0
KWT,2011,65.1115344079268,6.58,0.0,0.350729517396184,10504.8801729128,8.55780022446689,33545.346271839,72.7249733972566,99.1164927646913,13.5481349757935,100.0,78.052243902439,175.803254769921,100.0
KWT,2012,65.1385584071027,6.67,0.0,0.350729517396184,10424.3416746399,8.5297418630752,33578.3309651964,74.8123207433144,101.011435104032,12.8349439592807,100.0,78.3950243902439,187.267620650954,100.0
KWT,2013,66.1412461870028,5.57,0.0,0.350729517396184,9775.19621173225,8.61952861952862,32311.1800008536,73.0986938777857,97.6054913328151,14.3514402143401,100.0,78.7418048780488,196.848709315376,100.0
KWT,2014,50.028931868526,5.68,0.0,0.350729517396184,8681.35167846512,8.53535353535353,31073.1537300624,70.5483167543953,100.037189841844,16.2902579989347,100.0,79.0803414634146,205.716947250281,100.0
KWT,2015,64.5479644305319,7.09,0.0,0.350729517396184,9731.54449633626,8.38383838383838,29882.2126495698,55.9358456541559,98.6999884455485,25.4281227135199,100.0,79.3765609756098,215.183726150393,100.0
KWT,2016,59.2319560603482,7.27,0.0,0.350729517396184,9684.89135568875,8.41750841750842,29454.4426388829,52.134780154177,96.1576723758617,29.9591125059994,100.0,79.6775853658537,224.696745230079,100.0
KWT,2017,58.1291719707309,7.18,0.0,0.350729517396184,9526.71485045218,8.49607182940516,27048.3706935958,55.6192158978196,97.840046457409,27.730838747062,100.0,79.9160731707317,233.1544332211,100.0
KWT,2018,63.4583554482098,7.24,0.0,0.350729517396184,9772.0088330557,8.41750841750842,26706.0191660864,60.1276537174576,102.785630655,25.5469562847273,100.0,80.1063658536585,242.621492704826,100.0
KWT,2019,52.7825054963873,7.69,0.1,0.350729517396184,8352.78024104055,8.41750841750842,26580.2264741607,57.7186566770031,91.6857123895953,23.0019978533703,100.0,81.969756097561,249.288215488215,100.0
KWT,2020,53.7151434413218,7.32,0.1,0.350729517396184,8871.9407246336,8.41750841750842,25541.5378987908,48.4612101735294,82.0125101293052,18.6506487501557,100.0,78.7609756097561,246.928563411897,100.0
LAO,2008,26.8823653754409,3.48,69.3,73.8188908145581,406.727596705488,9.11611785095321,1381.73754223953,26.9497231702456,81.8491820941317,31.68198579384,29.4034348148069,62.248,26.6419800693241,64.6620895988517
LAO,2009,25.7049537211446,3.44,66.4,73.6089688041594,420.269670847966,9.39341421143848,1463.3379666846,25.163093788149,76.930826218652,33.9384705525426,30.0420311503825,63.023,27.0435095320624,66.4995750629687
LAO,2010,24.2304166685204,3.3,64.8,73.3990467937608,425.369477265063,9.50389948006932,1564.91068311647,30.4660210858755,84.7203378916677,27.4624877401915,30.6468600890172,63.69,27.4445147313691,68.3192708714706
LAO,2011,20.5789011650413,3.1,63.6,73.2495667244367,424.226591651912,9.61785095320624,1666.40086189871,30.815970194642,91.6986958680216,28.0678025249814,31.2146877128668,64.505,27.8448440207972,70.1211055659738
LAO,2012,22.4365696992954,2.93,62.4,73.1000866551126,430.517609314187,9.782712305026,1774.63585203672,32.4366446720109,98.1851264313662,32.504255276611,31.7422801040872,65.126,28.2451386481802,71.9052632997901
LAO,2013,24.2423626108046,2.98,58.6,72.9506065857886,446.093067662227,10.1490467937608,1890.27861294875,30.4277075542967,98.1791466159604,30.6473220372757,32.2264033448341,65.723,28.6455155979203,73.6706450859176
LAO,2014,21.3928997917018,2.93,58.2,72.8011265164645,458.192519798491,10.3431542461005,2006.31195444447,28.815000545489,99.0597382933399,29.8013514004447,32.6638235172635,66.35,29.0432062391681,75.4180039823174
LAO,2015,20.1670988613747,3.83,53.3,72.6516464471404,602.339548780014,10.4545060658579,2121.01339097363,27.6933442499915,85.798321703681,31.556651604237,33.1240204432199,66.688,29.4698656845754,77.1470405122433
LAO,2016,22.463787282601,4.75,51.7,72.5021663778163,754.130255846522,10.5112651646447,2234.76098741846,28.7595046372574,75.0918909204124,29.0076540961796,33.8267455533474,67.014,29.934150779896,78.8579483150043
LAO,2017,19.1515982168711,4.9,50.6,72.3526863084922,811.84123029479,10.2235701906412,2351.57441747595,30.91247539947,,,34.5115346444216,67.345,30.4079159445407,80.5500537342279
LAO,2018,20.9840690040935,4.7,50.2,72.2032062391681,805.88201068311,10.0511265164645,2459.97874636195,31.533192488879,,,35.2050070032013,67.594,30.8840771230503,82.2233994378671
LAO,2019,22.4289603771825,4.3,50.5,72.053726169844,782.690308446395,9.80459272097054,2554.95638019245,31.531381987864,,,35.9072880879451,67.911,31.3589081455806,83.8782119453961
LAO,2020,22.3176670505669,4.37,50.6,71.9042461005199,701.728790627854,9.56629116117851,2529.74622698761,32.4163678323352,,,36.6185033569111,68.339,31.8307322357019,85.8856322944911
LBN,2008,20.9404521878108,2.71,5.1,13.4424242424242,1061.37912293521,64.8093841642229,7701.29823027979,16.212003826201,106.625673176194,27.9963212002476,87.2769743307677,76.956,481.461779081134,87.9816486553791
LBN,2009,21.7124533506863,3.14,4.3,13.4343108504399,1336.59416990092,64.8093841642229,8375.48851252821,15.4395167882731,90.3978388619092,26.9210161655957,87.4558678091878,77.262,488.004594330401,88.4397073756613
LBN,2010,22.0305714387326,2.8,5.7,13.4261974584555,1272.70442631431,62.5610948191593,8955.54336184707,13.809376206629,95.0966529416243,24.9372585130013,87.6392192810679,77.529,492.794525904203,88.8977660959435
LBN,2011,19.3450935433656,2.77,6.2,13.4844574780059,1257.01533623898,63.6363636363636,8936.20027462737,14.506216070168,102.139882412503,26.8463657489038,87.8270813653079,77.768,498.144672531769,89.3558248162257
LBN,2012,18.7841957919463,3.05,5.6,13.5427174975562,1383.47674048903,64.3206256109482,8920.8056984673,15.4855197381508,88.5455019230591,24.7872978801239,88.0195066808075,77.941,511.802737047898,89.8138835365079
LBN,2013,20.2507464209249,2.89,5.9,13.6009775171065,1238.32383382097,64.5161290322581,8443.53856528784,16.3437962275105,86.1743285920565,27.6124294369186,88.2165478464663,78.037,561.430694037146,90.27194225679
LBN,2014,20.3631198495282,3.0,4.2,13.6592375366569,1192.55300583176,64.7116324535679,7830.4151113336,16.2094101272442,79.8171565925627,24.9671951418081,88.4182574811842,78.148,620.429130009775,90.7300009770723
LBN,2015,20.6861467732003,3.28,4.2,13.7174975562072,1284.15018153506,65.0048875855327,7714.1099998804,15.7051846447457,71.8390426347811,22.2227792570986,88.6246882038608,78.275,632.694916911046,91.1880596973545
LBN,2016,19.360236111926,3.33,4.0,13.7761485826002,1356.17702319106,65.5913978494624,8019.1416913426,15.9539038084869,67.7236177908116,23.1425713718061,88.835892633396,78.306,618.089931573803,91.6461184176367
LBN,2017,18.8914613898948,3.5,4.0,13.8347996089932,1475.80821027467,65.8181818181818,8305.57405425721,14.9268797796791,68.4554292593276,21.787935227326,89.0519233886895,78.192,602.163049853372,92.1041771379189
LBN,2018,19.9808899582131,3.36,4.7,13.8934506353861,1431.81356091147,65.6451612903226,8388.7235123835,13.8056023781184,68.2573073043718,22.4871034019622,89.272833088641,78.263,584.957869012708,92.4654818371011
LBN,2019,20.5970090578064,3.63,5.1,13.9521016617791,1486.47574871806,65.6207233626589,8064.04873416236,12.4991181838946,62.98091601016,12.3224742609761,89.4986743521503,78.208,566.431476050831,92.6
LBN,2020,19.2310172881236,4.05,6.3,14.010752688172,1249.32146308929,65.8958944281525,6440.82843092922,6.63816639544826,50.1298042879627,8.09817736631194,89.729499798117,76.299,557.419159335288,92.6
LKA,2008,24.4035585686367,2.21,61.6,33.7454951363419,437.179899601695,41.4224206665604,2708.58594222506,29.3711947494741,63.369043608222,27.5523830555003,16.2762363395441,72.556,328.964726518896,85.8700345787064
LKA,2009,23.3387605668271,2.16,63.5,33.6453516185616,441.000672616531,41.6137777069048,2787.27350976338,29.6714387318411,49.1491415308235,24.4338657450541,16.7428136405592,70.298,330.990830808484,86.149546290692
LKA,2010,22.0458163253294,2.14,61.9,33.5452081007814,467.291270770327,41.7796204752033,2993.01411511147,27.7831982984661,,,17.2486209380693,74.463,332.946723010684,86.4291556311836
LKA,2011,19.3067208821847,2.0,56.4,33.625578057726,472.004070198765,43.5337266783607,3232.37350382301,29.0731497643121,,,17.7881192817964,74.74,335.019103811194,86.7091246125712
LKA,2012,20.9131853685461,1.89,52.9,33.7059480146707,481.924833084376,43.6931908786477,3484.79049033884,30.9698538096371,,,18.2617686748284,75.187,337.577069047999,86.9893246653002
LKA,2013,21.9721781997635,1.67,56.9,33.7863179716154,456.565215233171,43.6931908786477,3728.93586647848,30.7956807273264,,,18.4323136480916,75.546,328.257056290863,87.2717415635994
LKA,2014,19.7831265390581,1.69,54.2,33.86668792856,485.842992855467,43.6931908786477,3929.92062032185,30.5178954294297,,,18.6153877203724,75.757,331.334715356403,87.5563586215225
LKA,2015,17.9117046245301,1.69,51.3,34.3951658507424,501.472734960701,44.2699497519913,4057.7158346231,29.5354178735039,46.9179708088816,34.2757988098221,18.796256612131,75.99,338.810527846445,87.8430484990773
LKA,2016,19.521371968942,1.76,45.1,34.3441099962839,542.532333545075,44.4315189116701,4214.74117992085,30.4827177292135,46.4715370252187,36.453044458329,18.9747679368162,76.136,342.672030762768,88.13156471936
LKA,2017,18.3492016336564,1.59,45.8,34.2930541418254,514.191694784091,44.5963194545425,4436.00789945768,31.1282786464433,47.1404098004644,39.7266305226638,19.1507693078088,76.239,346.614318258931,88.4218720472391
LKA,2018,20.8478350946817,1.55,47.9,34.2580499159447,508.499276672792,45.448079658606,4493.03575444544,30.0568195254141,49.8093967521361,38.0567747750533,19.3241083384127,76.485,350.284495021337,88.7139577159347
LKA,2019,19.779803654502,1.61,46.1,34.2067102490331,523.423393496303,45.4472947072851,4455.78189608267,29.1910098710383,49.42552388546,34.1087160599303,19.4946326418437,76.698,352.431694638296,89.0074705240203
LKA,2020,19.9644408635608,1.66,49.3,34.1580989330747,511.066363818929,45.4574846427417,4227.23315306594,28.235832875126,37.089118857292,32.8711231474519,19.6621898312161,76.928,354.332363401229,89.3024800646489
LTU,2008,14.1446134543711,4.65,18.3,34.1443956920622,2978.8832571652,42.6342241723175,12324.5197331387,29.2009086287297,126.759707831841,28.2461520781263,66.7527770996094,71.8121951219512,51.0288153171121,93.3530575915625
LTU,2009,14.0443261395798,5.02,20.1,34.3837255684085,2771.81869908328,42.9038691663343,10612.9204044582,25.0207491016076,105.040251236614,12.9798453346191,66.7816619873047,72.9146341463415,50.4653530115676,93.8193881104381
LTU,2010,13.8485379434341,3.97,21.5,34.6230554447547,2276.51776090125,44.2329477463103,10884.1161852582,26.2116518144494,131.626507396009,17.8578010235461,66.7712860107422,73.2682926829268,49.418141204627,94.2758564978179
LTU,2011,12.3194519812497,3.88,22.7,34.6778568465392,2412.97760145453,44.7697609854166,11836.7200384033,28.3534317115284,149.645306927215,22.3672029077554,66.7518340055756,73.5634146341464,48.3153301209433,94.7419457559993
LTU,2012,12.373124789345,3.78,23.9,34.7321058174043,2468.16458396119,45.3489485273,12516.6184065667,28.2001999312223,156.638925650513,20.2704080461532,66.8536758422852,73.8634146341464,47.6934454478731,95.2233550480364
LTU,2013,12.4131714589563,3.44,26.3,34.7857997606701,2352.91337348691,46.1332269644994,13145.8069309969,27.6242689150869,156.626637927418,20.4182900930827,67.0092086791992,73.9146341463415,47.2477064220183,95.7024541817261
LTU,2014,12.7577404745041,3.33,27.7,34.853950518755,2376.27537817697,47.1252992817239,13753.1895982305,27.726441177948,143.290115780694,20.3004773754029,67.1514937628023,74.5170731707317,46.8835275339186,96.1793622122159
LTU,2015,11.3028578201847,3.3,29.0,34.9082202713488,2420.60555053468,47.9792498004789,14269.8039878287,26.9636978611038,138.195575009601,22.5552269115381,67.2282485961914,74.3219512195122,46.4662250598563,96.6540744092519
LTU,2016,10.2329418108878,3.29,31.5,34.9605695859008,2504.98383829705,47.1552632419144,14823.107153522,25.9974602207029,134.690449650877,20.2876398712687,67.1894226074219,74.6707317073171,45.9328405861882,97.1276074784164
LTU,2017,9.79993642739852,3.3,33.8,35.0569116074137,2653.39984329273,46.8590859022046,15695.9993288456,25.720457681502,144.918393101325,20.480115803004,67.1012954711914,75.4804878048781,45.3798470650213,97.5995795936684
LTU,2018,11.0838572805935,3.22,33.7,35.0950023950184,2711.1618678975,47.0541274149768,16604.9021440809,25.5788787201366,147.202132525221,22.4066386338902,67.1464742010457,75.6804878048781,45.0135717707169,98.0695666979738
LTU,2019,10.2465023749528,3.06,33.5,35.1325455126158,2707.60764686504,47.5087831363781,17431.7239081591,25.2564149405008,148.374996011818,19.5803862338798,67.245735168457,76.2829268292683,44.8912328329607,98.5372101703489
LTU,2020,9.21893860360944,3.0,31.7,35.1485148514851,2674.06840356432,46.9945704247844,17443.65526328,24.7876900738526,135.796565563519,16.5198227850463,67.4254608154297,75.0292682926829,44.8797349089748,98.8922199280899
LUX,2008,13.2608348415223,3.04,4.0,34.2984548215937,8625.43333557115,50.8844573230891,110094.791529429,12.8051473899025,292.21348078343,20.5796394806551,87.6037664162874,80.5390243902439,189.806794434561,99.9999980028988
LUX,2009,13.1583110063474,2.96,3.7,34.37614101598,7958.76292955031,50.7679280315095,104574.349049084,11.0066049191433,263.532701541684,16.1829007965354,88.0379076027949,80.6365853658537,193.354334501216,100.0
LUX,2010,13.0161727518124,3.04,3.7,34.4538272103664,8335.83500727028,50.8999945619664,106544.057363484,10.997972653402,293.671876906939,18.0831934936242,88.48791681658,80.6317073170732,196.916246513832,100.0
LUX,2011,12.7279864121044,2.97,3.8,34.4538272103664,8062.97911929005,50.9893336855108,105290.249021891,10.7084382796237,308.714453874162,19.2687977063888,88.9562814837254,80.9878048780488,201.342029008025,100.0
LUX,2012,11.3764588719617,2.87,4.2,34.4538272103664,7723.78432331196,51.0475983313005,104487.744312565,10.4267187903737,311.786835204686,18.7523048822473,89.4405768017292,81.3926829268293,206.235870823396,99.9999990171324
LUX,2013,11.7081477939315,2.7,5.7,34.4538272103664,7320.72167920662,50.8378456064573,105338.955521681,10.4429419766443,320.533506316768,18.1453726914237,89.9413746679705,81.8,211.05785290896,99.9999986127199
LUX,2014,9.99782870623861,2.53,6.8,34.4538272103664,6878.68145180459,50.8805730133698,105583.937273429,10.810880633632,333.42885319668,19.0935867595733,90.4577807676859,82.2292682926829,216.091529874226,100.0
LUX,2015,10.3915303158858,2.41,9.1,34.4538272103664,6548.75962101678,50.9893336855108,105462.012584423,11.539623433831,351.13197436149,18.9584857711264,90.9893679353068,82.2926829268293,221.251835336342,99.9999971975971
LUX,2016,9.61318538725802,2.27,13.5,34.4538272103664,6342.68337961913,50.7488949138849,108351.451826983,12.0959325625638,348.437409376889,17.9319132619894,91.5357090052649,82.6853658536585,226.072263698018,99.999999435156
LUX,2017,9.60846654630366,2.29,15.3,34.4538272103664,6313.35371226953,50.9458294166544,107142.126672598,10.8183368591649,353.793991980303,18.8897175502242,92.0963768119916,82.0951219512195,231.635372078028,99.9999966233411
LUX,2018,9.29178826573985,2.34,16.0,34.4538272103664,6414.36478270833,51.1015902363991,106788.728745199,10.9720784332984,361.865445198667,16.9949135422123,92.6709441899184,82.2951219512195,236.146609386046,99.9999952675499
LUX,2019,8.4591046194554,2.31,16.4,34.4538272103664,6376.86696643123,51.1106795211423,107591.965850496,11.6004638626305,382.66078058442,18.653116084379,93.2589839734767,82.6390243902439,240.827591028798,100.0
LUX,2020,8.67476189540246,2.02,20.8,34.4538272103664,5435.81570647944,51.3218694405817,105274.2471768,11.3427753359144,375.581396376432,17.9294900539992,93.8600689970981,82.1439024390244,244.874264894386,100.0
LVA,2008,17.9236469538566,3.54,33.7,53.7691998650104,2106.6010583897,29.3281051633535,12506.6945041012,22.844745207144,95.7681628438571,36.9756564896607,67.8420335208058,72.419512195122,34.9899882687579,98.2004790709608
LVA,2009,17.8556897500464,3.96,38.4,53.9799122567374,2056.15424051112,29.456666720234,10675.425174228,21.5222929684733,88.8320494963692,23.2112323411887,67.8323653539295,73.0804878048781,34.4170376203256,98.2356850389342
LVA,2010,17.7137997205206,4.25,33.1,54.1906246484645,2149.36312781374,29.0067012711524,10500.8666223014,20.8612025977954,110.86235386272,20.9313394628785,67.8270681752453,73.4829268292683,33.7081170552975,98.2717136022168
LVA,2011,15.525589653222,3.91,35.5,54.2527198804378,2066.71476050433,29.183473411863,11018.5152421583,21.418901034981,129.734758014485,26.7745639280943,67.8266897008267,73.5756097560976,33.0999244700853,98.3077017378479
LVA,2012,14.9825047352387,3.79,40.4,54.314815112411,2171.07870823934,29.5852282771144,11971.0107466522,21.4155903391561,133.211503650958,28.639673212023,67.8331638942219,73.7780487804878,32.691902228936,98.3436350689574
LVA,2013,15.4093695076531,3.65,39.6,54.3769103443843,2156.58828450936,30.1637552830765,12353.5386135301,20.8210958976358,129.677184929099,25.298238178176,67.847334482933,73.9829268292683,32.3436289713468,98.3795180177465
LVA,2014,16.0993170108535,3.58,40.2,54.4390055763575,2177.02968269444,30.0834043100262,12731.6771959342,19.6186043266703,130.042252244959,24.6659431197334,67.8686035364944,74.1243902439024,32.0404647500281,98.4153361248408
LVA,2015,13.6554000536401,3.39,38.1,54.5011008083308,2155.8522069549,30.2842817426519,13321.9753140616,19.7834567448988,126.380014406006,24.149732505911,67.8965395668259,74.4804878048781,31.7792437366417,98.4511105601359
LVA,2016,12.6030729844024,3.3,38.5,54.5632924614717,2172.43884661611,31.0315457920195,13787.3367440023,19.1654365749872,123.330518429659,21.7559480147378,67.9307110858472,74.580487804878,31.4901409356067,98.4869768488799
LVA,2017,11.6679973108454,3.31,42.6,54.6254841146126,2265.21693915892,31.0636861812397,14382.8612727134,19.7767293914993,128.714003328884,22.7120380081921,67.9706866054779,74.6292682926829,31.2123033409935,98.5228902646121
LVA,2018,14.2076039693657,3.35,41.0,54.6876757677536,2403.49981780927,31.1440371542899,15120.0698171804,19.3453568005874,128.234095559822,23.8742877736126,68.0160346376376,74.7829268292683,30.9700612274415,98.558820559671
LVA,2019,12.4865833165492,3.16,41.5,54.7498674208945,2343.51581884881,31.4975814357112,15328.3859933295,19.5988527886207,125.29163170793,23.3384745378809,68.066323694246,75.3878048780488,30.755491989008,98.5947259523274
LVA,2020,11.6020322023647,3.08,43.8,54.8094166800579,2251.38250119088,31.6406877711715,14900.7295718866,20.3341837659978,123.88319804656,22.1554259223647,68.1211222872228,75.1853658536585,30.5391129680219,98.63057400499
MAR,2008,26.858954011948,3.27,14.4,12.639399507058,507.932323340328,67.1767869146314,2648.58569335938,24.3155822554726,77.8344716425602,35.5127958030057,57.1254169272616,70.051,70.8195541115841,72.9256075527307
MAR,2009,26.984514092377,3.16,14.2,12.6770490701322,504.85859762712,67.2251848532377,2710.66650390625,22.25957486397,62.3709560152269,32.1852748633952,57.7306189138977,70.454,71.7696123683621,74.2785219849732
MAR,2010,27.0346621884598,3.21,13.9,12.7146986332064,526.098528303577,67.1931436253641,2767.04223632813,23.7119126900355,69.541979610144,31.4907166374774,58.3287516486646,70.821,72.7470669952946,75.6138635064954
MAR,2011,25.1025965770715,3.29,11.8,12.7192336993054,559.353279063147,67.4519381581896,2879.53930664063,24.5065191885483,76.8258714906247,32.9462436922694,58.902576690412,71.263,73.745435805512,76.9300832583237
MAR,2012,23.517027783633,3.24,10.9,12.7237687654044,559.656539214197,68.1223392336993,2927.45043945313,24.2659773507632,78.2221018956072,32.1793544302158,59.4348555979895,71.674,74.7372641720816,78.2275853930086
MAR,2013,22.6262616570608,3.11,11.6,12.7283038315035,554.322076671451,68.5301366793637,3008.185546875,24.1531288845084,73.8577565315318,32.0046200923723,59.9083499302469,72.117,75.7059623571589,79.5058796686335
MAR,2014,22.5756463722019,3.07,11.1,12.7328388976025,555.591040302721,67.404212413175,3051.458984375,25.8132675090419,71.8935667539398,30.7742542343433,60.3030486171654,72.522,76.6407797445664,80.7653426304432
MAR,2015,25.6535487891636,3.02,11.2,12.7373739637015,563.603106638362,67.3246695048174,3146.24780273438,25.6226817262287,67.2886759253849,30.1771882324678,60.6417124737154,72.894,77.5433295989245,82.0055254325952
MAR,2016,24.7545943744621,3.01,11.1,12.7712077078199,558.062023900473,69.1799238180596,3124.42504882813,25.685104578574,71.1226603816864,31.9579912798641,60.9657656537179,73.228,78.4751445216222,83.2267677813963
MAR,2017,28.0161565066814,3.0,10.4,12.7976473224289,577.582098917111,69.5643024871163,3242.64428710938,25.405454806575,74.1733578786573,31.658071451264,61.2761057031842,73.608,79.4227918440511,84.4286583054916
MAR,2018,23.1856283839847,2.94,10.9,12.8200537754873,577.178572918036,68.3975066099036,3304.7119140625,25.2413538068182,77.2548875243989,32.1395672992051,61.5695822753314,73.946,80.3041900067219,85.6112006137327
MAR,2019,20.9299059936918,3.08,10.7,12.8435805511987,614.502733565635,66.34978041676,3364.73950195313,25.2499524130611,75.9981158798422,30.594933523466,61.8430450233765,74.245,81.1357786242438,86.7740979476491
MAR,2020,21.3212642117301,3.14,11.1,12.8668832623796,575.699296767116,67.0205229666144,3090.89428710938,26.0436433872433,68.8438033904364,28.7769734233308,62.0933436005366,73.133,81.9722339233699,87.9176789567835
MDA,2008,20.9039198271145,5.84,4.9,11.2034052903618,1168.16512504218,75.4332623897841,2249.22589719372,19.1217348463177,134.4216013477,39.227918692985,39.3710708618164,69.0,99.8653879625439,85.9389111690626
MDA,2009,20.5443893978414,5.9,4.8,11.2949224688355,1111.42197315364,75.1596229857099,2116.94357544097,17.1628740871454,110.363326850495,23.1418973846398,39.3255348205566,69.406,99.739374107982,86.3538510383459
MDA,2010,20.4084787372334,6.45,20.0,11.400304414003,1302.53378603286,75.0380517503805,2269.51116145996,20.4338917212317,87.9378518951573,23.8517865932859,39.2804946899414,69.876,99.7787848154216,86.7693011719513
MDA,2011,20.7106966050714,6.19,20.4,11.4727549467275,1322.40704209495,74.9467275494673,2402.94446306051,20.9107204171007,98.6175965326556,24.0486714251096,39.3469161987305,70.173,99.7210931780946,87.1852515314288
MDA,2012,20.3835846673482,6.2,22.1,11.5416920267803,1316.76859981901,74.8630553864881,2389.08666147529,21.3145109050194,96.3064098336294,24.1985192443336,39.3614196777344,70.344,99.6732759521901,87.601707230864
MDA,2013,19.979486487115,5.11,23.8,11.6070559610706,1184.75017871064,74.8479318734793,2605.85029986142,21.6032575380958,95.6872968332383,24.9382002000225,39.4275512695312,70.291,99.5771842462653,88.0186693421827
MDA,2014,18.7371163449526,5.25,24.3,11.6794403892944,1277.13936379874,70.4075425790754,2737.80185056647,21.1263772009346,94.2282919690928,23.7825706600568,39.6298484802246,70.241,99.5164884911377,88.436133359262
MDA,2015,18.1478989162811,5.35,24.7,11.7518248175182,1307.99462011084,70.4987834549878,2749.55137054338,21.1076657265026,88.9664154565323,24.0620907895527,39.6954040527344,70.118,98.7560678343838,88.8523471149568
MDA,2016,17.0561198558818,5.25,25.3,11.7548661800487,1356.31269266323,70.4957420924574,2910.95486872376,21.1944646085144,89.0046837188671,21.9868853235417,39.7373237609863,70.179,97.614165825121,89.2722054309819
MDA,2017,15.1423919470871,5.1,26.1,11.7512921860748,1397.59909786185,70.456065673457,3085.33305844263,21.0188767695091,88.6233902754378,21.9389542125047,39.9736557006836,70.375,95.9093883802694,89.6950297524802
MDA,2018,17.080793755092,5.16,25.3,11.7529716925191,1495.57314367291,68.6355301608926,3267.9961042872,22.1479763600006,87.4467874275648,26.5918106703471,40.3258094787598,70.236,94.2543946689506,90.1205722454001
MDA,2019,15.7728170076841,4.91,22.0,11.7527572607105,1500.03948472062,68.7711146722455,3438.67732670712,21.9233489252916,87.6322371148906,25.1036618823408,40.772289276123,70.181,92.756093569939,90.5483180309042
MDA,2020,14.7583463021422,5.16,22.3,11.7532218728523,1461.47443268889,75.1445965588756,3188.91691602699,23.1345230028419,79.265722119158,23.8644443526077,41.3368530273438,69.914,91.7473260542588,90.9779971950064
MMR,2008,38.2071243111665,4.84,85.6,49.1748511426428,309.294197701747,18.7919976733863,714.620419027129,22.6658154224732,,,28.8586544957208,56.364,74.0701856698964,60.4787323145867
MMR,2009,36.4293257120831,4.38,85.8,48.6510194397673,290.572484432835,19.04331853666,785.634853168658,24.5320050982062,,,29.0033937270962,63.095,74.4840945966631,62.2761475757096
MMR,2010,34.3133485983332,4.02,84.6,48.1293818693935,278.483453812986,19.1746012307504,854.932478027749,26.4680642743774,,,29.1415329218024,63.479,75.045742889508,64.0988519879754
MMR,2011,29.4854398392347,3.86,83.8,47.6837055518989,279.998295569373,19.2227035466638,895.512538762631,31.2916488307023,,,29.2724765136213,63.859,75.6475990754489,65.9461876733172
MMR,2012,33.179223857355,3.97,78.1,47.250365153487,303.854962936024,19.2130444767664,953.123081936485,32.3730207966326,,,29.3956289363345,64.251,76.3032167189773,67.8182524811461
MMR,2013,35.1664986630794,3.87,75.6,46.8118209101488,317.028588736041,19.2732896429228,1024.69060474658,32.3622196006021,,,29.5103946237239,64.617,76.9624823911313,69.7146626625881
MMR,2014,31.2218892689358,3.93,72.0,46.3682121639003,345.059457398655,19.342193911925,1099.24387751605,34.4897147952325,,,29.6164342116462,64.994,77.6040209468978,71.6357324611293
MMR,2015,29.9150539220144,3.77,70.0,45.9246034176517,353.406826920047,19.5213448582103,1166.73305547935,34.4688212621502,,,29.7166821191682,65.288,78.2278679487965,73.5840283312627
MMR,2016,31.1703866445543,3.8,68.8,45.5018995680015,376.137198590416,19.5471674990043,1225.37913972668,34.8095048832944,,,29.8129165582094,65.64,78.8867551089188,75.5592746825868
MMR,2017,28.1336717956987,4.14,59.5,45.0601608579088,429.211582722245,19.997855227882,1290.56409027458,36.8009211203558,,,29.9051727703437,65.909,79.5020114898506,77.5609391468529
MMR,2018,31.5559916967562,3.91,59.4,44.6197487360196,429.032316766838,20.0265052857362,1361.56831265985,36.9634615021809,,,29.993574050729,66.232,80.0861758847863,79.5886557826298
MMR,2019,32.1642279603857,3.67,58.5,44.1758847862724,426.034236342975,19.8857055308718,1440.98988238708,38.4126110918443,,,30.0782436945232,66.457,80.6507017006282,81.6416324017497
MMR,2020,32.3150340028667,3.53,59.2,43.7340309804342,420.352655494399,19.8875388787596,1301.3138635245,37.5439155484288,,,30.1593049968842,66.612,81.2302112859485,83.6954599459105
NIC,2008,21.8138897668651,4.69,53.8,36.8155559248795,533.812640193905,42.6458367957454,1736.65740610408,21.9642332178631,96.7939847302055,33.6019904976752,56.4638124507513,71.404,46.340310786106,
NIC,2009,20.9724591700519,4.82,54.6,35.8090992188798,523.407935260916,42.2885158716969,1655.72028962416,21.0756591800109,86.9936104453444,23.2004558310499,56.651098305894,71.499,47.0051603789264,
NIC,2010,20.6274477367636,4.73,54.4,34.8026425128802,529.008203293034,41.9644341033738,1704.37875049059,21.9687134501788,100.364058423919,24.8398681398148,56.842311091973,71.761,47.676998504238,
NIC,2011,23.0111273786789,4.53,53.3,34.3362639188965,531.362815684315,42.1381086920392,1786.62863418308,23.1571014574195,111.827453935999,30.9826454263625,57.0362425004184,72.033,48.355085590826,
NIC,2012,20.415804406594,4.61,53.3,33.8698853249127,566.819598589113,42.1555592487951,1876.1759720149,24.5476946484698,115.177288474198,31.0116770587447,57.2316842226606,72.435,49.0384493933854,
NIC,2013,22.190051857194,4.53,54.3,33.403506730929,576.474133611862,42.1555592487951,1941.45628552626,25.3876146457155,110.984207880382,30.9047521156944,57.4274279501299,72.551,49.7244889479807,
NIC,2014,20.337626285854,4.46,53.0,32.9371281369453,586.817955989046,42.1555592487951,2006.64869646533,25.0984490191451,106.698200190796,28.8793454871994,57.6222653742564,72.792,50.4112680737909,
NIC,2015,20.8100394575554,4.5,50.0,32.4707495429616,611.876331871945,42.1555592487951,2074.45620634731,25.7346979136282,98.194164594236,33.4766376040407,57.8149881864705,72.899,51.100357320924,
NIC,2016,19.6627564192395,4.45,49.5,31.6397706498255,626.823007449197,42.1555592487951,2140.14405941606,25.7948753609806,93.8137278130087,31.2003868955466,58.0043880782023,73.18,51.7921389396709,
NIC,2017,19.1972180629137,4.36,48.9,30.8087917566894,632.373947264069,42.222037560246,2209.63273423213,24.8173354804008,96.3805864351182,29.9154305259361,58.1892567408822,73.389,52.4865464517201,
NIC,2018,17.5246038706428,4.46,51.3,29.9778128635533,616.516996174416,42.2469669270401,2107.3396261623,24.9956784644064,93.9847404925404,24.0746137195471,58.3683858659405,73.879,53.1833139438258,
NIC,2019,14.9843484599445,4.65,50.5,29.1468339704172,616.151129278106,42.2469669270401,2019.91518620044,24.2809201178084,94.0422159246213,17.831076630152,58.5405671448072,73.764,53.8778211733422,
NIC,2020,16.809772538789,4.55,52.2,28.315855077281,584.481071467124,42.3051354495596,1950.19181218473,25.7903211218917,88.6381231228968,20.3366366143416,58.7045922689128,70.766,54.5559830480306,
OMN,2008,44.0650405651187,6.02,0.0,0.00969305331179321,5927.85053888478,4.70823909531502,22007.7338963517,63.599715349163,94.7619029877161,42.0046274389994,73.807772368029,76.124,8.48636187399031,87.1393591808879
OMN,2009,42.9936108717757,5.79,0.0,0.00969305331179321,5912.23573208102,4.69919224555735,22819.1977324647,57.5656243990977,91.6279353346997,34.0609039447334,74.5338635149003,76.631,8.67418093699515,87.4916215447679
OMN,2010,42.5453623091529,6.61,0.0,0.00969305331179321,6736.89412726066,4.66300484652666,22766.0503620721,63.2733093237295,96.3865546218487,29.3865546218487,75.1579724666274,77.184,8.90935702746365,87.8404432564797
OMN,2011,49.2481622561594,7.61,0.0,0.00969305331179321,7155.54208650969,4.64232633279483,20993.9079436935,68.1872487230601,101.641731939942,27.6617736879904,75.6585803514688,77.74,9.94107592891761,88.2854889503874
OMN,2012,52.3107821072608,7.55,0.0,0.00969305331179321,6702.98586928623,4.60032310177706,19824.1215485946,67.5378696587491,102.0747604043,30.2100349016772,76.088156621068,78.187,11.4607625201939,88.7987968638673
OMN,2013,47.6490783670685,7.35,0.0,0.00969305331179321,6348.55461173282,4.58642972536349,19299.9400516869,64.9283987461105,112.543521763774,32.3564793929509,76.4914234214313,78.633,12.3874410339257,89.2944813891267
OMN,2014,41.256352667596,7.25,0.0,0.00969305331179321,6076.17706116413,4.58739903069467,18726.2026946971,62.0562918738146,102.27872108813,28.6217693334979,76.8892576748951,79.03,12.9319515347334,89.7744741935216
OMN,2015,47.9189950499705,7.16,0.0,0.00969305331179321,6027.44597600521,4.63327948303716,18808.3077921839,53.0988656602003,96.3775801852347,36.3715664991426,77.3025363037955,79.346,13.5214701130856,90.238487505215
OMN,2016,45.4803385490064,6.59,0.0,0.00904684975767367,5557.31259783447,4.63974151857835,18830.6057208608,47.9402499394191,82.8642642018901,36.0864748848963,77.7521362304688,79.581,14.1870016155089,90.6874222506819
OMN,2017,48.7046852088573,7.05,0.0,0.00872374798061389,5765.1904185145,4.68794830371567,18277.945563615,49.5943955174432,88.9531480182956,33.8433678359827,78.3142260040136,79.748,14.6604071082391,91.1148946068941
OMN,2018,49.6250528984572,6.78,0.0,0.00840064620355412,5543.48208572922,4.71369951534733,18269.6769435562,53.893815370623,89.2792178262847,31.675193269668,78.9655839720276,79.864,14.8558222940226,91.5230946241618
OMN,2019,44.8977643665473,6.31,0.0,0.00807754442649435,5104.14096385215,4.71369951534733,18089.586668488,51.3792329456517,86.4782010313236,26.8649178662351,79.5780017545962,79.946,14.8343812600969,91.8882619028406
OMN,2020,39.5835768902765,7.18,0.1,0.00807754442649435,5696.16549726549,4.71382875605816,17743.8858800477,47.1477222892227,91.8758908014472,27.6206693345028,80.0176378922722,77.763,14.612268174475,92.1680305395851
PAN,2008,15.8317581488557,1.57,23.4,58.5259617971482,806.672089232316,29.986548291633,10288.1549774225,19.4422776642603,164.586286421944,41.3904764890482,64.8088713516952,75.937,47.0896959913909,91.6329440597259
PAN,2009,15.3300654912291,1.71,20.4,58.3724105461394,871.526813807763,30.0188323917137,10267.0633132424,18.8451292858244,137.046021377188,30.856549564699,64.9730405510737,76.228,47.9470137207425,91.8164868861301
PAN,2010,15.1289454814112,1.79,20.6,58.2188592951305,948.304837724795,30.4868173258004,10698.0717490512,18.7740620895039,145.448718647896,37.34120254137,65.0926097647906,76.417,48.8099946193167,91.9966294834708
PAN,2011,15.8945138063768,1.79,19.7,58.0652945924132,1037.63156478608,30.4412160344364,11761.4988389067,19.3755839924897,158.20839556043,37.618517893377,65.1896678664818,76.659,49.6839521119182,92.175026614494
PAN,2012,14.6776716917331,1.68,21.2,57.911729889696,1052.69925949498,30.3066989507667,12668.2945402358,20.9812468831741,153.208620289839,42.5040223606148,65.2829468288151,76.877,50.5684153887544,92.3514556960261
PAN,2013,15.3884130435778,1.53,20.7,57.7581651869788,1002.33596439162,30.1721818670971,13236.8306490828,24.4155078532725,133.071568994167,43.0705309243778,65.3709770103365,77.129,51.4572101156847,92.5258725116137
PAN,2014,14.8554074199235,1.53,19.8,57.775580140313,1035.01293838968,30.1268213707501,13611.5490656071,25.7779037541134,114.970604967371,43.5746775001882,65.4531164770096,77.365,52.5108067997841,92.6983815513135
PAN,2015,14.7706187901647,1.45,22.0,57.6215596330275,1024.97759926054,29.9919050188883,14082.6548434996,26.578949117256,96.5791573893461,42.2663686447881,65.5287232947981,77.583,53.4273475445224,92.8686371033942
PAN,2016,13.8724498973293,1.44,22.1,57.4676200755532,1045.76582937315,29.8569886670264,14474.124340577,27.4158212440648,84.3959718486228,40.2623341033399,65.5971555296656,77.772,54.3589584457636,93.188819816336
PAN,2017,13.844753026596,1.37,23.6,57.3135456017269,1035.95086028489,29.7220723151646,15045.545619615,28.2545621203247,84.0475372059131,41.4845748182451,65.6577712475758,77.901,55.298259579061,93.5073884501397
PAN,2018,13.2136956449094,1.34,24.5,57.1133728767862,1026.38990550231,29.563224588838,15375.6434854475,28.3264605966594,86.1309615270001,41.1990909850311,65.7099285144924,78.266,56.1857643569695,93.8241340868165
PAN,2019,11.8842931085395,1.48,19.0,56.9594230250741,1162.83608429865,29.4284173631707,15602.5420714581,28.4159326937794,80.4286505707227,38.0674658664723,65.752985396379,78.514,57.0868158533297,94.1389735045272
PAN,2020,11.4700607490209,1.46,28.5,56.8056079805878,936.065449427601,29.3084389323268,12647.0826553801,23.4387808011432,68.7004234799646,23.9546077936228,65.7862999591993,76.33,57.87626044756,94.4306492571863
PRY,2008,12.3711832339251,3.18,65.8,50.980362446514,795.13978096029,46.683370249182,4788.66318778074,36.7688484491586,80.7775746572591,22.2482943437117,59.2442256780564,72.047,14.1293078278379,86.2343916183711
PRY,2009,12.3469879747333,3.25,65.4,50.1191895293229,803.842403165747,46.8934983639567,4727.59685811389,37.38083932116,70.8419818624334,18.9159699698811,59.3666109432844,72.282,14.2744424867858,87.3701346043735
PRY,2010,12.3630674150856,3.12,63.6,49.2580166121319,845.813455856112,47.4473657186006,5191.05014254362,34.6039155110683,81.2575233746789,23.834958440668,59.5122792618786,72.551,14.4424137931034,88.4925524343049
PRY,2011,13.0739532959182,3.04,62.5,48.2153435690914,846.378069858717,47.9879557009816,5342.19015717538,34.0345623930043,78.4921238489902,24.6615700086338,59.693499539898,72.787,14.6353536370501,89.6017300612008
PRY,2012,12.3612452179307,3.07,63.4,47.1726705260508,838.725851852828,48.5392985149761,5230.26244858989,34.5140981436728,74.7649574561086,21.2642113310265,59.9212909454702,73.105,14.842708280896,90.6978954700582
PRY,2013,11.7070023253943,2.86,62.5,46.1299974830103,834.864412287503,49.0869360684621,5583.12274473566,33.232924993924,73.369871384133,22.0169832494221,60.2375315600901,73.292,15.0577523282155,91.7766282217671
PRY,2014,11.4592064094704,2.84,62.5,45.0873244399698,859.864131506698,49.6341485023911,5794.47644689985,33.6080758464952,69.0837249630891,22.6588064100141,60.7101965948157,73.415,15.2776516486282,92.8421252536178
PRY,2015,10.4338184152061,3.01,60.5,44.0446513969293,925.193411629783,50.1495819280141,5879.33792308762,34.582253753407,66.9150655259457,21.878682412934,61.3302768533263,73.454,15.5023986911654,93.8962871621524
PRY,2016,10.4105012225018,3.4,62.5,43.6273093380317,1072.60628446376,50.6678494840171,6041.95879367349,34.4967803217785,67.7593152322119,19.806173956137,62.0827613208606,73.487,15.7289856531588,94.939272291061
PRY,2017,10.2879780314547,3.42,60.1,42.6384847722124,1116.33946333541,51.1846647369746,6243.1336313903,34.3937589134318,71.0801344038459,20.6000429017992,62.9526389826574,73.45,15.9543418071986,95.9709683490468
PRY,2018,10.4898126276478,3.4,59.2,41.9353888749056,1130.48367815286,51.7095343569091,6354.2392005316,33.556175213621,72.0692236259495,22.7820847953359,63.9248988239553,73.627,16.1776541656179,96.9920505649968
PRY,2019,10.1222564891858,3.39,60.1,41.2323181474956,1105.56253694542,52.2353553989429,6243.53620897823,33.4893114330734,71.2221617342433,21.6853116218499,64.9845298299929,73.668,16.3983337528316,98.0247086553271
PRY,2020,10.0891599097852,3.32,61.5,40.5292222501888,1056.5406299527,52.7540030203876,6109.19608100826,34.2042992219391,62.7602174748575,20.0414603496263,66.116520986009,72.72,16.621542914674,99.046227094695
QAT,2008,87.7129745942613,6.99,0.1,0.0,15946.7278040391,5.74504737295435,61213.7206556875,,89.4328416546905,41.1179671245022,98.1295193937322,78.262,122.905943152455,99.9029247892536
QAT,2009,84.0235980871034,6.59,0.1,0.0,15063.2666244935,5.80534022394488,60781.8017337781,,80.1441629727012,42.9640491480002,98.3494885340955,78.837,138.579069767442,99.9090710287163
QAT,2010,82.4764401970049,6.26,0.1,0.0,16779.9216747321,5.8656330749354,72333.8027430124,,87.1111970364642,31.6551222991847,98.5066232166665,79.444,139.262015503876,99.915217268179
QAT,2011,87.9624107804434,5.55,0.1,0.0,16473.4269691009,5.92592592592593,81608.4080652473,73.2142681700731,98.7216351018991,29.0318354942345,98.6300610210909,79.994,139.94496124031,99.9213635076417
QAT,2012,95.6228667032868,7.32,0.0,0.0,21456.0669284592,5.98621877691645,80621.7554942834,73.4692107035411,105.746286433535,27.1443989918744,98.7428010471968,80.499,148.358139534884,99.9275097471044
QAT,2013,88.6466197970471,7.42,0.0,0.0,20642.1423232651,6.04651162790698,76486.9151226864,71.768350592851,102.383154379024,27.8278903298317,98.8357621827901,80.974,165.066838931955,99.9336559865671
QAT,2014,75.1764824465315,6.83,0.0,0.0,17814.5431104326,6.1792863359443,71756.0265797248,69.7579989822263,99.0343138952759,31.790053219975,98.901627838826,81.395,187.271105308964,99.9398022260297
QAT,2015,97.7000280042596,6.55,0.0,0.0,16427.7565434994,6.1792863359443,68985.2433380102,57.4408093312248,93.7076739370818,37.067203825843,98.9382407681154,81.785,204.051958224543,99.9459484654924
QAT,2016,83.6854921169063,6.2,0.1,0.0,15178.8562114172,6.1792863359443,67294.3517688172,53.2053847059143,89.5476231430097,48.8690827894008,98.9855265345423,82.147,215.588598781549,99.9520947049551
QAT,2017,83.268990615565,7.13,0.1,0.0,16718.237047918,6.26631853785901,64497.6242543737,56.6880001909956,91.4945574785855,42.6113473715086,99.0310125265978,82.458,221.568320278503,99.9582409444178
QAT,2018,93.3069571843647,6.9,0.0,0.0,16139.7708310186,6.44038294168842,64410.7171628721,60.3815146701831,91.838343273294,40.6590534659993,99.0755684762244,82.714,224.606962576153,99.9643871838805
QAT,2019,81.0088337801126,6.82,0.1,0.0,15760.736902246,6.44038294168842,63430.3717285437,57.1645752595048,90.0462934117559,43.7353659391394,99.1191696672067,82.945,229.648128807659,99.9705334233432
QAT,2020,75.6630329481338,7.07,0.0,0.0,14869.2501075493,6.44038294168842,57769.5836053284,52.3332661159918,90.0189857283633,43.8491508547382,99.1617913833034,80.409,243.180852915579,99.9766796628058
SGP,2008,14.3741516426824,2.9,0.5,25.1357142857143,4958.46248257993,1.0,44601.5799302699,26.4153381596662,437.326714891057,30.1596763689779,100.0,80.790243902439,6913.42285714286,100.0
SGP,2009,13.9559537939949,3.13,0.5,25.2395714285714,5321.08304981114,1.0,43331.8746638962,27.0163193688262,358.192811828842,27.3701152111674,100.0,81.2414634146342,7125.10428571429,100.0
SGP,2010,13.796807103582,2.55,0.5,25.2712250712251,4856.84920025022,1.05413105413105,48752.0515441859,26.6358717243037,369.685555787646,27.6582275190447,100.0,81.5414634146342,7231.81196581197,100.0
SGP,2011,15.5030932335334,2.13,0.5,24.8389204545455,4086.3260711538,1.03693181818182,50713.5326393594,25.2595925808817,379.098631377539,26.6919943455279,100.0,81.7439024390244,7363.19318181818,100.0
SGP,2012,16.9223599271481,2.37,0.5,24.4090651558074,4787.02308838074,1.03399433427762,51679.352717333,25.0222021555412,369.212965787665,29.2629426703058,100.0,81.9951219512195,7524.69830028329,100.0
SGP,2013,18.076662563077,2.54,0.6,24.015558698727,5273.75292208676,0.947666195190948,53298.9728558286,23.4427286283197,367.041780049019,29.9795021855415,100.0,82.2463414634147,7636.72135785007,100.0
SGP,2014,17.2816885850335,2.68,0.6,23.5898448519041,4986.32779651842,0.930888575458392,54681.9336458253,24.1685192477514,360.467319166237,29.4300082792766,100.0,82.4951219512195,7714.7023977433,100.0
SGP,2015,17.1833032960407,2.74,0.7,23.2318758815233,5242.6504334371,0.930888575458392,55645.6068614606,24.2880229055028,329.471398940262,25.353193018866,100.0,82.7439024390244,7806.77291960508,100.0
SGP,2016,15.900294890346,2.73,0.7,22.9696755994358,5449.41985010808,0.930888575458392,56986.7853102911,23.2029524941107,302.839656046574,26.3971777576543,100.0,82.8463414634146,7908.72073342736,100.0
SGP,2017,16.0768840541767,2.77,0.7,22.626404494382,5799.39529471808,0.926966292134832,59485.3015873921,23.4966352857041,316.794409287568,27.2765104656237,100.0,83.0951219512195,7882.37780898876,100.0
SGP,2018,15.9768571619193,2.47,0.8,22.3109243697479,5692.66564748734,0.92436974789916,61250.3476672302,25.3804206689349,326.59658728675,24.7748536752848,100.0,83.2975609756098,7897.30532212885,100.0
SGP,2019,17.0759063187283,2.61,0.9,21.9972067039106,5565.91519291042,0.921787709497207,61345.5291820062,24.07072940872,324.394985115301,24.5014074011136,100.0,83.5951219512195,7965.87849162011,100.0
SGP,2020,13.8691955865476,2.71,0.9,21.6852367688022,5538.12371561154,0.919220055710306,59189.70385743,23.24167197361,332.040805481913,22.8053955630909,100.0,83.5439024390244,7918.95125348189,100.0
SLV,2008,24.7662234674635,3.91,31.5,30.7857142857143,702.300695812568,59.7249034749035,3420.44927357444,25.8812946540508,80.6659739399085,20.1725812522343,63.6372503452723,70.138,290.989237451737,82.7117169093002
SLV,2009,24.09020900599,3.93,32.2,30.5685328185328,689.42246753204,59.5415057915058,3337.81150878211,24.9700311675857,66.0711911744487,14.0546154274436,64.5299047495248,70.359,291.905357142857,82.3920893796231
SLV,2010,23.8295394601694,3.91,32.6,30.3513513513514,697.036927315506,59.3581081081081,3398.49346060363,25.2759118643186,73.5372876725398,16.6715814032151,65.4327927543162,70.909,292.86916023166,82.263858914026
SLV,2011,27.5567469396669,3.75,29.5,30.1341698841699,692.505312990967,59.1698841698842,3514.069144355,26.1954132809565,79.2766437025052,17.7899287016523,66.334413642034,71.192,293.925048262548,83.1302988113916
SLV,2012,24.2617826031933,3.71,30.3,29.9169884169884,701.457404594185,58.9864864864865,3601.44222914588,26.589358065851,77.6485716222883,17.7095456638993,67.2232666950659,71.42,295.076013513513,83.9776688792965
SLV,2013,25.8009636408055,3.43,27.5,29.699806949807,660.094150213557,58.8030888030888,3665.1547327058,26.1216427113687,80.4511944908271,17.0194025181256,68.0878511957995,71.225,296.276013513514,84.8055371617931
SLV,2014,23.5624481373706,3.33,24.0,29.4826254826255,649.043175650273,58.6003861003861,3713.94992016222,26.0135339989829,78.1044257477935,16.397215655674,68.9166664266223,71.144,297.439913127413,85.6145492076128
SLV,2015,23.9410831694199,3.39,21.0,29.265444015444,674.353996656659,59.0250965250965,3790.34089108162,25.2889295441979,76.5602707370519,16.0169876236441,69.6982116699219,70.952,298.439961389961,86.4045677725112
SLV,2016,22.7554051143461,3.38,20.7,29.0482625482625,686.997805008996,58.5955598455598,3875.84691357954,24.8348278708617,72.8190933731491,15.967514115536,70.3990173339844,70.908,299.266409266409,87.1729025989856
SLV,2017,22.1065954946575,3.25,25.0,28.8310810810811,674.665441622059,58.1660231660232,3954.84014277572,25.1714727339037,74.3046511916519,16.6770019364119,71.0856704711914,71.007,299.880936293436,87.9197798964632
SLV,2018,21.0853412269847,3.27,23.2,28.6138996138996,694.567755248769,57.707528957529,4046.16291720583,25.0755067570813,75.6336168879956,18.3715366715538,71.7577209472656,71.384,300.183735521236,88.6461069503319
SLV,2019,18.2675885826061,3.38,19.4,28.3967181467181,734.803208380046,57.707528957529,4143.11437097867,25.3481437171191,76.0420130991468,18.3447949008115,72.4148941040039,71.725,300.304922779923,89.3527800998874
SLV,2020,20.0287144500145,3.35,23.7,28.1795366795367,669.910725026867,57.707528957529,3808.53195436409,23.7247499015898,66.4595069497083,17.2116179042815,73.0570220947266,70.244,300.901206563707,89.9923610939187
SRB,2008,32.0171315291319,6.53,15.5,30.441344614681,2292.38992431852,41.2028355819803,5735.94772695749,27.5052601244094,75.7432462868839,25.9133962645148,58.8944613226962,73.8853658536585,84.0409558655385,90.7220873327348
SRB,2009,31.5150525046159,6.05,20.7,30.7306197118683,2073.56720979204,40.2241024468328,5578.0119741931,24.3265430810242,63.5017226157541,18.554576515854,59.1643483956067,73.9853658536585,83.7046306883147,91.0750720753655
SRB,2010,31.3045032362704,6.19,20.5,31.0198948090556,2145.49144722672,40.2652641207409,5690.70327182682,25.0306267248726,73.7088615865295,17.3241841893613,59.3505550689338,74.3365853658537,83.3688085982163,91.4295629669581
SRB,2011,33.95588567108,6.29,17.4,31.0348273496456,2241.32678165321,40.3407271895724,5737.00120175811,26.27931177307,75.7493613069523,18.149940401775,59.4349187787267,74.5365853658537,82.740898696547,91.7854914551611
SRB,2012,30.384649168974,5.69,19.5,31.0497598902355,2023.83135868927,39.5906700205808,5739.3075023532,26.5789003129754,82.0766814348254,18.8103783793047,59.3468437194824,74.8365853658537,82.3404642122113,92.145298947486
SRB,2013,28.4561350651549,5.66,20.0,31.0646924308255,2082.01493164812,39.9176766521839,5793.33614525565,27.8782873721815,84.3322563766638,17.1235575159888,59.6111068725586,75.1853658536585,81.9409215641436,92.5067790597268
SRB,2014,28.0367329195926,5.12,23.2,31.0796249714155,1861.59680519425,40.0914703864624,5716.54047153506,26.5460326998823,88.3815023270446,16.4778532272023,59.8779373168945,75.3365853658537,81.5434141321747,92.8689758961741
SRB,2015,27.8632692496949,5.59,21.2,31.0945575120055,2080.59060078258,39.8010519094443,5820.3215576888,26.6399519622231,93.5281477663237,18.5143098449514,60.1388092041016,75.2878048780488,81.1271781385776,93.2319494038819
SRB,2016,25.5339499000416,5.6,20.9,31.1019894809056,2165.83889288491,39.5152069517494,6024.95754653784,26.5319225334739,97.6906940431804,18.1669241245312,60.3853870034026,75.6878048780488,80.7034301394923,93.5956537011763
SRB,2017,26.2823086047504,5.61,20.0,31.1211982620627,2224.78515305498,39.0921564143609,6200.26118592152,26.6030717363846,102.740445166934,19.7183969139317,60.621208190918,75.5390243902439,80.275074319689,93.9598808103349
SRB,2018,27.1283419584164,5.28,21.0,31.1227989938258,2200.40410311437,39.6066773382118,6524.08029755191,25.809720124861,105.563713028559,22.4992604945944,60.8433609008789,75.890243902439,79.8376857992225,94.3248090621333
SRB,2019,22.6362588980641,5.03,21.4,31.1253144294535,2201.72012144367,39.5609421449806,6870.75810896296,25.5321158663518,107.577309546092,24.9266250234247,61.0492248535156,75.9365853658537,79.4104161902584,94.6906306889653
SRB,2020,22.5075355689004,5.25,26.0,32.3778094898323,2291.6081874127,41.4080152217862,6850.96742168834,24.2814549023693,100.324460810129,24.0974936172696,61.223201751709,74.4780487804878,82.0445475086217,95.0575271243011
SUR,2008,25.1445967600364,2.88,26.2,95.3728112953648,1176.34643873161,0.441100580838504,8129.11464659446,40.0701175500103,109.166838523407,44.3081047638688,66.5776961831642,68.873,3.34716216882178,92.6609808211452
SUR,2009,25.0104206234369,2.79,26.5,95.3472611049408,1163.89303819747,0.500910829087792,8276.69079768793,34.2921601804851,87.9206617785298,50.1880052641474,66.5058869102882,69.323,3.3865559396218,93.098083849425
SUR,2010,24.7300040259854,3.12,22.1,95.3217109145168,1351.36214118486,0.48782733728326,8603.90786745855,35.1705161344117,90.9613941465855,36.2044525973484,66.4338443691967,69.626,3.42614907791599,93.5361705637667
SUR,2011,23.1342333121969,3.7,21.2,95.2616639173682,1676.95221892351,0.498418735410739,9003.28597674886,35.1093274287296,,,66.3675227342307,69.82,3.46568614410245,93.9753934172561
SUR,2012,26.3564495295979,3.07,15.8,95.2016169202195,1411.63824385599,0.456053142900826,9140.92898611536,35.2622611658756,,,66.3132562693376,69.957,3.50533535450438,94.415755076208
SUR,2013,25.0473551418283,3.66,17.6,95.1415699230709,1713.83746780444,0.518355484827168,9303.46008775809,32.2536953065191,,,66.2683575134509,70.11,3.54512786029273,94.8572504353224
SUR,2014,25.5794924051723,3.85,12.8,95.0815229259223,1785.94876899071,0.549506655790339,9224.24378410547,30.2474846767665,,,66.2249266178037,70.33,3.58470853811854,95.3013933634171
SUR,2015,27.4211368815622,3.56,11.6,95.0214759287737,1577.31172890225,0.542030374759178,8813.61705392067,27.2599156580204,,,66.1828815074718,70.567,3.62367242275927,95.747692023521
SUR,2016,27.0335291242088,4.14,11.1,94.9507627706873,1728.65071732658,0.542030374759178,8293.31553031406,26.7553600175618,,,66.1426466980469,70.979,3.66186375836012,96.1954574091076
SUR,2017,26.7797937382992,3.85,15.5,94.9052820610811,1613.95464252908,0.523339672181275,8338.69235401862,38.273693894809,,,66.1046467051207,71.247,3.69897103321145,96.6441085330734
SUR,2018,29.6641934243254,3.5,18.3,94.8290239945632,1523.99899313139,0.523339672181275,8666.64870697797,36.7622415479102,,,66.0693060442846,71.468,3.73510639152873,97.0931070190456
SUR,2019,29.9904120028237,3.97,14.9,94.7527036257035,1730.83708121822,0.523339672181275,8677.30522021731,33.8807670142731,,,66.0370492311305,71.773,3.77407650640365,97.5417727368103
SUR,2020,27.3059698425997,4.65,14.6,94.6764455591856,1688.41378493841,0.498418735410739,7213.10766669943,36.5606718418582,,,66.00830078125,72.321,3.81487831013121,97.9896319071823
SVK,2008,22.1387064906928,5.45,7.6,39.8047817047817,3406.38372204535,40.2702702702703,14497.1114407172,32.9163890677556,162.464472991641,29.292929955951,54.895930446636,74.7048780487805,111.834365904366,97.9573332015085
SVK,2009,21.6659233760675,5.27,10.0,39.8473695154918,3107.87988439735,40.1330838012061,13680.7537106597,29.2871824292761,136.714352092364,21.4028753757641,54.7260356993483,74.909756097561,112.006778956124,98.2516516843309
SVK,2010,21.4676594892892,5.26,10.3,39.8808508868603,3441.25647593511,40.4379197770893,14596.1477776887,29.956654996582,155.108497681586,25.3783368279954,54.5650740704331,75.1121951219512,112.108876920838,98.6223366381553
SVK,2011,22.5558562408852,4.98,10.4,39.8993095990684,3339.0873887237,40.1285143902845,14950.8735178599,29.9295585244148,169.178076311066,26.5333923090075,54.4167387988534,75.9585365853659,112.260522375645,98.9975424818939
SVK,2012,20.342178101972,4.72,10.5,39.9152803194144,3220.5055262121,40.0806854100815,15159.6570420004,30.0711048440783,176.968958181431,21.474904237703,54.2764528316182,76.109756097561,112.451734320413,99.3758319231796
SVK,2013,19.5808878710842,4.78,10.7,39.9312510397604,3260.4443972295,39.3736483114291,15249.8824513785,27.9562731617683,180.903136491458,22.1131489252307,54.1384024098892,76.4121951219512,112.572637664282,99.5201711980616
SVK,2014,19.2661010504213,4.38,12.2,39.9538685524126,3013.30293850524,39.2970049916805,15647.6491763517,29.8948137660441,176.756316098132,22.7798159146212,54.0029125499893,76.8121951219512,112.700686356073,99.7867504210911
SVK,2015,19.1867476350431,4.28,13.4,39.9681793602596,3131.86282925931,39.2787321658833,16442.0760860018,29.9318952287768,179.42602289503,25.7777282551685,53.8700628001622,76.5634146341463,112.803148787488,99.7871905460043
SVK,2016,17.8788004543361,4.22,13.1,40.0035357737105,3159.56804668402,39.2262895174709,16740.7413996428,28.6704533371343,182.757379596201,24.5392697834922,53.7399327086517,77.1658536585366,112.953369384359,99.7875130290361
SVK,2017,18.1847497519631,4.33,12.4,40.05615640599,3316.8259702586,39.0806988352745,17195.2888721963,28.0768009837999,186.644687399549,23.5559590901028,53.6126018237016,77.1658536585366,113.128785357737,99.7877332249029
SVK,2018,18.678784905987,4.14,12.4,40.05615640599,3269.57251976129,39.2886855241265,17869.0149173679,28.5930165310765,188.732964699496,24.2014212638106,53.4881496935559,77.2658536585366,113.285586522463,99.7878360952322
SVK,2019,15.8371166474072,3.98,17.6,40.05615640599,3128.36337933814,39.2054908485857,18250.9802475637,29.1467840646082,183.722608631236,24.0619105210669,53.3666558664583,77.6658536585366,113.43899750416,99.7878205729011
SVK,2020,15.3916194257365,3.99,17.6,40.05615640599,3032.64269516845,39.1638935108153,17763.8563847352,28.5377275498817,167.534173320366,20.2268098788151,53.2481998906526,76.8658536585366,113.536335274542,99.7877016868458
SVN,2008,20.0510777467089,4.57,17.6,61.7585450357884,3952.12209658593,30.7035569983421,22175.2369557321,29.7553678451099,135.387093664802,33.1452787386717,50.3620036820409,78.7658536585366,100.332370372576,99.6493562868679
SVN,2009,19.2695114667176,4.43,19.6,61.829264660624,3514.07527225462,31.0297928104121,20307.6188322273,27.3824377206038,114.482301023638,23.7456185537015,50.2439782050416,78.9707317073171,101.245371243634,99.6443721478104
SVN,2010,18.9417578654309,4.49,20.1,61.8975290625527,3589.60869535534,30.9666339061461,20444.1201295876,26.3518668029855,128.606575425363,22.5601344858632,50.1194862794826,79.4219512195122,101.685826607499,99.6393880087529
SVN,2011,20.6973508722527,4.45,19.1,61.9080710811079,3580.6936485935,30.8056189814355,20535.4155754108,26.5487234278155,140.332355750319,21.8690049997807,49.9463818748723,79.9707317073171,101.898292465005,99.6344038696953
SVN,2012,18.3430191214734,4.38,20.2,61.9189206629703,3428.89786152681,30.36826717364,19894.8697964548,27.0724390429475,143.656448572975,18.8609355850954,49.7619476318359,80.1243902439024,102.114049151928,99.6294197306378
SVN,2013,18.16324478528,4.31,22.5,61.9463753723932,3334.75901290152,30.298411122145,19704.2186005128,27.136357331722,145.168789432403,19.7842267864778,50.0466580754027,80.3219512195122,102.281678252234,99.6244355915803
SVN,2014,17.79704248843,4.08,22.9,61.9563058589871,3236.59020668788,30.5283018867925,20228.7081986391,27.773620382746,146.471705096746,19.7452653119649,50.983470916748,81.0780487804878,102.382323733863,99.6194514525228
SVN,2015,17.7209260643327,3.94,21.4,61.9582377647374,3195.47512285174,30.6062772432556,20697.2748530619,27.6272123283146,147.218367714503,19.4686216573949,53.6612160294144,80.7756097560976,102.446109241111,99.6144673134653
SVN,2016,16.4517774590328,3.94,21.0,61.8592989772614,3296.73500361863,30.6563399860987,21309.7122138949,27.5997956172164,148.238448080388,18.8479088939625,53.647274017334,81.1756097560976,102.52417833383,99.6094831744078
SVN,2017,16.502696435309,3.86,19.7,61.7699782998396,3390.66281580197,30.5411136105194,22397.7634988337,28.0311742193249,158.70213584467,20.2503347880345,55.2451133728027,81.0292682926829,102.610871929328,99.6044990353502
SVN,2018,18.1801552844915,3.66,20.6,61.674380723466,3341.09971545865,30.3927216384259,23293.966665323,28.0718729650095,162.613493975851,21.5608446841882,55.1913430955675,81.3780487804878,102.992292564709,99.5995148962927
SVN,2019,13.9082165762349,3.48,20.9,61.5730716513379,3267.29671944784,30.4066268051886,23943.1800949889,28.5562740977565,160.044275685249,20.8345240702316,55.4523277282715,81.5292682926829,103.711934605987,99.5945307572352
SVN,2020,14.2911527506818,3.44,22.7,61.4722591923085,3068.8193959428,30.3177330605272,22811.8050540778,28.9448814140077,147.549008584942,20.1896719461532,55.384391784668,80.5317073170732,104.408881428657,99.5895466181777
TLS,2008,19.2839811875033,1.58,39.7,63.0733019502354,,22.649630127774,1042.86833768293,7.70251167026116,135.250768661926,31.3273900724289,28.8076745459306,62.858,69.4303295225286,59.6817264826487
TLS,2009,18.5228660242599,1.54,36.9,62.9791526563551,,22.7572293207801,1120.09693594876,10.0345846512573,157.686439820937,48.864062081455,29.4007657042596,63.265,71.2025554808339,61.438249315098
TLS,2010,17.660538991967,1.44,34.8,62.8850033624748,,22.7303295225286,1195.38066079604,9.13730561255393,134.400510427226,42.7178116804653,29.6398840020416,63.66,72.9441156691325,63.1966745548591
TLS,2011,16.2584979451999,1.38,32.8,62.7908540685945,,22.7706792199059,1237.48380284894,12.9857431156539,140.766344089557,70.3349362705814,29.633352306451,64.022,74.660860793544,64.9574170311788
TLS,2012,17.654383714214,1.49,25.6,62.6967047747142,,22.8043039677202,1269.41625561248,12.7911410611587,128.500488863095,60.0291209351753,29.6136082349605,64.384,76.3204438466712,66.7197738098251
TLS,2013,17.5005688240194,1.68,22.6,62.6025554808339,,22.8379287155346,1281.92864043187,20.1062137855102,79.634121567732,41.7887778225651,29.5836906253246,64.719,77.9216543375925,68.4836127023317
TLS,2014,16.8069047821014,1.91,18.1,62.5084061869536,,22.871553463349,1312.96494988639,16.979297360775,82.7357767711716,43.1474080051201,29.5463092024041,65.027,79.4823806321453,70.2490467993202
TLS,2015,15.7619976595415,1.81,18.0,62.4142568930733,,22.9051782111634,1319.59295003154,18.3707616020673,60.0769230184537,36.9492795233264,29.5043315008419,65.326,81.0444519166106,72.0159260209215
TLS,2016,16.2081039517126,2.02,12.7,62.320107599193,,22.9388029589778,1333.65856117568,19.2291160430386,60.3106239445445,39.8487595941984,29.4462907628171,65.61,82.6033624747814,73.7840931370356
TLS,2017,14.9818030205102,2.24,13.2,62.2461331540013,,22.9724277067922,1267.08661597675,15.7805274141176,58.6347534789983,35.6344545611536,29.3600996787092,65.898,84.1763954270343,75.5531586283782
TLS,2018,16.8164967206441,2.12,12.7,62.1318090114324,,23.0060524546066,1237.2006590123,16.4990210288231,64.8191803659945,35.9232510314811,29.248617510057,66.204,85.8075991930061,77.3234209050104
TLS,2019,17.627881197133,2.47,11.7,62.0376597175521,,22.9589778076664,1507.24743550088,30.4131457216274,70.6142431890513,26.7767827713997,29.1148755245217,66.496,87.4878950907868,79.094491992256
TLS,2020,17.4104661970888,2.58,11.4,61.9435104236718,,22.9589778076664,1947.83992943521,36.7520096715526,84.7503102509987,16.4657019820047,28.9619049897647,66.919,89.1763954270343,80.8664062920622
TTO,2008,22.2715882248224,19.75,0.5,45.469395711501,14167.2834575522,10.5263157894737,18285.2735441992,63.9782596789726,,23.0445264115121,54.6761864235364,71.117,255.085185185185,97.3103838303241
TTO,2009,22.5044980910521,20.83,0.5,45.3867446393762,14193.29907855,10.5263157894737,17461.9640940055,53.1358528774451,,31.4254022882359,54.3920297229449,71.404,255.381286549708,97.3107038668244
TTO,2010,22.6607381954116,21.42,0.4,45.3040935672515,15018.9097839263,10.5263157894737,17938.0949459463,53.8139564515672,,23.1421157657785,54.0899565963587,71.809,256.86432748538,97.4402693697619
TTO,2011,22.6890525618618,21.37,0.4,45.2214424951267,14838.9882923701,10.5263157894737,17746.509252615,57.0510122828478,,21.8928313859828,53.9253615474727,72.232,258.873099415205,97.5697030865947
TTO,2012,22.6499751351859,20.27,0.4,45.1387914230019,14480.1691062996,10.5263157894737,18835.6674122954,46.824089797969,,20.8107387973003,53.9254053431618,72.513,260.271734892788,97.6989849398985
TTO,2013,23.383945368371,19.46,0.4,45.0561403508772,14331.4985446827,10.5263157894737,19392.1974593783,44.9801407863582,,20.7680433910262,53.9255789963372,72.785,261.317153996101,97.828150538828
TTO,2014,24.08935817098,19.15,0.3,44.9734892787524,14611.6182206133,10.5263157894737,20032.5402001718,43.6313576106985,,19.6970291308161,53.9259699537793,72.898,262.250097465887,97.9572291808289
TTO,2015,26.2592962743436,18.29,0.4,44.8908382066277,14043.9759832685,10.5263157894737,19887.2327716498,35.9770489547931,,25.510909120035,53.926665238022,72.882,263.09298245614,98.0862562464858
TTO,2016,25.2326491282107,17.31,0.4,44.8089668615984,12250.992693627,10.5263157894737,18331.034459758,34.414585903593,,19.554532751341,53.9277523084951,72.935,263.917153996101,98.2152623526831
TTO,2017,25.3988915846271,18.34,0.4,44.7270955165692,12330.86332127,10.5263157894737,17402.6155328454,36.1358259277044,,20.9091101135151,53.9293186833833,72.984,264.450877192982,98.344276330186
TTO,2018,24.3138532652664,18.58,0.5,44.64522417154,12397.1007399961,10.5263157894737,17205.615135339,37.7745988816805,,22.9190828412,53.9314518934907,72.658,264.949902534113,98.4733339387866
TTO,2019,25.0102271567294,18.82,0.4,44.5633528265107,12540.3004394116,10.5263157894737,17225.361633712,35.1969693154596,,20.9735100285165,53.9342394732739,72.836,265.884015594542,98.6024616253734
TTO,2020,25.6022583642289,17.74,0.5,44.4814814814815,10738.1172587056,10.5263157894737,15679.9611486825,31.1526187371636,,20.515037518445,53.9377689584806,72.645,266.418128654971,98.7316957265811
URY,2008,10.4304960908687,3.02,44.1,9.4780025139984,1274.16949472415,83.8418466460976,13165.83628166,22.7673513144942,65.2080950071821,23.2080945884283,93.45975578621,76.275,18.8674265798194,98.0813881282661
URY,2009,10.1523439730869,2.86,44.6,9.68500742772255,1254.7362886566,84.6417552279739,13691.71420689,24.0794070442123,53.3944192683736,19.6247745177406,93.9337324320314,76.67,18.9126442692264,98.2501537538036
URY,2010,10.0305604083746,2.6,53.3,9.89201234144669,1226.9840852731,82.4648611587247,14722.3780081191,24.5288557176886,51.6990372012256,19.4076054759968,94.3333219475319,76.691,18.9611472974517,98.4126195447571
URY,2011,10.0509517421341,2.68,49.7,10.1076448405896,1327.77878788273,82.9962290023997,15443.9961926395,22.7051202439987,53.2470340109018,20.8823110125109,94.6036824756941,76.614,19.0082561992915,98.5688827788453
URY,2012,9.71687395840984,2.76,47.9,10.3232773397326,1407.51757319789,81.3449891440978,15949.3176985435,22.8622289256151,55.0611541633768,22.9153797295437,94.7606597546186,76.691,19.0572563135642,98.7111485515081
URY,2013,10.8314475554018,2.59,51.9,10.5389098388756,1378.79092656473,81.9717746543252,16639.4054750651,23.6692403427945,49.7178464746233,22.4844120119644,94.8844735142936,76.953,19.1140269683465,98.8475729341286
URY,2014,10.4423977068601,2.55,56.7,10.7545423380185,1397.55777562001,82.7054050965604,17122.0364563225,24.7006411459084,49.0876240632174,21.2028122395297,94.9897821210514,77.194,19.1768597874529,98.9811512329588
URY,2015,10.4692129562066,2.72,59.4,10.9701748371615,1491.04897158511,82.6625528511027,17125.9016800298,25.4417580545225,45.3282408087534,19.7053903958941,95.0800002298303,77.285,19.2436121586104,99.1119536315353
URY,2016,10.2628739093634,2.79,60.3,11.1244429208091,1550.98299580242,81.5066849502914,17357.2349992841,18.8673144534742,48.4705583785623,17.3891577314177,95.1585424955685,77.351,19.3079819449206,99.240133418196
URY,2017,10.0613622046924,2.68,60.8,11.2444292080905,1512.8381875657,81.2644269226374,17611.6036701032,18.0319037217202,46.3780042035515,15.9240356668873,95.2288235732042,77.618,19.3602902525426,99.3656002482881
URY,2018,10.1340724978496,2.77,60.8,11.364415495372,1560.97897875852,81.0810193120786,17608.9441195037,18.3333886744675,47.7913104806475,14.8534986544499,95.2942581176758,77.527,19.3951205576506,99.4885272637331
URY,2019,10.298591147894,2.71,59.3,11.4844017826534,1540.78251179675,80.7182036338704,17758.4384372986,17.5601694192064,49.7448341159636,14.1208503918774,95.3479309082031,77.503,19.4103873842989,99.5545465859782
URY,2020,10.5717923259135,2.88,61.2,11.6043880699349,1531.60055590501,80.3531025025711,16443.3635000843,16.9555909661564,47.7318733182088,16.2336764872534,95.3997650146484,78.381,19.4204548051651,99.5703038278437
VEN,2008,20.5138774533666,4.93,16.4,54.2307125446403,2346.77022538359,24.4884076866391,4665.9531880382,50.6124593374834,51.8290123789932,26.8261258775663,88.7615723567652,72.578,31.8051085539369,95.8109390288342
VEN,2009,20.2590189230141,4.91,16.2,54.0441018082875,2234.25825126867,24.3750354288306,4455.4532320933,40.8120935299234,38.5209296583297,25.7969460220917,88.7865574027187,72.785,32.2411405249136,95.6338441688768
VEN,2010,20.159103445557,5.93,13.8,53.8574910719347,2621.33385247062,24.3750354288306,4332.02681796507,48.4086022795909,46.1368935240203,21.9716579748512,88.8026372923982,73.092,32.6660631483476,95.4567493089194
VEN,2011,21.6871225595847,5.08,14.8,53.6711070800975,2309.22244633281,24.3750354288306,4455.41063337951,48.6321324133785,49.6381215967995,23.0723970782658,88.8079278904659,73.09,33.0879337906014,95.279654448962
VEN,2012,19.3045309881121,4.87,13.8,53.4847230882603,2309.91542806381,24.3750354288306,4647.37303726595,,50.6485838828706,23.8030669286226,88.8401868543141,73.086,33.5058398049997,95.1025595890046
VEN,2013,19.9572583150196,5.33,15.4,53.2983390964231,2529.69123843792,24.3750354288306,4653.3645655649,,62.4795214214587,31.6959701007059,88.8786817039721,73.076,33.9121342327532,94.9254647290471
VEN,2014,19.2869938244399,4.82,12.1,53.1119551045859,2174.61144769649,24.3750354288306,4421.60786723331,,64.2074401112959,19.7353965921039,88.9163913525251,72.837,34.2997324414716,94.7483698690897
VEN,2015,19.2951554205004,4.99,15.4,52.9255711127487,2090.86986204943,24.3750354288306,4103.1384987005,,60.288846101805,19.4300976741623,88.9539804079292,73.004,34.662402358143,94.5712750091323
VEN,2016,18.8450274280702,5.51,14.6,52.7671447196871,1901.6695815311,24.3750354288306,3382.73477932247,,41.307217198655,10.2452932078279,88.9914428378712,72.002,34.8797913950456,94.3941801491749
VEN,2017,19.0801947101269,6.14,14.3,52.6366759254011,1798.71760054216,24.3750354288306,2871.31531165261,,42.5829358408751,5.11119937447288,89.0287726100378,71.903,34.6525967915651,94.2170852892175
VEN,2018,16.3445343718253,6.08,14.6,52.5341647298906,1384.67691686277,24.3750354288306,2365.59281270712,,54.6450667905599,4.27874773027808,89.0659636921159,72.641,33.7935400487501,94.0399904292601
VEN,2019,14.8507131552081,7.48,15.8,52.4596111331557,1396.90783852331,24.3750354288306,1762.73734800083,,58.1292903256504,6.8009453414021,89.1030100517924,72.766,32.8077750694405,93.8628955693026
VEN,2020,15.2565796212874,8.48,31.2,52.4130151351964,1104.64248743922,24.3750354288306,1255.37263090506,,26.0912344958707,9.20648260090937,89.1399056567545,72.369,32.2476923076923,93.6858007093452
YEM,2008,38.7269770433258,3.25,0.7,1.03983180862549,289.811528650795,44.5423035399739,2244.04491655237,52.5715277111729,81.244718850294,,29.9646637170333,66.609,47.5631967725439,48.6422261965066
YEM,2009,38.9080521595302,3.47,0.7,1.03983180862549,311.080562559356,44.4191904843078,2257.46902086832,52.7856660563457,68.0713910145084,,30.3031502248211,66.905,49.1083281247041,50.2076979867372
YEM,2010,39.1673543166565,3.12,0.8,1.03983180862549,291.861999994351,44.6597344546092,2356.19960422096,52.9607477523107,64.3856367797178,11.66108310249,30.6232848305331,67.223,50.6740667083357,51.787883376695
YEM,2011,43.2315095806882,3.03,0.9,1.03983180862549,240.192428627502,44.4191904843078,1994.83663337222,53.1065650909838,63.0594579549043,5.5005264777992,30.9237389467026,67.412,52.2433035967953,53.3817845403545
YEM,2012,53.6338333840879,2.68,1.1,1.03983180862549,210.827759194461,44.5119987878099,1981.45800046603,39.7484554361741,61.3616371825683,8.70430583413214,31.2031839858628,67.569,53.8546640907627,54.9887784253918
YEM,2013,48.4247878548182,3.52,0.8,1.03983180862549,281.953182312038,44.5082106937894,2014.7289059487,38.9944141504647,52.5118781367089,8.1057860253692,31.4427187944215,67.961,55.5201090971078,56.6085662979194
YEM,2014,38.0825068778276,3.35,0.8,1.03983180862549,259.815942651214,44.4184328655037,1950.1625450589,39.8882580148089,48.2430405122774,6.69826178718153,31.8626162180918,68.003,57.2500501922458,58.2398155721422
YEM,2015,44.0661314855842,2.22,2.0,1.03983180862549,119.994093431265,44.382445972309,1362.1738120601,33.866159352981,30.3676590844637,1.65634244893033,32.3883178702702,66.761,59.0173286360967,59.8822273662307
YEM,2016,40.7241168220245,1.75,2.6,1.03983180862549,83.3695325901369,44.2938045722295,1197.95865971172,25.9022680665842,31.0815442908559,1.42925784388708,32.9512008005236,67.105,60.8159743924844,61.5348134587161
YEM,2017,42.1204805186376,1.81,3.0,1.03983180862549,71.9650301584181,44.4191904843078,1103.45634849842,25.9240409654207,42.9699046721967,2.07229521886868,33.5586912522175,67.12,62.6757599863629,63.1969435270972
YEM,2018,43.9103483345439,2.24,2.9,1.03983180862549,93.9408794935562,44.4191904843078,1079.32938366255,25.4429978433173,56.0778227215077,6.17671942043548,34.2106045810864,65.915,64.5589370608179,64.8676643206495
YEM,2019,41.6407934340959,2.22,3.0,1.03983180862549,92.6774709704908,44.4191904843078,,,,,34.9067561732024,66.567,66.5026573479554,66.54663625928
YEM,2020,34.8323598356099,2.12,3.5,1.03983180862549,77.587699828637,44.4191904843078,,,,,35.7025604580302,66.435,68.4411292308275,68.2329200343338
