country,year,pm25,primary_energy_per_capita,renewable_energy_pct,forest_area_pct,energy_use_per_capita,agricultural_land_pct,gdp_per_capita,industry_pct_gdp,trade_pct_gdp,gross_capital_formation_pct,urban_population_pct,life_expectancy,population_density,basic_drinking_water_pct
AGO,2008,24.1723114771848,2.51,55.4,58.769649474613,472.064397001416,35.4495869094409,3559.19522512236,56.2078263483829,108.680408741993,31.0476642804707,58.5851745819614,55.281,17.3086187535093,47.9390179800655
AGO,2009,24.1720241654505,2.77,53.0,58.3244252827465,504.92416679274,35.7985080612818,3494.80724466172,40.9723218323879,102.263183257986,42.1126629946906,59.3775316348744,56.225,17.9792837089917,49.4231763682417
AGO,2010,24.17805671622,2.65,53.1,57.8792010908799,487.281074343005,35.9749739311783,3540.79159568381,48.5501387093455,90.9940631355109,29.7638327935383,60.1310289535053,57.242,18.6851888986925,50.922281472487
AGO,2011,24.337940171596,2.65,51.7,57.4339760968958,486.235365702241,36.3487607283228,3528.16824373399,52.1706630052286,89.0369443425845,27.3662454536118,60.8431610396073,58.093,19.4259661506377,52.4357414255652
AGO,2012,24.4804929012722,2.78,49.0,56.9887511029117,531.24332255994,36.3383331996471,3682.35229322763,53.3611036467722,81.9394785486361,27.9685614009235,61.5114223949332,58.916,20.1952306088073,53.962934811933
AGO,2013,24.5386584342125,2.65,46.8,56.5435261089276,512.021802587495,36.4867249538782,3716.29718727282,50.3750405397121,77.3498013716078,26.9937630528609,62.1333075212361,59.705,20.9879040667362,55.5032279600653
AGO,2014,23.9455836380328,2.29,47.5,56.0983011149435,447.160325436651,36.6359188256998,3746.81619978613,43.9966362099567,69.5801424481147,28.8734781928265,62.723115793241,60.396,21.7861305847437,57.0569115656449
AGO,2015,25.0021502571501,2.72,47.1,55.6530761209593,517.525209417242,36.7281623486003,3641.72893919944,36.7338841349078,54.9793808779835,29.1086095935763,63.51567832685,61.042,22.5858650838213,58.6196312007677
AGO,2016,25.1807008149163,2.59,48.1,55.2078447100345,462.934994006148,36.7562364642657,3454.03317187119,37.3943513261608,47.0155661405313,30.134293482854,64.2992302517989,61.619,23.4082537900056,60.1920620185519
AGO,2017,23.9591508117097,2.65,52.5,54.7626293414615,456.692217487614,36.7089115264298,3328.8982124109,37.0989345106935,45.6643423539921,29.1829432051553,65.0850525086068,62.122,24.2518962059838,61.7735122104541
AGO,2018,24.2650153621146,2.47,52.5,54.3174059517125,405.179753107747,36.7193390551055,3196.79006983557,41.1891594014386,58.916480075976,24.2002490160737,65.8732136723372,62.622,25.1039985561883,63.3627907388021
AGO,2019,24.5988113283925,2.66,51.0,53.8721745407877,416.996507156148,36.7819042271597,3083.97534427357,42.2251045134162,60.7148243336685,24.6757736004733,66.6637823180533,63.051,25.969063928772,64.1599110373067
AGO,2020,25.1452381976267,2.8,60.1,53.4269511510388,397.633186643914,36.7883211678832,2864.16146036893,36.7098511285088,54.3442286847189,19.6439562319095,67.4568270208187,63.116,26.8317413972888,64.9440305436538
ALB,2008,21.4806685713767,2.94,35.8,28.4494890510949,712.287869024953,43.1021897810219,3345.98161761476,28.5616497223775,75.2485472798728,33.3056707670518,49.3850699230207,78.248,107.566204379562,90.4761525015769
ALB,2009,21.0110429073679,2.91,37.1,28.4960948905109,734.057809949862,43.8430656934307,3459.24695646692,27.5678722962167,73.3213575646169,32.4404588015772,50.6132439427449,78.509,106.843759124088,90.9344131913267
ALB,2010,20.8141104654758,2.78,37.0,28.542700729927,731.053397459356,43.8430656934307,3579.82413181046,27.4749142839601,75.5325329687378,32.4926226328977,51.8815774292716,78.414,106.314635036496,91.3794795002437
ALB,2011,22.7999042481871,2.83,35.8,28.5946532846715,766.894617514824,43.8321167883212,3677.89457937717,26.9409865024688,80.6989985298954,33.8376091539876,53.2917382892465,78.303,106.02901459854,91.8108839327421
ALB,2012,20.9627204112539,2.51,39.9,28.6466058394161,699.444897699178,43.8430656934307,3771.84781862015,25.4077242038709,76.9683583166821,29.7150278852687,53.8637553661449,78.084,104.405401459854,92.2287796980299
ALB,2013,19.4075322522058,2.89,41.1,28.6985583941606,826.01838486232,43.3321167883212,3895.89975621942,25.506803612245,75.7506185619748,29.0566378899977,54.2979678058548,77.995,102.806642335766,92.6315947140716
ALB,2014,19.3679442180935,2.86,38.6,28.7505109489051,844.590080017958,42.857299270073,4045.11934884933,23.8286690584956,75.0212023084129,28.3047822758213,54.7325813178673,78.029,101.232372262774,93.0200532320908
ALB,2015,19.121557306579,2.62,38.5,28.8024635036496,803.987448070775,42.8576642335766,4199.53912925398,24.4814091473313,71.2794476606014,27.8134648405134,55.1579291374894,78.358,99.6822262773723,93.3943279564504
ALB,2016,17.602163992984,2.61,39.4,28.8021897810219,840.619363568519,43.1277372262774,4431.55635814168,23.8670178864359,74.0144504546815,26.814346013014,55.5738734464276,78.643,98.155802919708,93.7548764271568
ALB,2017,18.5552438171978,2.64,36.9,28.7920620437956,894.466399568989,42.8569708029197,4648.23078660658,22.9533327106507,76.7873817898989,27.657593194662,55.980276426546,78.9,96.6527372262774,94.1020950646956
ALB,2018,19.0461862321065,2.53,37.8,28.7919708029197,904.739774695665,42.8496715328467,4893.82375538717,23.7535886253159,75.6940783717425,27.1252994132038,56.377000259892,79.238,95.1727372262774,94.4363940024548
ALB,2019,15.70470712234,2.45,40.1,28.7919708029197,908.317252679183,42.8467153284672,5072.43648354739,22.9655210859374,75.382128932689,25.2875256073276,56.7639071287255,79.467,93.7153649635036,94.758223221518
ALB,2020,15.7070036417042,2.34,44.4,28.7919708029197,855.185594249541,42.538503649635,4980.61699524696,23.4687164183412,59.5206994391875,26.2183472454095,57.1408592155544,77.824,92.2802919708029,95.0680381522002
ARE,2008,42.9575623148493,5.17,0.1,4.44559279076317,9426.22252523971,7.5978597578147,47922.6988207823,58.0179784435584,148.513544025723,25.0980915438506,82.9658963549658,81.591,88.7449169248099,99.7654123439436
ARE,2009,42.5794070758541,5.84,0.1,4.45667417628837,9485.64696621464,5.46184173472261,42672.1987890808,52.044956000368,153.461944358373,31.6335487625593,83.1701992996163,81.679,94.439003097719,99.7879969026798
ARE,2010,42.4230172315555,5.36,0.1,4.46775556181357,8944.43348137498,5.52379611377077,42328.8508165469,50.2592548678862,135.485709128426,28.9193053739198,83.3714299144178,81.886,96.7310335116868,99.8107941876286
ARE,2011,46.4897172925459,4.99,0.1,4.46775556181357,8558.24529408267,5.47029005913827,43687.7782783233,55.7510208781767,144.176786868982,24.7738271342481,83.5695007795347,81.898,100.035736412278,99.8338027658417
ARE,2012,49.8585704896572,5.13,0.1,4.46775556181357,8614.16881429917,5.30413967896367,43958.5681120856,55.356407543947,156.637694501481,23.421423689147,83.7643244751488,81.913,104.075584342439,99.857009861268
ARE,2013,43.6717315179427,5.17,0.1,4.46775556181357,8858.22242582428,5.34215713883413,44312.6337162614,52.9894122214127,157.398083989641,21.1407254569336,83.9558135814626,81.95,108.322036046184,99.8804113765895
ARE,2014,38.4444708976302,5.64,0.1,4.46775556181357,9633.42212114175,5.3858068149817,44257.6514761082,50.7402069875437,159.515615057764,22.1222022367368,84.1438806787019,81.99,113.481272880879,99.903989878004
ARE,2015,48.347575903809,5.82,0.1,4.46775556181357,10146.376786057,5.39003097718952,44910.334995523,42.1588028480264,164.286182737903,21.643204001152,84.3284383471193,82.076,119.75833568009,99.927750524332
ARE,2016,43.0819708202795,5.87,0.1,4.46775556181357,10355.5476088804,5.40411151788229,45168.4982473243,39.8749229592768,165.39501917458,20.9292537892622,84.5093991669984,82.195,125.8109687412,99.9516742010968
ARE,2017,44.2485056396036,4.87,0.2,4.46775556181357,8521.13677246594,5.40411151788229,43293.0203824801,41.4122717128473,165.476542469815,20.6035948096274,84.686675718659,82.388,129.867994931005,99.9757617709263
ARE,2018,45.9879061419392,4.94,0.3,4.46775556181357,8482.30317231137,5.37524640946212,43377.7858697225,45.7439845434706,154.747005019293,21.1611309818493,84.8601805824625,82.449,131.606603773585,100.0
ARE,2019,41.955626323257,5.24,0.7,4.46775556181357,8816.50943614681,5.49704308645452,43468.4586811918,43.4669683746299,163.822152944853,23.185328258013,85.0298263388195,82.596,133.001760067587,99.9999978860586
ARE,2020,36.3055030826594,5.29,0.9,4.46775556181357,8154.35294132635,5.48859476203886,39878.474427695,40.3215883178557,181.29188817064,22.8266562576,85.1955255681984,81.936,132.371698113208,99.9999979225426
ARG,2008,14.5043652786628,3.42,7.7,11.2715725931691,1889.40923801554,46.4235627710848,13197.3570267029,26.2724599395946,40.4026733790382,19.5727758777106,90.6521912139817,75.428,14.7711827061158,98.0428748675662
ARG,2009,14.0927563474575,3.35,8.6,11.1559584753845,1722.74402909882,45.4302094866426,12285.3784651865,25.2842047993735,34.0571269054879,16.0531123592112,90.8209023233265,75.577,14.9285563947689,98.2407366706243
ARG,2010,13.9279831494715,3.26,8.8,11.0403443575999,1826.05112368849,46.1389123357048,13387.1553748458,25.2587762576722,34.9710132635696,17.7055338062046,90.9930051940977,75.68,15.0870920710786,98.434051534291
ARG,2011,14.2389306717038,3.18,8.8,10.9587128976976,1865.25736115683,45.7919603608739,14040.6189124444,25.2126976058843,35.2061549999644,18.39845891735,91.1072286738406,76.1,15.2485886234831,98.6218573444855
ARG,2012,13.3571618542264,3.3,8.6,10.8770814377953,1897.60983922809,45.5813044224958,13754.4254235596,24.4290570649122,30.5265423717108,16.5019865298875,91.2041217246797,75.802,15.4061004351973,98.8052992922814
ARG,2013,14.7643699932772,3.31,8.9,10.795449977893,1928.54922885127,44.9219312381015,13946.0950832252,24.0058814423072,29.3339290021037,17.3057789012596,91.3014507719473,75.829,15.5598387102668,98.8642047608292
ARG,2014,13.9500593062949,3.4,9.8,10.7138185179907,1911.61727736839,44.1959177327355,13456.1319159151,24.2773944936602,28.4067936452275,17.2628810064651,91.3975345472954,76.268,15.7212073709481,98.9232481866542
ARG,2015,14.6245514656634,3.36,9.4,10.6321870580884,1919.75859208058,44.1239360687546,13679.6264980954,23.153056135905,22.4862260889792,17.0707048841583,91.4923019108628,76.6,15.8867142423877,98.9823076742804
ARG,2016,14.2700594540808,3.41,9.4,10.6003968297469,1889.87018853289,43.4324236577764,13265.8860639123,22.0541072112108,26.0938878488799,17.6632278606203,91.5856817228217,76.105,16.0413905118958,99.0413738458383
ARM,2012,43.2896148307344,4.16,6.6,11.5962065331928,982.442415313472,59.1148577449947,3159.75860786889,27.8270946139077,75.9616759606704,24.6809527475996,64.3268379506998,74.119512195122,106.220583069898,98.5203266865955
ARM,2013,41.050500477264,3.92,6.8,11.5889005971198,959.801682347684,59.1148577449947,3266.29882999873,26.7090481417071,77.5550481598824,22.1524900726313,64.3584061131466,74.6219512195122,106.146821215314,98.7705613555546
ARM,2014,38.639237611456,4.12,7.1,11.5815946610467,1045.97511363021,59.0340709518792,3393.09252326884,25.2705329463993,75.778866962639,21.2830406859193,64.4142934233291,74.8731707317073,105.858798735511,99.0173502975581
ARM,2015,38.1148586893988,4.12,10.7,11.5742887249737,1084.52062940136,58.8935721812434,3512.39350276709,25.7086994351611,71.6820743427575,20.7305301265762,64.4929623431549,74.8707317073171,105.535651563049,99.2198934316356
ARM,2016,35.8609078798257,3.93,13.2,11.5669125395153,1043.09797203416,58.8970846505093,3533.88503607007,25.5771330395605,76.0779674593548,18.0155086734171,64.5928753345316,74.8682926829268,105.103617843344,99.3200449240504
ARM,2017,34.0153569947094,3.86,12.6,11.5595363540569,1105.96696981707,58.872497365648,3815.3747426037,25.8095323791656,87.202376539837,18.4217402148728,64.7124948593667,75.2170731707317,104.650509308044,99.420451960465
ARM,2018,34.201366074335,3.51,11.1,11.5521601685985,1072.33682481147,58.9146469968388,4027.83393010979,24.7565578476257,92.473107021212,22.3997393267701,64.8502833795679,75.619512195122,104.285212504391,99.462639280417
ARM,2019,32.6618235324139,3.52,10.3,11.5447839831401,1163.09284675689,58.9041095890411,4343.45839583019,24.9716084573435,97.847004865327,17.4085294108567,65.0047033570428,76.2219512195122,104.056902002107,99.4591789118501
ARM,2020,30.5796334750125,4.01,8.4,11.6489422255448,1233.30455891532,59.4380831430972,4032.09043454955,26.8172956979296,70.1213571368789,19.663832943599,65.174217253699,73.3756097560976,105.027376627853,99.4561137881716
AUS,2008,7.30082270505242,5.38,6.8,16.9219764914153,5951.19291532561,50.6733660492301,53497.275355342,25.5090768525458,42.7522207880308,28.5401924147253,86.0253816967666,81.3951219512195,2.76599442875181,99.8425531204552
AUS,2009,7.40826124625286,5.28,7.1,16.8924540827617,5843.93312947132,50.0184840477461,53430.5274781651,26.9775545923991,45.5936120867789,27.2762472195114,86.1278139101818,81.5439024390244,2.8235883784804,99.8636787110095
AUS,2010,7.44515168368333,5.17,8.2,16.862931674108,5762.9435664152,48.9920987204353,53768.349733441,25.108230070574,40.3905070860606,26.697693257066,86.2198600512143,81.6951219512195,2.86785858401781,99.8831426844635
AUS,2011,7.32070663499973,5.06,8.3,16.9553102586465,5698.65597309349,51.5628132199992,54296.2321324814,26.461435749675,41.7219860149689,26.3824449207632,86.3268946146423,81.8951219512195,2.90798641031983,99.8919671201613
AUS,2012,7.53280029437137,4.82,8.3,17.047688843185,5533.72233837943,50.3854314463116,55465.4462872577,26.3333149596521,43.0198495527558,27.6233466177263,86.4451259136625,82.0463414634146,2.95920036968095,99.9007717329478
AUS,2013,7.4331406197536,4.79,9.2,17.1400674277235,5533.38146350965,48.3937102169923,55966.1509270561,25.1836151421438,41.100511881056,27.7570773936691,86.5740515760243,82.1487804878049,3.01057352615753,99.9095874586183
AUS,2014,7.38760302103561,4.64,9.3,17.232446012262,5407.4382264583,48.7383986566523,56571.8062524437,25.5698594984676,42.2993095385282,26.6111234581966,86.7221289343356,82.3,3.05581479504836,99.9614825180861
AUS,2015,7.18466162026884,4.53,9.4,17.3248245968004,5318.66679266228,45.3144240657095,56970.3613028094,23.6861098353126,41.4947506939901,26.1669365772477,86.8778642539361,82.4,3.10011259648803,99.9700064923964
AUS,2016,7.20069562395068,4.4,9.6,17.4254877132405,5216.98867184459,44.5399257932247,57632.9995925594,22.3130168026382,40.813402217321,25.3483902403269,87.0166295249235,82.4487804878049,3.14493553058884,99.9699685481919
AUS,2017,7.4285359593217,4.46,9.9,17.4229136169693,5162.45894302308,48.3406179391109,57991.771347333,23.4479311698975,42.0354135251854,24.0798824498086,87.12809266445,82.5,3.19715601363491,99.9699329598972
AUS,2018,7.74121920379958,4.37,9.8,17.4213145571644,5086.37378454852,46.6580950127535,58772.7063152213,24.1083351497002,43.5732253645218,24.5546475824653,87.2267680845925,82.7487804878049,3.24534491589985,99.9698940747082
AUS,2019,9.33099031566264,4.36,10.3,17.4213145571644,5231.57466031316,47.1237724290889,59181.2997904131,25.2555129054284,46.0016827052171,23.2971815966264,87.3019647888406,82.9,3.29365056253104,99.9698532048744
AUS,2020,8.25171746070811,4.44,11.2,17.4213145571644,5159.03638381788,46.2524798427461,58377.7670517802,25.402839408227,44.499564103879,22.3449300806534,87.2713470458985,83.2,3.33452695130798,99.9698157102474
AUT,2008,16.6393158749523,3.15,29.7,46.7545807077072,4027.90556617748,34.0450799806108,44063.8642019916,27.4122024469169,102.7437043613,24.7047623915806,67.0435560819078,80.4317073170732,100.842171594765,99.9999991552281
AUT,2009,16.1746160256084,3.12,31.3,46.7849491032477,3819.49986886808,33.8705768298594,42372.4758254763,26.2777017438174,87.6004931021953,23.0148012049122,67.0705895694924,80.3317073170732,101.106677169171,99.999999017009
AUT,2010,15.9865901400578,3.26,31.1,46.8153174987882,4065.04189639106,33.6791080950073,43035.4073531933,26.0396419655738,99.6448825546716,22.8592812354211,67.1047429254747,80.5804878048781,101.350024236549,100.0
AUT,2011,16.3676317593698,3.07,31.6,46.8589190499273,3927.58256477323,33.413717886573,44146.1956805294,25.8570853999006,105.775098372378,24.3521600435893,67.1484255415056,80.9829268292683,101.692232186137,100.0
AUT,2012,14.7199011900978,3.04,34.4,46.9025206010664,3899.1648418957,33.1459040232671,44221.4599530893,26.009804939464,105.840791389706,24.2558827220405,67.2085909812279,80.9365853658537,102.156943771207,100.0
AUT,2013,14.6599487004805,3.08,34.6,46.9461221522055,3924.82135403554,32.9180804653417,43851.3675497404,25.9697730865151,104.985374015367,23.9413047862951,67.2981308784247,81.1365853658537,102.760821619001,99.9999971905454
AUT,2014,12.9541454673827,2.95,35.7,46.9897237033446,3750.34480080041,32.8914202617547,43838.8345892137,25.7857017006482,104.49673998926,23.848669034824,67.4154327591781,81.490243902439,103.567086766844,100.0
AUT,2015,13.5999635409,2.99,34.8,47.0333252544838,3795.51037374619,32.9429229277751,43915.228020857,25.5152402246539,103.11758174626,24.012126686949,67.5576175537383,81.190243902439,104.734597673291,100.0
AUT,2016,12.5143795701306,2.96,34.6,47.0769510421716,3797.16802222945,32.3578526417838,44362.6702805116,25.9124691845374,101.573494597172,24.4571707244108,67.7218061923556,81.6414634146342,105.873339796413,100.0
AUT,2017,12.1557592255042,2.95,34.0,47.1204556471159,3839.94805232106,32.1694134755211,45056.6385912412,25.8023213025638,105.556066755438,24.9780618382281,67.9051196052802,81.6439024390244,106.61131846825,99.9999980909991
AUT,2018,12.5861934480679,2.8,34.1,47.1639602520601,3717.62532112148,32.1477217644207,45951.5819164034,25.7190926354333,108.377969971828,25.8982762235252,68.1046787227623,81.6926829268293,107.131858943286,100.0
AUT,2019,11.4645937760057,2.81,34.0,47.1037324285022,3765.98011899602,32.1280901599612,46550.5622459492,25.5363771006496,108.207284904426,25.5090080970816,68.3176044750522,81.8951219512195,107.609306834707,99.9999997360902
AUT,2020,10.9335136815146,2.84,35.8,47.137905962191,3546.50449865153,31.5398121667475,43428.6983137234,25.6544867826211,99.9482141095975,25.6530737541266,68.5410177924001,81.1926829268293,108.057004362579,99.9999975918171
BEL,2008,17.2072058698858,4.67,4.0,22.5944021362872,5425.00683224834,45.0103847295025,40380.9075004042,21.59544849636,161.088447790447,25.9367703303917,84.427037120012,79.6804878048781,353.079912966077,99.9999989331379
BEL,2009,17.1233922372982,4.58,4.9,22.6688095473577,5161.34227289199,44.9543401575841,39293.637546825,20.4890564622648,135.13840572229,22.0264057475968,84.7025801085014,80.0341463414634,355.932252002769,100.0
BEL,2010,16.9737148284819,4.79,6.2,22.7432169584281,5510.36842215322,44.6938977351399,39991.5646206286,20.6595926026257,150.162563621427,22.3942744569467,84.9719309583717,80.1829268292683,359.199090099891,100.0
BEL,2011,16.3662739599691,4.39,6.7,22.7394586753701,5063.16739563614,44.0345498302179,40236.9596308558,20.7514599517248,160.765516888126,24.4795580355563,85.2349607044689,80.5853658536585,363.902812118814,100.0
BEL,2012,15.2150084633195,4.17,7.7,22.735700392312,4822.68880223172,43.9125704678073,40074.492800399,19.9956487544689,160.383301425059,23.5882360674433,85.4915403816388,80.3853658536585,366.166617215574,100.0
BEL,2013,14.3697873081768,4.33,8.3,22.7319421092539,5000.34617077523,44.0609237464148,40007.8997891411,19.9151935690442,157.573622782434,22.7089453730117,85.7415410247275,80.5878048780488,367.896581281113,100.0
BEL,2014,12.9003587052878,4.02,9.1,22.7281838261959,4701.25771608477,43.8894932911351,40533.9135027898,19.6190570732838,158.571610953523,23.2582959776352,85.9848336685807,81.2878048780488,369.533412455082,100.0
BEL,2015,13.3390429399775,3.93,9.4,22.7244255431378,4661.66376202285,43.7807008868229,40893.804537772,19.4767746872729,155.068682045926,23.3223676294346,86.2212893480444,80.9926829268293,371.680875614018,99.9999977589531
BEL,2016,12.3939007132505,4.11,9.2,22.7244255431378,4904.15770755315,44.5323574984341,41172.8862831209,19.0981057822176,159.057696611945,24.1815766017974,86.4507790979645,81.4390243902439,373.567467774371,99.9999981505316
BEL,2017,12.7691577876359,4.02,9.7,22.7244255431378,4863.63280171736,43.7477334915768,41619.328629169,19.1545604130921,166.904078237791,24.3318331321638,86.6731739531869,81.4926829268293,375.009329772855,100.0
BEL,2018,12.4925874999047,3.8,10.7,22.6051880759519,4660.20692893781,44.403633620831,42208.3625650272,18.9641251486969,168.277692877218,25.5515767637203,86.8883449485575,81.5951219512195,374.74351490506,99.9999964912518
BEL,2019,11.2143791835506,3.83,10.2,22.604446776415,4775.95747475268,44.4677641503247,43006.4042308863,19.2417105698694,165.46547893199,24.6756822316808,87.0961631189222,81.9951219512195,376.761985964452,100.0
BEL,2020,11.2160664677018,3.71,12.3,22.604446776415,4386.43050829817,44.7500918213419,40769.0218072962,19.0811705163268,156.950121282783,24.068567845367,87.2964994991269,80.6951219512195,378.38932248967,100.0
BEN,2008,44.6992177546544,5.76,54.8,33.1247782901738,355.191568797727,31.7833628946435,943.203380303862,17.6606220766815,47.7753592695169,13.7404206600646,41.8029662723105,58.099,81.8416637105357,64.0987736405784
BEN,2009,44.7544581747048,5.91,52.8,32.6813586378148,361.653717680842,33.170672224193,936.565651071554,17.9195079292369,44.7026290629806,14.8657187295579,42.338538285999,58.258,84.3333008158922,64.471280030876
BEN,2010,44.8496835809048,6.0,47.2,32.2379389854558,363.74357481978,30.9253636041149,928.246655329144,18.0090531395068,51.4308599492924,15.608089212583,42.8916891239353,58.387,86.8879389854558,64.8398943690565
BEN,2011,47.392759069621,5.82,48.7,31.7945193330968,352.901249030589,32.0979514012061,927.716412836707,18.1374491115974,47.2170288118403,16.4625572802737,43.4616136137276,58.462,89.5142160340546,65.2045676976255
BEN,2012,51.5628188212507,5.61,50.3,31.3510996807378,346.220822053438,33.3912380276694,943.918771531001,16.9566846878966,50.7367367791134,15.276312739626,44.0475065829838,58.559,92.2105090457609,65.5652472683148
BEN,2013,42.0881252510416,5.71,52.0,30.9076800283789,366.743087755895,35.3010287335935,982.399206290516,17.2437092893088,59.2001918331875,18.86187234768,44.6502883669319,58.863,94.9701489890032,65.9215151449037
BEN,2014,42.0112596872744,5.54,51.0,30.4642603760199,367.294184971858,35.4549663001064,1014.4330062135,16.4115774866134,65.2682749404551,19.2575856279899,45.2880529235999,59.008,97.8184107839659,66.2745990254867
BEN,2015,66.6561284323416,5.79,49.9,30.0208407236609,379.492026672934,36.122942532813,1002.41886879614,16.3850954444902,56.7563131849476,20.731792085746,45.9407403257663,59.123,100.750984391628,66.6240261475915
BEN,2016,59.4793406242621,6.22,45.4,29.5774210713019,409.038821084068,34.3804984036893,1006.03926633023,15.7020683118185,58.9869283378276,20.2720396046954,46.6094559006664,59.283,103.741060659808,66.9697053582587
BEN,2017,58.3879587239383,6.11,45.4,29.1340014189429,412.304352119196,36.3017018446258,1032.90471194182,15.1075858507501,61.4765969588474,23.9604222292501,47.2942774880391,59.528,106.773501241575,67.3115299235489
BEN,2018,54.0562679352757,6.05,44.0,28.6905817665839,423.283323822533,39.5602039730401,1071.50452156932,14.6419567509163,61.7951944903448,26.3865130249513,47.9952829275963,59.71,109.820388435615,67.6494113960798
BEN,2019,46.5625275293874,5.69,46.5,28.2471621142249,414.543641080217,41.071385242994,1114.17304526443,16.3125612015902,63.68133231423,25.6298005790604,48.7125500590248,59.888,112.865865555161,67.9832516982572
BEN,2020,51.0478241974862,5.79,46.2,27.8037424618659,426.185478700943,39.3140173820504,1126.65404122154,16.2905490528658,44.8332333768726,25.6338435081567,49.4461567219896,60.154,115.911395885066,68.3129505616936
BGD,2008,46.4359542477712,2.33,45.2,14.5558830759776,180.396452212736,71.0839671199201,866.45815762135,24.7270013036793,42.6209140325589,26.2022714003991,26.87206041368,67.047,1148.30040715987,96.0698868772065
BGD,2009,43.417784301366,2.33,43.1,14.5313098256127,187.659357547152,71.0301912883153,901.729626251937,25.2955721814431,40.092796223023,26.2060570157536,27.3111249057412,67.527,1159.05134823692,96.2680515706038
BGD,2010,42.1588186962047,2.32,40.3,14.5067373434739,195.590116597033,70.9917799800261,943.66422864236,24.9564767264585,37.8028426708321,26.2466561760577,27.7254372588696,68.009,1169.25544288238,96.4638392169857
BGD,2011,52.2951110557553,2.25,38.4,14.4991441960513,200.299626883527,70.1236844126911,995.579947155662,25.0452996007551,47.4208498356898,27.4209733686034,28.1100162712427,68.499,1179.92683413997,96.6571382365005
BGD,2012,65.1638389348551,2.21,37.3,14.4915510486287,208.040539602777,70.0622263194284,1050.39140404066,25.3099593902625,48.1109227490467,28.2623350097187,28.4787972894576,68.989,1191.28909118845,96.8477733718652
BGD,2013,64.3758949024465,2.22,37.0,14.4839579012061,218.935059190067,69.9700391795345,1103.15695907123,26.3070701636507,46.2964027228174,28.3896207536466,28.8407036106763,69.487,1202.52086502266,97.035648544406
BGD,2014,68.3283645116627,2.16,35.4,14.4763647537835,224.107149946033,69.900898824614,1159.40753475981,26.3110467833576,44.5140801968096,28.5778757115563,29.1944442321013,70.016,1213.52791733886,97.220803624287
BGD,2015,64.1084295201163,2.17,33.1,14.4687716063609,237.713163558492,70.3867250518553,1224.38647668165,26.8313948329541,42.0859963070382,28.886689247008,29.5395099477892,70.543,1224.42328493508,97.4031438216165
BGD,2016,63.6784141329752,2.2,30.2,14.4687716063609,255.923548835134,70.6323269570562,1299.83091360792,31.0691513830358,31.3341501346142,30.2397639179985,29.8753915517965,71.075,1235.3993393255,97.5826981722131
BGD,2017,58.3439766448258,2.12,28.1,14.4687716063609,260.880286120411,70.5794729968503,1373.75363740186,31.2482919641603,29.9997306724343,30.9468731155675,30.2015798381799,71.606,1245.95641852962,97.7594255729943
BGD,2018,59.513577848333,1.96,27.0,14.4687716063609,257.873889464682,70.694476453868,1462.25050255713,31.9828135899766,32.5146317240884,31.8225747704431,30.5175656009959,72.122,1256.22726434662,97.933316165493
BGD,2019,50.3645265388691,1.95,26.1,14.4687716063609,273.340023331257,72.1902127986479,1564.20802445636,32.8525491977868,31.5780544912404,32.2137331126266,30.8228396343012,72.625,1266.90523930245,98.1043633059551
BGD,2020,42.3813762359965,1.9,27.2,14.4687716063609,272.076572071717,72.4437274333564,1604.6659234742,32.9115650824449,26.271447376215,31.3079413414304,31.1168927321524,71.421,1277.54493354844,98.2725719690138
BGR,2008,23.8749930848315,6.05,9.9,33.7409078353743,2647.46208110447,46.9662093729859,6464.72198023576,24.9905785476636,124.688747515359,36.9245389748046,70.902099609375,72.9634146341463,68.98592210662,99.5168989901261
BGR,2009,23.2099399887774,5.49,11.6,34.0899042004421,2337.23945196707,46.3338246131172,6288.72543188686,26.5673405144322,92.6926456036375,28.5382207093012,71.3017349243164,73.4121951219512,68.5744565217391,99.4918883371775
BGR,2010,22.9310518892306,5.5,14.3,34.4233603537214,2393.89142256038,46.5364775239499,6428.71742590538,23.7541772436849,103.380522321192,22.5179685624585,71.5149307250977,73.5121951219512,68.1245302137067,99.4674443238524
BGR,2011,26.1914143794342,5.8,13.2,34.6002210759027,2592.51617710519,46.8680913780398,6605.30851691027,25.0301012066171,117.41810388629,21.3581829600151,72.6101653885532,74.1634146341463,67.6890935887988,99.4435439260654
BGR,2012,23.0863811610061,5.5,15.6,34.777081798084,2493.07808043547,47.1904937361828,6693.4277325127,25.3837646988557,123.971322714174,21.8870849869755,72.7684860229492,74.3146341463415,67.2981577008106,99.4202191539046
BGR,2013,21.490052956786,5.12,18.2,34.9539425202653,2353.30761322829,46.0114222549742,6792.73549964735,23.5074812631202,129.688682986482,21.0060108987805,72.9632821572019,74.8609756097561,65.9543570375829,99.3974782704321
BGR,2014,21.9921500133613,5.32,17.1,35.1308032424466,2499.7069748767,45.8456153279293,6941.01853946718,23.4443018802846,130.248377115245,21.5078339407257,73.0844879150391,74.4658536585366,65.1581798084009,99.3753090063738
BGR,2015,20.7936901250081,5.36,17.9,35.3076639646279,2637.50353455494,46.1670965364775,7268.65445473873,24.0301394911987,126.73664221295,20.9999295980527,73.1030578613281,74.6146341463415,64.3351602800295,99.3537331088916
BGR,2016,19.979167405734,5.07,17.7,35.3813559322034,2606.61053390992,46.2509211495947,7586.50411050819,24.4597736962039,122.805514356513,18.9624324900328,73.1750030517578,74.8121951219512,63.5053334561533,99.3327228860736
BGR,2017,20.0337858184501,5.11,17.1,35.5011053795136,2732.22244053467,46.3294030950626,7898.70693013652,23.9892951281784,129.634429048004,19.8169984706422,73.3904571533203,74.8146341463415,62.6701179071481,99.3123099116754
BGR,2018,19.7159830127087,4.97,19.6,35.6208548268239,2764.27513129547,46.3338246131172,8194.37434587757,22.2389603260891,129.166502930632,21.1661572589054,73.600212097168,74.9634146341464,61.816488577745,99.292449043955
BGR,2019,17.5380256575647,4.72,19.3,35.7406042741341,2771.124202737,46.3983050847458,8626.13418680372,21.5624567722623,125.260418346411,20.7340031845359,73.7162322998047,75.1121951219512,60.9499447310243,99.2731656499931
BGR,2020,17.1474236131426,4.68,21.1,35.8603537214444,2664.55152991688,46.4904200442152,8440.08304721192,21.843324087593,110.423899846249,20.1519208043409,73.3239898681641,73.3560975609756,60.3417096536478,99.2544596990953
BHR,2008,67.7608706862893,10.36,0.0,0.644736842105263,11593.7971674415,11.9210526315789,23127.2148040048,50.4076629462208,145.882511145821,34.9481240884218,96.3461384245376,77.457,1451.96842105263,99.9431588486962
BHR,2009,64.6190557666771,9.7,0.0,0.664473684210526,10432.8967547383,11.7763157894737,22206.9371985225,43.0997000499723,117.963725409489,26.1446971919251,98.3277849907243,78.016,1550.54605263158,99.9412205297201
BHR,2010,63.301530702615,9.59,0.0,0.68241469816273,10317.976004905,11.6141732283465,22224.0736166249,43.9268581860394,115.561486449616,28.5983559958528,100.0,78.593,1612.26115485564,99.939282210744
BHR,2011,66.7273263961034,9.42,0.0,0.698826597131682,10624.3872166304,11.3950456323338,23288.0449398313,48.2947958378082,167.529641035854,22.497932951159,100.0,79.141,1558.0443285528,99.9373438917679
BHR,2012,70.0606736033788,8.64,0.0,0.716883116883117,9996.52196196405,11.2207792207792,23894.8804447088,46.3397302766462,178.824020821684,28.3178818196342,100.0,79.622,1570.08311688312,99.9354055727918
BHR,2013,68.1447019157403,9.54,0.0,0.737662337662338,11219.433931134,11.0779220779221,24271.6278814506,46.6971284608616,184.58950884485,26.202347618295,100.0,79.998,1627.52077922078,99.9334672538156
BHR,2014,59.1499735070702,8.77,0.0,0.75745784695201,10257.0253426946,10.9338521400778,24135.4991304849,45.3135767644884,168.57585814186,26.9460773553345,100.0,80.214,1705.00907911803,99.9315289348395
BHR,2015,71.5594978371491,9.05,0.0,0.77120822622108,10405.6390717453,10.694087403599,23734.0551143019,39.0907990671172,147.916060172904,25.6249300828539,100.0,80.338,1761.33933161954,99.9295906158634
BHR,2016,64.2193035294402,8.62,0.0,0.79589216944801,9878.66504979139,10.5519897304236,23715.2791328712,38.2033398636175,132.822997902774,27.8856988345954,100.0,80.407,1827.63286264442,99.9276522968873
BHR,2017,61.237494601176,8.33,0.0,0.82051282051282,9444.4239393348,10.3974358974359,23606.8867501313,39.9934662996166,136.429239810394,33.5452337227581,100.0,80.407,1924.50769230769,99.9257139779112
BHR,2018,71.8872328410934,8.24,0.0,0.848329048843188,9533.85538285247,10.4113110539846,24059.7838641562,41.4758871750475,144.075372574535,35.5603270966476,100.0,80.412,1931.99357326478,99.9237756589351
BHR,2019,59.9655174851019,8.68,0.0,0.871794871794872,10388.189018559,10.3846153846154,24873.6640060134,40.6177669647554,135.417543398211,35.6238571804314,100.0,80.471,1902.25128205128,99.921837339959
BHR,2020,58.4950629834781,9.42,0.0,0.89171974522293,10832.91852134,10.3184713375796,23586.9309581516,39.1001079781372,135.460985012931,37.2956671453326,100.0,78.683,1875.41910828025,99.9198990209829
BIH,2008,36.5797939203256,6.12,14.3,41.1026953125,1510.20925021027,41.6015625,3929.03297717336,23.2014104320358,86.1628798430504,32.3119832270202,45.1090576163352,76.3,77.10046875,96.6605523174734
BIH,2009,35.6437958683181,6.43,17.4,41.08513671875,1602.5317512912,41.5625,3877.53540078456,22.9076469417103,73.7474942255023,23.713209921992,45.4246010387901,76.701,75.7772265625,96.5575305327522
BIH,2010,35.2512805561859,6.66,19.6,41.067578125,1700.48373318065,41.875,3981.20985692032,22.4540096321725,80.9682159626823,21.9146685888149,45.7392153332604,76.827,74.4428125,96.4522822969049
BIH,2011,39.4031643248459,7.27,14.2,41.293515625,1909.67028647304,42.01171875,4094.25329541877,22.1932597066813,87.8363477136556,22.6759067100927,46.0528777644843,76.963,73.0819921875,96.3448010624916
BIH,2012,35.5046711262656,6.85,15.3,41.519453125,1821.21222097011,42.109375,4139.91732773657,21.6232008180939,88.1451088628529,22.8835705606596,46.3655655972,77.037,71.68189453125,96.2350673868213
BIH,2013,33.7419045514665,6.46,19.5,41.745390625,1787.39246392599,42.20703125,4306.73175072214,22.3236748683798,87.9312380280562,21.6685850406414,46.6954224739896,77.129,70.52458984375,96.1231183417835
BIH,2014,32.4817989014897,5.94,23.6,41.971328125,1682.31287779308,42.12890625,4412.67617817734,22.1563691753674,90.5522780395662,23.0340139751835,47.130783484831,77.089,69.62556640625,96.008918332446
BIH,2015,33.8055310132726,5.86,25.2,42.197265625,1755.04377103361,42.5,4662.25869219448,21.7264522311122,88.291992587588,22.1698345771577,47.5711645087011,77.073,68.72150390625,96.0694403538991
BIH,2016,30.384676952561,6.21,23.0,42.5099609375,1945.25475764264,43.14453125,4876.53471495633,22.3443510624615,88.2440340022738,23.3303836437325,48.0248845752382,77.124,67.83208984375,96.0724133360056
BIH,2017,30.9018207776211,6.0,18.5,42.7326171875,1966.74296405564,43.515625,5099.81602856447,23.1210747823113,96.6458803566861,25.1642904731319,48.4918401819106,77.385,66.9664453125,96.1569041351994
BIH,2018,32.4989922059154,6.41,35.4,42.7326171875,2205.40019359849,43.18359375,5360.25201017633,23.7113564316664,98.4320694182631,24.8120206694305,48.971927825824,77.942,66.15234375,96.1478367143062
BIH,2019,26.7157922521039,6.02,36.8,42.7326171875,2157.71633026544,43.28125,5583.29721276458,23.2037923257609,94.516125154246,25.1910361335464,49.4650440037758,77.394,65.34244140625,96.1384735195781
BIH,2020,26.6019532713554,6.1,37.7,42.7326171875,2152.73018925591,43.7890625,5490.75366635139,23.7775660166922,82.5216467994007,23.4676997821764,49.9710852122997,76.04,64.44041015625,96.1287930670731
BLR,2008,21.364516390716,7.7,7.1,42.1809543523474,2939.40597422615,43.9473243240579,5177.64534775676,38.8242464026726,129.599478545475,37.6416510261128,73.5531692504883,70.4560975609756,46.9585563473992,98.2423602894853
BLR,2009,21.220548500292,7.28,7.4,42.3577363995702,2789.00314061154,43.9974765645792,5200.77418555423,36.1139633461021,108.63564482836,36.8640444559238,74.1909646620571,70.4073170731707,46.8441433626748,98.3240931023965
BLR,2010,20.9366064365372,6.99,7.3,42.5328483701491,2895.6108099575,43.8536830588166,5616.0941173307,35.3917911979998,115.917972989303,40.6563662623236,74.5501403808594,70.4048780487805,46.7409685463919,98.4067317637628
BLR,2011,18.6953550823705,7.05,7.5,42.5346212606574,3081.68018120351,43.7386033216697,5941.68999156239,36.0880730361763,157.974255073313,37.2175950788459,75.0597534179688,70.5536585365854,46.6297521068454,98.4898792244549
BLR,2012,18.0675396231787,7.24,7.2,42.5403772320218,3219.42653369693,43.3516182928452,6052.6373706236,36.2806503161792,153.085269313372,35.0942730563184,75.5281066894531,71.9658536585366,46.5593029044007,98.5737838074881
BLR,2013,18.9735248940446,6.39,7.0,42.5419401896426,2870.32580279278,42.9317720346167,6115.43288098707,35.9037019421087,119.815965235724,38.7980262073973,75.94970703125,72.4707317073171,46.5393725235082,98.658371398837
BLR,2014,19.3974713758219,6.4,6.7,42.5317653086864,2923.57682069269,42.4879171121282,6212.91667418659,35.3790497233345,110.651424367582,34.8410329356421,76.3405227661133,72.9707317073171,46.5506003261518,98.7435395155894
BLR,2015,17.6059281150121,6.07,6.8,42.5341662643242,2660.14026759548,42.242016376159,5967.05595058777,32.6923057673017,115.914826201946,29.0346959914608,76.6263885498047,73.6243902439025,46.611337189252,98.8292261861592
BLR,2016,15.8319434819688,6.18,6.7,42.9069698701401,2639.09486268036,42.0354897826473,5811.20159182547,30.9584092512823,125.209322899662,26.4775827022928,76.8458709716797,73.8268292682927,46.6499448243246,98.9152496756769
BLR,2017,15.7775132293532,6.14,7.3,42.9784026641969,2692.58344898873,41.8448381185095,5964.89668834561,31.5544850881623,133.367754723012,28.0303589091824,77.0208206176758,74.1292682926829,46.5987595325832,99.0015077424337
BLR,2018,16.9825400264261,6.29,7.2,43.0515321706572,2849.29477344053,41.6444969947778,6165.91320019277,31.2656097096379,139.393736250171,28.0788785453202,77.2132720947266,74.1756097560976,46.5010592176569,99.0880364550957
BLR,2019,15.6177925850738,5.97,7.8,43.1261547557461,2748.96883661007,41.3223954869066,6267.73508743505,31.737128716913,130.850406102184,29.1499946931726,77.4550771852757,74.2268292682927,46.4107506220284,99.1750106647627
BLR,2020,14.6089903841381,5.82,8.4,43.1944033894965,2673.86548599188,40.7971228692482,6251.98898968645,31.3515556956682,118.934176146534,27.4548359346196,77.7890385790408,72.1385609756098,46.211212927382,99.2623480849323
BOL,2008,42.4702971845256,3.82,21.3,49.3760601864673,572.261293056089,34.534601033878,2383.2503257823,29.7366397824222,82.8670208961798,17.5527400611141,65.5448299960338,65.299,9.09337948859965,85.8158829165859
BOL,2009,35.7228908896935,3.85,20.6,49.1900193852119,586.284286067628,34.6534765069694,2422.57579390007,29.2286844945559,68.6270739127592,16.971260971496,65.9781896386949,65.656,9.24607680236315,86.3551793920247
BOL,2010,30.5811442072612,4.01,19.9,49.0039785839564,625.49842839535,34.7723519800609,2481.40700850945,30.1439417460822,75.5116262512877,17.0070184588469,66.4075665659133,66.003,9.39937690390474,86.8874436823724
BOL,2011,27.3182933267548,4.09,18.1,48.808503646266,660.399933602591,34.8967660851103,2568.5205166368,30.3691066361261,82.4803954243518,19.8155524290026,66.833715633176,66.282,9.55315148158405,87.4130245086648
BOL,2012,28.0697541353735,4.22,17.4,48.6130287085756,703.763401801031,35.0257956244808,2657.23884915853,29.3342196293346,84.9487611684942,17.6729919914841,67.2581444827699,66.586,9.7071974522293,87.931656511904
BOL,2013,26.0957496962253,3.99,16.0,48.4175537708853,699.363675306555,35.1557483614881,2793.51457098676,28.5181929044884,81.2309075267174,19.0177268858945,67.6697055519889,66.777,9.86117234376442,88.4281721555752
BOL,2014,26.9415449050283,4.16,15.0,48.2220788331949,757.547132518494,35.2829317825164,2900.90241586338,27.6254998805738,85.2644695625131,21.0337970312715,68.037425413,66.97,10.0146662974245,88.9095566150389
BOL,2015,27.4574711709407,3.98,14.2,48.0266038955045,748.85994552389,35.2820086771901,2996.01289811344,25.2024162838659,67.9328451905248,20.2812768788265,68.3958051297665,67.205,10.1677328533186,89.3856764745398
BOL,2016,28.0546140290721,4.03,13.6,47.7713283485646,778.965230116872,35.1546201421582,3077.57057564766,25.3263589797711,56.4010345026573,21.0573618533858,68.7446327876947,67.392,10.3203360103388,89.856829031751
BOL,2017,26.5418633872389,4.03,14.3,47.5327425459245,800.888183667631,35.0226160804948,3160.16421228968,30.1846229804293,45.5761123650708,24.3763407852814,69.0838016274736,67.536,10.4722486845749,90.322518307567
BOL,2018,25.1667590386614,3.94,14.3,47.3121388350411,803.127890554365,35.2631302501615,3204.53670819124,30.385489117214,46.9261953417368,24.0294938980641,69.4133879813999,67.699,10.6234357980246,90.7842800477343
BOL,2019,24.4849924422413,3.87,13.5,47.1095356780209,795.54274549867,35.5444151204652,3207.3869521223,30.4627271604529,45.8209732749024,22.7024136915554,69.7334986708387,67.82,10.7739185821102,91.2290518215196
BOL,2020,22.879459074231,3.55,16.9,46.9249146127573,657.745469205531,35.5645909720299,2765.0927177231,27.2757447830119,37.5164342446486,17.268345922029,70.0442635528254,62.906,10.9076885442629,91.6695086739786
BRA,2008,14.9351326747822,3.87,47.0,62.1528569753558,1317.23578420454,27.5650563402862,8330.76364001877,23.0852937521799,27.2575694165953,21.6193828522601,83.8036050557184,73.111,22.7762758221327,95.9378940948521
BRA,2009,14.8598600083774,3.74,48.9,61.6801692721108,1262.10043812649,27.6512956231889,8246.09612122851,21.8785926263801,22.1059756060711,18.7961350295102,84.0698380333651,73.457,22.9811837322658,96.2074114306889
BRA,2010,14.9274921822751,3.85,46.8,61.2074815688658,1384.36896688389,27.7375349060916,8792.63334959864,23.2679773548596,22.7721781132208,21.801321557926,84.343846036308,73.779,23.175243415401,96.4709800912933
BRA,2011,15.539471795948,3.75,45.2,61.023328156743,1390.00783643031,27.8237741889942,9067.99212019529,23.1020509677218,23.9344051765103,21.826271117187,84.6225758599683,74.047,23.3646162902273,96.7300307300568
BRA,2012,14.6007414104339,3.82,43.5,60.8391747446202,1433.15306444735,27.9100134718969,9167.49818450433,22.1336473645034,25.1142736103322,21.4172253693275,84.8973874181312,74.335,23.555014752086,96.9831894902775
BRA,2013,13.8897320409453,3.88,42.3,60.6550213324974,1487.45745839708,27.9962527547995,9366.73824670239,21.2248099504522,25.7859573281452,21.6937669560679,85.1676585442726,74.609,23.7467066835444,97.230310353602
BRA,2014,13.7916487838641,3.98,41.7,60.4708679203746,1522.42189026812,28.0824920377022,9338.34170840985,20.4724627475115,24.685405813292,20.5484107558184,85.4331367898168,74.823,23.93895376244,97.4719067025274
BRA,2015,12.4042007642389,4.05,43.7,60.2867384370207,1482.02057858653,28.168707391836,8936.1955889444,19.3600439809564,26.9536259372369,17.4116258667237,85.6935697061881,75.106,24.1292359304821,97.7078492139171
BRA,2016,12.1085038135727,4.03,45.4,60.0710205859198,1414.8979311951,28.2549706035075,8577.84277969667,18.3547582770536,24.5336820770756,14.9695469727335,85.9487048448108,75.081,24.3137963709629,97.921760549945
BRA,2017,12.2193388464901,4.06,45.3,59.8329293359527,1431.95949698072,28.3411141713348,8628.25209645723,18.1885023085758,24.3197343741684,14.6255875977741,86.1982897571091,75.383,24.4915070817191,98.1978808317894
BRA,2018,12.2516401526844,3.93,46.9,59.7083800941358,1403.40232453429,28.338218790305,8722.33529970988,18.7490514527988,28.876203376153,15.0950416297894,86.4420719945072,75.633,24.659465024515,98.5580120515387
BRA,2019,12.3488400923542,3.95,47.5,59.5585860011916,1415.83477031974,28.3353473380441,8771.43950372603,18.7546275724707,28.8902578697354,15.5167908016709,86.6797991084296,75.809,24.8207686159839,98.773134154073
BRA,2020,12.1793252040724,4.0,50.0,59.4174780513368,1379.24649914162,28.3324758857832,8435.01046209185,19.5061183897524,32.3020785443492,16.1158206044059,86.9112186503004,74.506,24.9649852718428,99.0720677672897
BRN,2008,6.57132380756337,5.68,0.0,72.7514231499051,9379.39547102847,2.35294117647059,34126.6941563969,76.4320816379343,89.7454253523344,20.641358896163,74.7929411399737,74.814,71.6874762808349,99.7414765305361
BRN,2009,6.36993412664528,4.97,0.0,72.4288425047438,7906.16450304433,2.5426944971537,32855.6021602466,67.2954813573315,90.2870882587894,26.2203911122241,75.0712970872547,74.814,73.0459203036053,99.7640332608049
BRN,2010,6.28886801670278,5.15,0.0,72.1062618595825,8261.092768512,2.5426944971537,33121.3178241724,68.6533507031802,95.3715460226132,23.6902575256773,75.2506559029998,74.82,74.4462998102467,99.7865899910736
BRN,2011,7.22534325195967,5.94,0.0,72.1062618595825,9699.3002516897,2.5426944971537,33754.3640783713,73.6724144504971,99.5379309038179,26.0242928941481,75.312125504778,74.835,75.7853889943074,99.8091467213424
BRN,2012,7.64174071359111,5.82,0.0,72.1062618595825,9446.07290658886,2.5426944971537,33544.5389457877,72.655614353873,105.640902140819,32.8821465207434,75.2714233503027,74.843,76.9557874762808,99.8317034516111
BRN,2013,7.81045226819353,4.72,0.0,72.1062618595825,7399.88850699904,2.5426944971537,32381.0739795231,70.022444095261,110.939599584216,39.5934116228483,75.1756915148608,74.854,78.026944971537,99.8542601818798
BRN,2014,8.03840256929202,5.66,0.0,72.1062618595825,8529.79303823974,2.5426944971537,31148.7297405401,67.8496307805484,102.421000963035,27.44181699276,75.0572639801502,74.862,79.0796963946869,99.8768169121486
BRN,2015,7.76801290951484,4.34,0.0,72.1062618595825,6437.00247398227,2.5426944971537,30625.1287744656,61.3627773605269,89.8961882533585,35.2473258617273,74.9484620568562,74.88,80.1161290322581,99.8993736424173
BRN,2016,7.70809372713425,4.91,0.0,72.1062618595825,7008.28171997556,2.5426944971537,29492.4145927789,57.2893638536308,87.319801332806,34.6202628541232,74.8816070556641,74.905,81.1316888045541,99.9000219255643
BRN,2017,7.23064895379441,5.87,0.0,72.1062618595825,8385.25858976533,2.5426944971537,29524.65912789,59.7205889692852,85.1768604269985,34.804760189414,74.8476440654983,74.943,82.1199240986717,99.9000444673207
BRN,2018,7.49485587718805,5.88,0.0,72.1062618595825,8304.04242825767,2.5426944971537,29200.1952024222,63.2448184042319,93.8980617666778,41.0665959296934,74.8172471714305,74.992,83.0759013282732,99.9000669989146
BRN,2019,7.94585811311948,6.35,0.0,72.1062618595825,9219.80339333238,2.5426944971537,29996.2407223175,62.5153210994416,108.509658357959,38.6777534991209,74.7923311783673,75.049,84.0,99.9000895203528
BRN,2020,7.59726503432135,6.31,0.0,72.1062618595825,9175.89257228992,2.5426944971537,30015.9588506697,59.1336302400797,110.291003658452,40.5878302733583,74.7748108912151,75.114,84.896394686907,100.0
BWA,2008,21.6012791414985,3.24,27.8,29.4219469588693,1158.3591770162,45.6672489545286,6158.61629368051,41.10966210137,99.008222007989,35.4683348008758,61.8321593704079,57.661,3.44073897623207,80.2083565652811
BWA,2009,21.9924882718209,3.44,28.9,29.2132055829054,1054.28611010741,45.7325357754133,5179.4138607146,32.9148698460083,88.4807886337378,32.6299076727603,62.7501882968523,58.297,3.51255977273128,81.548204891568
BWA,2010,22.3400304839044,3.4,29.9,29.0044642069416,1130.54992383335,45.6319587810774,5584.5034321846,37.2789379627304,94.6390020873926,34.7021091252242,63.4945974665277,59.137,3.58744199177739,82.8396938380661
BWA,2011,22.6768520526251,3.04,28.9,28.7957228309777,1069.64525830171,45.7466518447938,5850.07858575461,41.4322152540452,98.9614677801469,39.1181150467037,64.0187810722889,59.715,3.65877049035696,84.0822411614888
BWA,2012,22.702553769979,3.47,27.8,28.5869814550138,1197.22154587787,45.677836006564,5742.91924452636,37.5753342991212,111.875280620952,35.9998617809678,64.3993247826904,60.384,3.72067298360771,85.1198176551296
BWA,2013,21.2341334801046,3.29,26.7,28.37824007905,1240.35333768798,45.6690134632012,6284.97678002618,39.106229887551,125.78303991122,24.8793287159182,64.7579735458393,61.217,3.77725195419335,86.1035328726968
BWA,2014,21.1021511668115,3.39,25.8,28.1694987030861,1333.16636170484,45.8842835212535,6547.12254115892,41.7777034040156,119.497541791464,25.2530625662887,65.0965122400825,62.167,3.83259047518219,87.0620077919626
BWA,2015,22.0461450923733,3.55,26.1,27.9607573271223,1308.13445233238,45.6330174862809,6141.20394726616,37.5439994873569,112.900891016005,28.4432892203156,65.4103584313295,63.215,3.88769431651757,87.9952713631677
BWA,2016,21.2522533064009,3.17,26.7,27.7520159511584,1245.11570542658,45.6330174862809,6490.83463593483,40.3451621913098,100.464689766026,22.0676982064961,65.6949296854899,64.32,3.94328163322923,88.9036684785342
BWA,2017,19.9663232166838,3.18,26.7,27.5432745751945,1280.40747267283,45.6330174862809,6662.57644805467,37.1010050249191,81.9239513763494,25.0058963191325,65.9456435684731,65.42,3.99969473999965,89.7870788598082
BWA,2018,19.9110410814922,3.25,25.6,27.3345331992307,1343.69847257232,45.6330174862809,6843.84612027739,34.8003276690785,87.4551039946493,25.902879643882,66.1579176461888,66.371,4.05685423393856,90.6438201661521
BWA,2019,19.2035484352255,2.92,26.2,27.1257918232668,1241.6779321074,45.63372328975,6951.73189051146,31.947105419301,83.0929813601175,30.8204405592326,66.3271694845464,67.167,4.11498067863004,91.4749479975469
BWA,2020,18.9057549925814,2.89,27.7,26.9170504473029,1119.82959014247,45.63372328975,6254.24806241091,26.690568101143,77.6634178592071,32.7272598389392,66.4488166494554,67.643,4.17464048135797,91.5461365187927
CAN,2008,8.66701975000882,7.29,21.6,38.7501728274436,8098.35289361915,6.62890005008036,42067.5687072607,29.3420195046589,67.0236083618983,24.0725027760344,80.6628944916604,80.7246341463415,3.70832237476842,99.3013182064874
CAN,2009,8.21952738825148,7.23,22.2,38.7448217016393,7696.33407281264,6.56465441761223,40376.4153847836,25.0760182112778,58.4743918224897,21.9594942895654,80.8591838893921,81.0660975609756,3.75101571675707,99.235861272703
CAN,2010,7.79521960926122,7.02,21.4,38.7394705758349,7660.75452103288,6.50040878514409,41164.3399119626,26.3511331619895,60.2081215044483,23.4820046985497,81.0120892252937,81.3221951219512,3.79293521117963,99.1700909228102
CAN,2011,7.37287638245787,6.96,21.5,38.7348640747569,7716.24822782698,6.43568354118357,42043.6419795513,27.1393405983891,62.4987387708328,24.1514534714945,81.1031425434213,81.4826829268293,3.83011279793076,99.1038601959252
CAN,2012,7.58558915249491,6.88,21.8,38.7302575736789,7637.78487245197,6.44363616895263,42320.6431330726,26.6346687974256,62.5955489395005,24.867543598009,81.1513483248791,81.6636585365854,3.8718472515473,99.0365046606561
CAN,2013,7.26096632331949,6.86,22.2,38.7256510726009,7668.79466344868,6.45155533545478,42851.170527104,26.6132351758366,62.2310749013405,24.907675073032,81.183439957458,81.7448780487805,3.91284812265562,98.9690828452765
CAN,2014,7.38092988336422,6.84,22.2,38.7210445715229,7780.1475931021,6.45947450195693,43643.2356440047,27.1379424601872,64.3786621564923,24.8707076104681,81.211183161556,81.7843902439025,3.9522291338328,98.9015865745503
CAN,2015,7.11576183142395,6.75,22.3,38.7164380704449,7690.40816617685,6.46750520601544,43594.1941045394,24.4156825468916,66.1649020669781,23.8215933948339,81.2465670276699,81.8258536585366,3.98239245827659,98.8340306892804
CAN,2016,6.40675155079521,6.96,22.1,38.7120133755838,7944.50789345873,6.47475514717938,43551.3425975115,23.2953005455848,65.3636845215556,22.7611201594839,81.3023011093703,81.94,4.02771072511681,98.7664020547712
CAN,2017,7.04492025305158,7.03,22.8,38.7078876013737,8175.19037647623,6.45441069689781,44339.3886689254,24.0278028870792,65.1010608504649,23.5504692286096,81.4018945832226,81.8129268292683,4.07614836279598,98.6987271756663
CAN,2018,7.09175111254794,6.94,22.3,38.7037629425392,8161.77967501099,6.45681990811536,44907.3436912123,24.6223059554353,66.5998858508762,23.3773111619236,81.5500341646653,81.8087804878049,4.13498944297029,98.6309996680104
CAN,2019,6.22680169266749,6.86,22.4,38.6996371683291,8125.58121311618,6.43435624426279,45100.2915069262,24.0774078769413,66.1714852804959,23.0424241743147,81.7363672047941,82.1636585365854,4.19587500655283,98.5631782582907
CAN,2020,6.56566994375263,6.73,23.9,38.6955125094946,7495.07932297849,6.37073522211031,42366.1285377884,22.4516173195,61.1567709632763,22.6747176119532,81.9509888710566,81.5351219512195,4.24162135453439,98.4952442433058
CHE,2008,13.4985437713066,2.19,19.6,31.0522573251862,3480.20255913467,38.9991102489111,82481.0680560935,25.9463011401392,116.778000147488,27.4120262151199,73.5482927401305,81.9926829268293,193.541360670795,99.9999971629862
CHE,2009,13.3223791944562,2.25,20.0,31.1502627536125,3460.61144395548,38.9154514632651,79585.5216989959,24.7427872310642,109.775984598968,28.3419894943657,73.5741230920283,82.0439024390244,195.977767173332,100.0
CHE,2010,13.2556694848526,2.12,20.6,31.2482719393317,3323.41218501892,38.8328388786286,81315.4228307049,24.6945258729978,120.065123269341,25.8955591965806,73.6086716419323,82.2463414634147,198.032658685794,99.9999991015242
CHE,2011,13.864731836329,2.01,20.6,31.3357558163813,3181.06687778874,38.7502111350433,81874.3362425008,25.031526472453,125.556273159907,28.4924187348254,73.65058748615,82.6951219512195,200.249864435738,99.9999978036397
CHE,2012,12.6827485821719,2.01,21.9,31.4232415506488,3175.97090168674,38.6676558338134,81964.8864937809,24.603891133013,126.453860464505,26.66022900376,73.7522629583622,82.6975609756098,202.390548012367,100.0
CHE,2013,12.4432960759198,2.05,21.8,31.5107315281037,3274.49948136129,38.5853758563219,82479.9215677304,24.7022127251447,133.693708414477,25.1549339552027,74.1121384785551,82.7975609756098,204.734336607627,100.0
CHE,2014,10.6156284957703,1.88,22.2,31.5982233630178,3031.17447656808,38.5028064078332,83394.3712888211,24.323915072693,120.213423375239,25.5531960420311,74.7402679059582,83.1975609756098,207.250751433234,99.9999983307103
CHE,2015,11.7226082380351,1.81,23.9,31.6857178507946,2927.96015319396,38.4205685464246,83806.4476003837,24.2011258209806,117.138482218872,25.0748632817703,75.6044960143169,82.8975609756098,209.626620751132,100.0
CHE,2016,10.6566460014216,1.72,24.1,31.7732664163142,2819.83095943189,38.3386607265115,84611.0998672721,24.0899792080479,123.565924513577,25.561928395454,76.6726675773771,83.6024390243903,211.931572125581,99.9999985540874
CHE,2017,9.91481464472654,1.71,25.0,31.8603337971021,2809.47945669194,38.259882464098,84967.5886498224,24.2176943229599,123.621807602301,26.0443143419626,77.9126273688843,83.5512195121951,213.918480127503,100.0
CHE,2018,10.1481592849367,1.67,24.2,31.9474011778901,2806.4991558403,38.1824051503393,86756.6022327472,24.4239571771375,124.428504325808,25.7344532320312,79.2922201625844,83.7536585365854,215.500094533915,99.999997064468
CHE,2019,9.45001875443382,1.69,24.8,32.034468558678,2857.15819180217,38.1050341397781,87123.6604234257,24.7211591296094,124.127612180467,26.4377929043745,80.7792907322229,83.9048780487805,217.042781721823,99.9999991347299
CHE,2020,9.06104968621636,1.65,26.4,32.1215359394659,2690.39023280182,38.0271063029444,84637.0132935333,24.8279156756116,121.785977998371,29.5787498388343,82.3416838515457,83.0,218.63446962171,100.0
CHL,2008,23.2503096478062,3.81,30.8,22.2500443827569,1801.2828820239,20.7361278330993,11356.0922105983,31.9839914243068,80.6766262406468,28.8969424712342,86.8765769429469,78.752,22.6472942657478,97.3561722018665
CHL,2009,22.3832902070972,3.75,31.5,22.3721911094613,1735.83895157902,20.3137863602374,11116.4093443103,31.8892011542261,66.6860309631418,22.920007922655,86.9124897308683,78.89,22.876931994857,97.4691378531682
CHL,2010,22.0329948919966,3.7,27.0,22.4943378361658,1795.6817303266,19.7952795575712,11649.2897090856,33.4669030156191,69.7176801370338,24.775467656778,86.9560135592209,79.095,23.107901206673,97.5812457914008
CHL,2011,22.8717891996678,3.8,28.8,22.7285765777398,1937.32339633854,19.3910934566367,12252.8441074615,32.4417542348483,72.4816428077334,26.6462967159419,87.0109164653326,79.236,23.3370130673596,97.6928032000078
CHL,2012,21.9147180810935,3.96,30.3,22.9628153193138,2123.49178972428,18.8793126590382,12882.834417927,30.5583003272184,68.156142891334,28.7913494665394,87.0824943735696,79.221,23.5620242302954,97.8035215361194
CHL,2013,23.7625028118101,3.97,30.2,23.1970540608878,2177.50491871487,18.4482291279999,13182.7329619856,29.4304373078105,65.1432879523879,27.4969587973855,87.1827777654221,79.551,23.7878208335351,97.9135421057834
CHL,2014,23.0317537681692,3.52,27.0,23.4897141198213,1946.21181666587,18.0003149864236,13285.9540361192,28.9028670653185,65.6346281218887,25.1580934170755,87.3133701497978,79.714,24.0860324163393,98.0228724170245
CHL,2015,24.2782298076617,3.52,25.1,23.7245368895995,1968.30286182049,17.5651877090955,13433.9202987032,27.8806404106495,59.3491104775309,25.5994379460368,87.4653320342387,80.008,24.333348398175,98.1315104153015
CHL,2016,24.2218424802596,3.68,24.6,23.8708420449261,2070.46958170364,17.0258627541733,13505.097711133,26.7795650481896,56.0578610877723,23.7087902931288,87.6306290578181,80.295,24.6093854617587,98.240006839884
CHL,2017,23.4116041349236,3.68,24.1,24.0364518962995,2065.97571745805,16.5754635041584,13473.3458532934,27.3811560671383,56.0261589675707,22.6366699629063,87.8000295757281,80.61,25.002288872834,98.3483784150021
CHL,2018,23.0512130318909,3.61,25.5,24.2020617476728,2067.9764736837,16.0160767248496,13763.0068844795,27.8615227739821,58.177050633437,24.203078424347,87.9620493753008,80.559,25.4526848895971,98.4565155199366
CHL,2019,22.7323927701622,3.79,25.3,24.3497974857398,2154.35451877758,15.435346965027,13630.5935435578,27.1184422429165,57.6117545680829,24.9390098912825,88.1273685623538,80.324,25.84400416762,98.5642151245882
CHL,2020,23.2750668049145,3.68,26.7,24.5152454733888,1946.16760616995,14.9026289456383,12679.024004022,29.8295676046618,58.1828635629748,21.0582071011998,88.2953490438375,79.349,26.0767352343796,98.671391193466
CHN,2008,48.6560235019206,9.21,14.1,20.8653616938384,1629.97754209383,56.2006719746855,4811.47471804961,46.2364191302482,56.7111330003209,41.9607249432501,46.9895057678223,74.833,141.097705219827,86.9310466925724
CHN,2009,47.7093306057335,8.98,13.4,21.1168450517356,1728.61645229501,56.2639250438662,5237.76666540352,45.1788587231356,44.4197644331119,44.9282638913962,48.3417053222656,75.317,141.801244134798,87.6756600660426
CHN,2010,47.4765519945183,8.96,12.3,21.3683288541342,1899.79996108685,56.1834730812931,5764.86534987407,45.7066207106778,49.8540722338977,46.1023443345586,49.2340270628041,75.668,142.487743405,88.3938119002149
CHN,2011,51.34994369566,8.78,11.3,21.574627370433,2027.46525356855,56.1036602181182,6275.90956436258,45.8002054108107,49.9458272253643,46.2703012824496,51.8300285339355,75.889,143.268509836432,89.0737896182727
CHN,2012,48.1207251131123,8.43,11.5,21.7809258867318,2085.21872095825,56.0235278052443,6723.19443752823,44.6820698165478,47.4802130784317,45.8169211701107,53.1003112792969,76.2,144.243669001474,89.7224776817502
CHN,2013,58.4662215596184,8.08,11.5,21.9872244030306,2137.32572690907,55.9433953923703,7198.06876478162,43.3938707801605,45.9160413795571,45.9224093546636,54.4900016784668,76.452,145.207643927049,90.3447948783421
CHN,2014,54.5688342973092,7.71,11.9,22.1935229193294,2177.55011435267,55.8632629794963,7686.57792954381,42.2827157791092,44.0684564812532,45.3115352657107,55.7502555847168,76.714,146.125816729087,90.9415850511528
CHN,2015,50.832537964484,7.24,12.2,22.3998214356282,2175.1544486832,55.7831305666223,8175.33285077393,40.0475902161032,38.6971848362625,42.7349872564364,57.3297843933105,76.975,146.977949259981,91.5125864728114
CHN,2016,46.8324682508133,6.74,12.6,22.6305120997506,2149.2047500244,55.7030573453299,8679.37704460133,38.811156093921,36.177170692978,42.1386166189127,58.8399238586426,77.214,147.822641376791,92.0580332231986
CHN,2017,45.8369336166997,6.54,13.1,22.8306567492632,2215.91139022057,55.6228503623161,9221.51403820573,39.129944350895,36.95085261586,42.5497375507577,60.2402687072754,77.235,148.720043543977,92.577308673558
CHN,2018,40.2663875187565,6.42,13.5,23.0309079153534,2310.87757050979,55.54274989588,9798.6528523316,38.9777001747097,36.8943843914718,43.313827489682,61.5001983642578,77.709,149.417194545073,93.068663255545
CHN,2019,37.5475753654351,6.33,14.3,23.2311590814436,2397.96868908473,55.462649429444,10356.4804194995,37.7642333162735,35.1994202738836,42.6695374085222,62.7099151611328,77.94,149.948179684945,93.5326999183951
CHN,2020,34.8105237153218,6.4,14.9,23.4313037309562,2465.96954605987,55.4526368711394,10573.6420059282,36.9115624066306,34.0389507864581,42.5723735094229,63.5234230266258,78.019,150.305542803154,93.9705270769772
CIV,2008,43.2650342152048,5.9,74.2,13.180358490566,475.685968287363,65.7955125786164,1454.62731800082,17.4088361491375,61.9406212969499,18.1800206859596,46.3620274395029,54.179,67.6554685534591,71.8031717766337
CIV,2009,42.0688429691795,5.24,73.7,12.8253679245283,426.33967683994,65.6981257861635,1473.9183699329,18.0163071461274,66.6729037469185,14.7435495856944,46.7979596502274,54.744,69.1759119496855,72.1658002425728
CIV,2010,41.595297944419,4.55,75.4,12.4703773584906,369.59298919728,65.7358081761006,1540.52927270246,15.9765793754723,67.472940081257,21.6810545298756,47.2374301523201,55.282,70.7171855345912,72.5255308385242
CIV,2011,49.5497020681304,5.45,79.1,12.1153899371069,412.202996239574,66.200179245283,1426.46463864534,16.7624007263304,64.7159030611345,16.5937189121478,47.6797551269623,55.972,72.2704402515723,72.8823142494903
CIV,2012,51.355889030092,5.39,74.9,11.7604025157233,442.184553267778,68.963858490566,1503.43433046682,17.7324551897287,70.3010893191249,20.4508171031026,48.1242507553354,56.57,73.7958427672956,73.2358134121721
CIV,2013,40.0659563695022,5.07,72.2,11.4054150943396,446.309801337907,70.8868805031447,1632.32712787006,18.9795295741683,58.3526792527234,22.9098013286147,48.5702332186208,57.057,75.2823113207547,73.5860051813631
CIV,2014,38.9323349133904,4.7,71.9,11.050427672956,438.71877312695,72.5917201257862,1742.53693001178,19.8455486242141,53.6804175610344,22.6204558252908,49.0173144557368,57.772,77.1301729559748,73.932866465233
CIV,2015,61.954609777616,3.89,64.5,10.6954402515723,383.892794978009,76.9368119496855,1814.71855088017,20.1215578301808,52.7153604615931,23.3881494701744,49.4694894689553,58.281,79.3910125786164,74.2789991723986
CIV,2016,55.6539855341019,3.81,64.0,10.3404402515723,391.655583364613,75.4266364779874,1889.27777949938,20.820713814142,47.5663138935656,23.1954091913848,49.929991034032,58.814,81.7276886792453,74.623678155198
CIV,2017,50.6654421695962,3.66,62.5,9.98544025157233,392.585250514189,77.7044808176101,1972.81431788947,19.8085626532407,48.6596050387177,20.8188163794498,50.3977309654344,59.315,84.0672075471698,74.9670485097416
CIV,2018,50.8958061004876,3.27,60.5,9.63044025157233,358.541401840133,81.3420738993711,2013.32307598499,19.1116818893978,46.040028237159,22.2527904990641,50.8718477756395,59.795,86.3653238993711,75.3089683562102
CIV,2019,44.3324266688486,3.2,61.1,9.27547169811321,364.149863069511,81.5248,2093.09994335779,21.6420400540965,44.6604105830795,21.9899384954404,51.3514799771241,60.274,88.6572610062893,75.6490184756229
CIV,2020,49.4977827339493,3.3,61.8,8.92047169811321,375.317183892023,82.6258229559748,2055.08483996432,20.7022034045474,41.9426318190526,21.7428934104601,51.8357660823651,60.14,90.9290849056604,75.9870680852305
CMR,2008,39.4591797131676,4.33,80.8,44.5090689852129,345.872865150161,19.5955236825961,1295.02211276052,27.6000470998579,56.9244171562734,19.7540543269388,50.0858325268669,56.116,39.2927080027924,62.0739139861275
CMR,2009,39.2672384154914,4.56,79.2,44.3616191745468,363.548840943917,19.7012967781515,1290.89961351149,26.5112531811637,42.1761073594765,18.5596853746796,50.4714131335678,56.486,40.4348839669142,62.7730584341751
CMR,2010,39.0423790568413,4.47,78.7,44.2141693638806,356.141255871575,20.5199805377504,1290.9013745759,25.8445117305141,47.2385853965951,18.2284440377378,50.8505075371362,56.965,41.607044488164,63.4545114882578
CMR,2011,38.5923305752451,4.53,78.6,44.0957034968585,363.1696926603,20.6257536333058,1297.3064962694,25.7767597299444,51.521987603918,18.732400822037,51.2229843034125,57.482,42.8006684859639,64.1180510058743
CMR,2012,41.8537414482327,4.53,78.6,43.9772376298365,368.67461829541,20.6257536333058,1319.66961634054,26.624872181086,50.0360127271229,18.0007381699582,51.5887119982861,58.17,44.0217659876034,64.7638368158669
CMR,2013,37.1006966036381,4.51,77.7,43.8587717628144,375.371615915553,20.6257536333058,1347.2130636706,26.7419459294765,49.6745363462134,18.6515459692181,51.9475591877024,58.73,45.2759112352182,65.3916897275554
CMR,2014,37.009069026736,4.63,76.9,43.7403058957923,395.092656580176,20.6257536333058,1381.81938454907,25.7078027839026,50.8323893087648,19.7278343398902,52.2993944376709,59.13,46.6668634046244,66.0018143956848
CMR,2015,51.9499452409616,4.61,78.1,43.6218400287703,402.983607731397,20.6257536333058,1415.00009710569,25.0914880063978,45.5401468279393,18.2498554883353,52.6440863142742,59.687,48.1551352837892,66.594406364624
CMR,2016,44.7692534342126,4.52,78.8,43.5033741617482,400.082970120892,20.6257536333058,1435.61830727839,24.1821445706245,40.6386315268268,19.8180548448427,52.9815033836792,60.293,49.6163842525015,67.1696687119462
CMR,2017,43.2149077099804,4.41,79.2,43.3849082947262,392.776292653391,20.6701480823338,1444.90682916573,24.2621952863109,39.1990216052629,19.4451374024879,53.3115142121504,60.817,51.0431363838294,67.7271653530667
CMR,2018,40.8875596706757,4.35,78.7,43.2664424277041,392.392157002433,20.7145425313617,1461.01969999317,24.6822312095632,40.587602877028,19.5380296351056,53.6339873660653,61.189,52.4769583888642,68.2677705308144
CMR,2019,40.7355761870464,4.27,78.9,43.147976560682,387.419411707774,20.7589369803897,1470.31785276187,23.826878053897,43.3785132480415,18.9346454960496,53.9487914119331,61.695,53.9571724736096,68.7910816912942
CMR,2020,39.8126251004519,4.36,78.9,43.02951069366,386.883842275205,20.8033316409638,1434.51913723409,23.0380654380784,33.7388313623871,17.6605439792144,54.2557949164174,61.674,55.4474371178947,69.29764588045
COD,2008,26.2893989003023,14.34,97.0,61.0992258662138,288.80618607177,11.3363181226704,393.331182464822,32.9518891770136,72.9527093196566,19.1942664559253,38.5997245210844,55.388,28.4028424604662,37.0934309203905
COD,2009,26.1056837144972,14.69,97.0,60.8023643060365,288.416335052288,11.8599060453012,383.515898271062,35.9314571550511,63.0860045505312,18.3539612035209,38.9962670496049,55.798,29.2944769634547,37.0040705646358
COD,2010,26.029435218018,14.13,96.8,60.5055027458592,289.77384157959,12.5400851326614,400.619567973092,29.1029769216412,80.9975153909582,24.0289275977627,39.391363708294,56.411,30.2432844445425,36.9070813122382
COD,2011,26.6005338893647,13.93,96.2,60.0196837299574,297.445424445388,13.0724950927417,417.130434045991,38.636424619178,83.4133637998303,25.2869778606739,39.7849692825859,56.911,31.2517637458371,36.8033581567191
COD,2012,26.7077484248202,15.84,95.5,59.5338647140557,355.439956409565,13.6238724333385,438.406058243633,39.1726260796598,66.7056747465748,26.1121884425366,40.1770385579151,57.35,32.3127491674202,36.691850585446
COD,2013,26.1166767334607,15.19,93.9,59.048045698154,357.441615003334,13.8638318519662,464.526715460494,39.9816041724909,72.5557545139014,28.101667729394,40.5675263197158,57.795,33.430844048433,36.5724802578576
COD,2014,26.9058681895875,14.85,92.9,58.5622266822523,359.366872219799,14.2250942855252,481.830241883776,41.6198309477347,74.1131729382021,31.9941439501849,40.9563873534225,58.236,34.5838168545025,36.4456556153398
COD,2015,28.461870876218,14.11,95.8,58.0764076663505,358.542081264932,14.3137557618932,495.826633014883,40.537636098592,57.7539236163245,28.2489760430453,41.3435764444694,58.658,35.7449244613043,36.3108122967194
COD,2016,26.7550295099953,14.39,97.0,57.5905868860413,355.065446444122,14.4116803775832,480.461377880475,38.655052456977,68.0083342860132,25.730139110082,41.7290483782911,59.081,37.0333318629938,36.1678765737664
COD,2017,26.8446579950641,13.91,96.7,57.1047705167508,342.47376862199,14.6841490042125,482.854682128541,39.2934247373311,65.9184525277578,27.5611277266771,42.1127579403217,59.495,38.4126499194989,36.016305001478
COD,2018,26.7227743114458,13.48,96.4,56.6189541474604,339.760214710945,14.8275512229549,495.312105711027,38.2165467089592,72.5591739081336,28.6743449237541,42.4946599159958,59.926,39.7201843805827,35.8564891827066
COD,2019,26.3379328931586,13.11,96.3,56.1333009858627,334.541728823177,14.9255199488322,482.524295129472,34.4712510908167,60.9143523742792,22.3026244777218,42.8747090907476,60.242,40.9992907081891,35.6878940308452
COD,2020,26.6494833206385,13.1,96.2,55.6472067223925,372.066377241717,14.9434286848548,470.852950000929,35.1616850161085,61.0284707727916,21.848825739462,43.2528602500115,60.428,42.3413678569066,35.5104494105668
COG,2008,27.474558875272,3.09,56.8,64.7115666178624,327.786840368286,30.8930483162518,2061.55829880574,63.9419789342891,133.108486659608,42.0714121709361,62.0354815675203,60.79,12.0454377745242,64.3791200953514
COG,2009,27.1705527263541,3.16,55.9,64.6764275256223,359.405355169563,30.9318155197657,2211.31572382028,55.6979481298564,135.552365681975,54.295110833528,62.2172294650265,61.215,12.5365124450952,65.3159834381157
COG,2010,27.0414660021696,3.13,54.5,64.6412884333821,375.619909098947,30.9675080527086,2332.28508055953,66.1791697837805,124.064754399607,47.1901706659231,62.3922871058739,61.731,13.0667349926794,66.2515975807208
COG,2011,27.8579991372168,4.08,64.3,64.606149341142,484.212624823738,31.0296193265007,2307.49384399715,65.8738951997526,124.591742710141,36.8419012310002,62.5597508130231,62.286,13.4984597364568,67.1844431261946
COG,2012,28.5447582283734,4.25,65.1,64.5710102489019,539.866446808636,31.045411420205,2467.06102906839,65.3102191154701,97.444435145443,43.8168282700271,62.7187169094345,62.662,13.8812591508053,68.1146295030684
COG,2013,28.1202914351675,4.51,62.3,64.5358711566618,553.991199731793,31.1297335285505,2390.65754938662,61.989308125115,93.0028633915235,47.0644823800022,62.8682817180686,62.969,14.2228374816984,69.0417229915666
COG,2014,27.8059959217622,4.18,62.1,64.5007320644217,535.524998656392,31.1315256222548,2488.68118548992,58.0014155398265,104.197620103417,52.8446172450901,63.0075415618859,63.349,14.5706588579795,69.9648050667042
COG,2015,30.5591063026375,4.58,64.2,64.4655929721816,552.356622008088,31.1081434846266,2439.35189403696,48.6789561936062,117.320721558581,76.7823246780685,63.135592763847,63.662,14.9270307467057,70.8834804766701
COG,2016,28.2160787153425,5.02,67.7,64.4304538799414,561.321718306384,31.1140761346999,2174.19310251224,38.4474514101503,122.259818284021,71.266855758205,63.2515316469123,63.911,15.2929311859444,71.7973477617
COG,2017,28.5831067984323,5.32,69.8,64.3953147877013,548.018753920295,31.1174758418741,2003.27121075187,45.9671895089887,94.6170952583422,45.8944862253605,63.3544545340423,64.203,15.6691390922401,72.7060273572944
COG,2018,27.9644662335483,5.62,70.6,64.3513909224012,552.165155128985,31.1317628111274,1909.9560382117,54.391991835456,100.583216779714,29.5270088622039,63.4434577481975,64.472,16.0559824304539,72.9020532045187
COG,2019,28.7484172141318,6.01,69.8,64.307467057101,582.586127914209,31.20878477306,1885.51080877731,50.1286715725578,91.5757547930374,25.9000965433665,63.5176376123385,63.152,16.4470307467057,73.0980812765278
COG,2020,28.5737499496554,6.61,71.4,64.2635431918009,586.736109679603,31.1645680819912,1725.51040049963,33.9517597969829,69.3066247188397,23.7315670324983,63.5760904494257,64.391,16.845654465593,73.2936799973637
COL,2008,19.6051288373421,2.47,30.8,55.1539720594863,691.923098284556,38.408292023434,5048.57187245249,32.1310911250351,39.1676494164355,23.7209214485662,76.4596761810047,74.206,39.4401153672826,93.314014699102
COL,2009,19.284699802258,2.54,31.4,54.9802262280306,714.941179061526,38.3415953132041,5046.97121757727,31.2470343359106,35.1561285074585,21.9875830884376,76.5964145836792,74.531,39.9022451554754,93.5897587496726
COL,2010,19.1642899222037,2.39,30.6,54.806480396575,700.696762170174,38.3082469580892,5214.24547620131,31.3713561004301,34.2646031687681,21.8887622688674,76.7232975672119,74.876,40.3581063542136,93.860299409895
COL,2011,20.5518377125816,2.29,29.6,54.6851410545291,710.261245359868,37.603424966201,5517.1011086899,33.3021551703249,39.4704235545367,22.9955914400596,76.839003613206,75.18,40.7928021631365,94.125708214804
COL,2012,18.1430860286647,2.13,29.6,54.5638017124831,681.235570018512,38.411536728256,5675.75617978305,33.4055006173979,38.835151018669,22.1046440622529,76.942211203265,75.611,41.2039747634069,94.3863166731145
COL,2013,18.9282488611578,2.66,32.0,54.4424623704371,881.628352144932,40.392609283461,5910.80592301166,32.7475552904174,37.9866487978457,22.1825448506007,77.0315988189922,75.834,41.5967408742677,94.6419721075512
COL,2014,18.33821147907,2.58,32.1,54.3211230283912,885.243525415168,40.3785488958991,6121.83982019825,30.9858527230854,37.4874656411103,24.0033136584861,77.1058449419909,75.95,41.969742226228,94.8927542496252
COL,2015,17.6079787372288,2.53,31.1,54.1997836863452,887.262025874734,40.3644885083371,6248.51490534512,28.5894478881361,38.3607641184453,23.7736922946916,77.1636280538646,76.067,42.3343307796305,95.1389846235131
COL,2016,17.312215487627,2.57,30.5,54.0419017575485,910.977529760876,40.3504281207751,6316.07067782542,27.689162311787,36.202652984202,23.1674195572494,77.2036266362166,76.228,42.7557566471383,95.3807152978726
COL,2017,17.2528522521135,2.43,32.2,53.8438666065795,859.140165402896,39.195132942767,6309.67745292518,26.8148589146209,35.2829149424588,21.5993768407696,77.2245191706503,76.418,43.3808724650744,95.6178346039203
COL,2018,16.0492875724803,2.28,30.4,53.6642451554754,816.327425217962,39.7007661108607,6353.5464285392,26.8954667535946,36.5347527968973,21.1954755611258,77.2804816598084,76.579,44.1860883280757,95.8504284105736
COL,2019,14.5158658042874,2.42,31.5,53.4846327174403,889.78306823908,39.9765660207301,6439.96359812647,25.993426836769,37.558533980839,21.3806095458027,77.4595528518377,76.793,44.9824109959441,96.0785830726848
COL,2020,14.1832514905064,2.44,32.0,53.3050112663362,810.052298592826,39.8467278954484,5891.95523215403,23.439238595813,34.0555709680101,19.1281469366662,77.6382533537045,74.757,45.6331653898152,96.3025836876793
CRI,2008,18.3142845924477,2.61,40.7,56.177124951038,1006.22785721082,35.1155503329416,10104.9092039691,23.5536024382425,86.4015127113254,24.6107400918404,68.7925833934861,79.18,86.9576184880533,97.4773794147113
CRI,2009,17.8071741996257,2.66,40.7,56.2045045045045,1002.15369604859,35.5660007833921,9883.67567046297,23.5227381446589,69.7593177251535,18.4529135968439,70.1398469456228,79.372,88.1275166470819,97.7577854110193
CRI,2010,17.6032020866019,2.54,40.4,56.231884057971,998.694530541271,35.6247551899726,10285.0856660419,23.3229652114345,67.512089684107,19.8339185211217,71.5081448974915,79.354,89.2276145710928,98.0009426570817
CRI,2011,19.4251836697019,2.45,38.0,56.5524089306698,992.84219730848,35.6247551899726,10612.4694861141,22.5898706745828,68.6391465074016,20.0481795975156,72.8426586679914,79.624,90.2826674500588,98.2283678408566
CRI,2012,17.9369232929949,2.42,38.1,56.8729338033686,1017.65462461791,35.4876615746181,11001.5192856576,22.2048773810709,67.0485392950976,19.8541955079701,73.3895020668217,79.925,91.3422248335292,98.4744866370989
CRI,2013,18.4901589297792,2.49,37.8,57.1934586760674,1060.1064484558,35.2722287504896,11151.1437869768,21.3449724793135,64.0664105879442,19.5904601620008,73.9431776192863,80.189,92.3648061104583,98.7063924008677
CRI,2014,17.5539609994868,2.44,37.6,57.5139835487662,1064.11783400047,34.9588719153937,11422.6735793176,20.6164054191975,65.1912420532368,19.2231532892007,74.4866963181212,80.231,93.3630826478653,98.925021084525
CRI,2015,17.6636155108417,2.29,38.3,57.8345084214649,1024.45144520777,34.4533666274971,11714.7105980732,19.9678784677773,60.753561939521,18.8537264424501,75.0198195767549,80.407,94.360321190756,99.1313622232054
CRI,2016,16.8973562895418,2.17,34.1,58.1551116333725,1001.15093508133,34.1310771641206,12084.4351325634,19.6500112824728,62.1784781768295,18.888940977993,75.5423088085047,79.988,95.3191931061496,99.3263015038118
CRI,2017,17.165875341513,2.04,33.3,58.4757148452801,972.752740541664,33.8087877007442,12468.5654531709,19.3145397059632,65.0719537438815,18.0648742424157,76.0539254265608,79.994,96.2235996866432,99.5106743044316
CRI,2018,15.1307436338713,1.96,33.1,58.7961222091657,950.307226341185,33.7196494320407,12679.5253643016,19.5581432647296,66.945342016636,18.3698605660091,76.5544308439668,80.09,97.0978848413631,99.6853095331448
CRI,2019,13.3766440949763,2.03,33.4,59.1167254210732,996.673606298647,33.6305131218175,12877.650101079,19.2336569312753,65.7605300176622,16.0640851994464,77.0435864735963,80.296,97.9152565609087,99.7975280834127
CRI,2020,14.3075712471404,2.03,36.4,59.4373286329808,948.979659241415,33.541374853114,12242.2098908533,20.3678511278951,60.1398862509533,16.1630546690345,77.5211537281257,79.725,98.5961613787701,99.8105394546059
CUB,2008,18.9580468384187,1.83,18.7,26.6121758737317,951.380570130012,61.6967305524239,6469.08507847668,22.3864961360912,44.917220748508,14.8446789230721,76.365461375763,77.589,106.085700864337,92.8453176917664
CUB,2009,18.9047869404309,1.75,19.0,27.0791055993987,922.433325080438,61.1969184517099,6561.25305093006,22.6047036082474,32.9139819587629,10.9375,76.4930251871133,77.584,106.113481773769,92.9690063115847
CUB,2010,18.9083050915655,1.85,15.6,27.5460353250658,1000.18410148569,60.7027433295753,6716.49048497058,22.8936077602288,40.2919413008332,10.0733739584629,76.6099132468685,77.876,106.138754227734,93.0918301196751
CUB,2011,19.6720738913487,1.74,19.2,27.9086306766608,969.828922638862,59.9627560521415,6902.16397571139,22.258298304102,46.9604290476881,8.47079286853167,76.707663902788,78.051,105.757568101214,93.2137774983012
CUB,2012,19.6276365485068,1.73,19.4,28.4372099128918,989.672645686508,60.062447842924,7109.24834185635,23.3671948701822,45.8662036340766,8.57521773013768,76.7776920066844,78.162,105.984819360707,93.3348598456684
CUB,2013,19.9113493948996,1.6,18.2,29.5835732105162,939.539657450213,60.8549222797927,7307.82004410741,23.150308497952,44.3238969253902,9.39363301705812,76.81640625,78.028,108.40689886778,93.4501274945212
CUB,2014,20.762060268269,1.61,23.2,30.1249759661604,957.502047515328,60.3622380311479,7392.48324633027,22.1520752925073,39.2741528539069,7.6113275995244,76.8442459106445,77.825,108.496202653336,93.5636719296171
CUB,2015,21.4005165459257,1.57,21.1,30.5859750240154,977.911020303909,59.9452449567723,7727.91997207998,22.3538093576701,31.6138124793419,9.38923115061148,76.8702850341797,77.745,108.309942363112,93.6769409300078
CUB,2016,19.7476038869862,1.54,19.2,31.1514801999231,960.436964626777,59.8490965013456,7774.0698462623,22.9428012655288,27.2691132420785,9.56020685555022,76.9115829467773,77.571,108.2815455594,93.789720928695
CUB,2017,20.1327865141339,1.45,22.0,31.233140655106,923.435423623599,60.6936416184971,7927.27769431767,24.3566251471414,26.2224363787618,10.2982486239326,76.9603271484375,77.3,108.360587668593,93.9033102492432
CUB,2018,20.9153664764928,1.35,24.0,31.233140655106,879.967792727537,60.6936416184971,8120.43123558256,24.8779064658428,27.0835484486147,12.0335788664448,77.0156326293945,77.426,108.16105973025,94.0175439331674
CUB,2019,20.3431122356184,1.27,23.1,31.233140655106,865.534592725481,61.6666666666667,8124.75282059108,24.5495399680549,22.8208911354416,11.494997466827,77.0728225708008,77.413,107.927225433526,94.1321684364764
CUB,2020,21.2367242811561,1.4,24.5,31.233140655106,854.374889761112,61.6666666666667,7252.28811179844,23.0186675609211,15.6829868097474,9.87499068484984,77.1080322265625,77.407,107.672003853565,94.3125042863125
CZE,2008,21.402710346385,5.26,9.0,34.35217503884,4360.02770432797,46.2404194717763,17190.6470333289,33.6216094655094,123.904809929948,30.9994095449633,73.4655517409377,76.9756097560976,134.445921802175,98.2381464447503
CZE,2009,21.0536085197657,5.19,10.2,34.3781848783014,4077.69663054804,45.907172449508,16272.8084766719,32.9918730301951,113.049254784875,26.3978882297703,73.4084890302159,77.0780487804878,135.214085965821,98.2763785982176
CZE,2010,20.907069022985,5.37,10.9,34.4086494885407,4308.57118358445,45.6289006862618,16665.9317825137,32.7825374564339,126.756480116798,26.7312876523202,73.3495599222723,77.4243902439025,135.626181535673,98.314633387884
CZE,2011,21.0141184753393,5.08,12.2,34.4371617247184,4144.39895277279,45.3714877638224,16926.2846674435,33.3153047782183,136.750855542438,26.6053370220652,73.2878338394746,77.8731707317073,135.90687556649,98.352878485221
CZE,2012,19.2882808825023,5.09,12.8,34.465673960896,4109.54462324211,45.6544089084553,16772.3539223328,32.6118775656289,145.480195396935,25.6688421143623,73.2249239592898,78.0756097560976,136.097177262722,98.3922881866856
CZE,2013,18.9336384922511,5.09,13.9,34.4986531986532,4110.99172821634,45.5969955969956,16759.7808635642,32.3750644937133,145.502230624961,24.3768606031502,73.1622186934979,78.1756097560976,136.159958559959,98.5339609286439
CZE,2014,18.3617483140192,4.83,14.8,34.5271691271691,3984.15406100189,45.5322455322455,17118.0425571578,33.5256056944841,156.415122826886,25.3494353917128,73.0995921041469,78.8243902439024,136.30337995338,98.7302061350028
CZE,2015,17.8128111083862,4.59,14.8,34.5601606009584,3982.18836315647,45.2532055433234,17931.5987670768,33.515061761941,154.018400997633,26.9686249210792,73.0370442874355,78.5780487804878,136.589288952208,98.7304761661286
CZE,2016,16.9928991704268,4.43,14.8,34.579070068644,3927.72515918366,45.17549540215,18359.0978103904,33.0261220764687,148.547004664435,25.0750046974725,72.9745753395623,79.0268292682927,136.851858567543,98.7307511669182
CZE,2017,16.9432784272519,4.39,14.5,34.6025126278979,4089.51341285553,45.6029011786038,19257.6930680911,32.2345069182507,147.750834854762,25.0897410946251,72.9121853567256,78.9780487804878,137.21587877218,98.7310570576695
CZE,2018,17.3467438168398,4.26,14.7,34.6259551871519,4081.41868670154,45.628804558995,19736.6295261285,31.2449402120943,145.141717890789,25.6426079021172,72.8498744351241,79.0292682926829,137.675534257221,98.7313948988611
CZE,2019,14.2336874017967,4.07,15.9,34.6514173213048,4002.2461173426,45.6399997409511,20360.0599221814,30.8172927602906,138.154609993871,26.171850655873,72.7876426709563,79.2292682926829,138.226810266108,98.731767831264
CZE,2020,14.1110711384133,4.06,17.0,34.6779919254939,3764.47161158552,45.6468665918898,19233.1469549829,29.6728490106408,128.780430305965,24.7302051809802,72.7254901604208,78.2268292682927,138.575928842168,98.7321788477487
DEU,2008,16.3766553966518,3.57,10.2,32.6936867165763,4081.87998694017,48.5356968706078,39009.8477636357,26.0432629920287,76.1131665945746,20.8867329914107,80.2459549084581,79.7365853658537,235.522178240542,100.0
DEU,2009,16.3143551208868,3.53,10.7,32.7113393190098,3821.62500577239,48.4380826711798,36940.4078672661,23.8380974911486,66.1391275757126,18.0064315128089,80.2745192417062,79.8365853658537,234.939637417171,100.0
DEU,2010,16.201690204245,3.57,11.6,32.7308718478354,4029.83085754355,47.9100324181656,38526.7371042695,26.0371435344861,73.8852351200263,19.5310600093299,80.305702559949,79.9878048780488,234.606908225034,99.9999997873648
DEU,2011,15.7161711583543,3.26,12.5,32.7375487720909,3891.87175356307,47.9659169153087,40722.4849268242,26.2795286339924,78.433002901442,21.2669872693317,80.3405762928198,80.4365853658537,230.304633348634,100.0
DEU,2012,13.9078592571706,3.27,13.6,32.7451655477133,3913.43920397127,47.8108681930338,40834.5088218456,26.5450401531822,79.3316495670315,19.4724714926695,80.393447520218,80.5390243902439,230.750625466231,99.9999983586453
DEU,2013,13.6633968189434,3.32,13.6,32.7189864709929,3986.18505186393,47.8588626461821,40884.8926759028,25.8779408891742,77.5860288576931,19.7883815690324,80.4732318400362,80.490243902439,231.155712565925,100.0
DEU,2014,12.2822480920893,3.11,14.0,32.7228432215535,3794.44720253102,47.9363714531384,41602.4661281668,25.9859539549736,76.8483516336234,20.139488753447,80.57574023743,81.090243902439,232.108053883634,100.0
DEU,2015,12.8253525089793,3.08,14.6,32.7323281545606,3780.85027551891,47.9590666743106,41929.7549110722,25.8737038512745,77.7565815686922,19.4978020945699,80.6974371632814,80.6414634146341,234.152986871524,100.0
DEU,2016,11.7806958987308,3.02,14.2,32.685482024273,3765.21799936242,47.6843370735058,42516.9337063103,26.1732405694774,76.0059902166055,19.7122567843741,80.8347870684725,80.990243902439,235.712929356538,99.9999994713636
DEU,2017,11.8978451129639,2.95,15.2,32.6845464693591,3763.19404182465,47.7631164667831,43543.4807050551,25.9754703565139,77.4548394742448,20.6909762954118,80.9842544038853,80.9926829268293,236.588722557747,100.0
DEU,2018,11.6526030992972,2.85,16.0,32.6836109680005,3659.22924485198,47.6415364359723,43905.8550061973,25.8506477811784,79.1252260463654,21.6503641494105,81.1423036204018,80.8926829268293,237.294012250272,100.0
DEU,2019,10.6378495266542,2.76,17.1,32.6826755201923,3570.88159282488,47.7002776267209,44235.2658954682,25.5415743169893,79.0732427175683,21.381259046499,81.3053991689039,81.2926829268293,237.822954291766,99.9999994577197
DEU,2020,10.2876894329414,2.69,18.5,32.6826755201923,3349.19931383762,47.4970663155786,42372.8726784255,25.2353421894561,72.9335327120137,21.7290304632077,81.4700055002738,81.0414634146342,238.017318755545,99.9999988416059
DNK,2008,13.3353192238882,2.76,18.5,14.5878,3502.69455323849,66.7,53572.5346568185,22.6089943597854,104.470310168489,24.0357328016323,86.583137512207,78.4463414634146,137.340525,99.9999973602883
DNK,2009,13.1551691176237,2.8,19.3,14.625025,3359.26672454922,65.85,50635.9118061988,19.8459601671915,89.3948566562728,19.0326255602397,86.7617653139929,78.5975609756098,138.077375,99.9999973124597
DNK,2010,13.0860050201498,2.87,21.2,14.66225,3498.02225565498,65.65,51209.4492757775,19.3679354644121,94.3877282319057,17.8221551141916,86.8652420043945,79.1,138.692075,99.9999962682703
DNK,2011,13.3556789508458,2.62,23.8,14.8532,3218.55317400981,67.25,51667.5313210425,19.8459237938884,102.012930474308,18.9874945831856,87.1567653955846,79.8,139.2643,99.9999977912366
DNK,2012,10.811456086122,2.5,26.9,15.04415,3072.08722081193,65.6,51470.689845427,19.8506421545794,104.362280505171,19.2269717517509,87.2336196899414,80.0512195121951,139.7893,100.0
DNK,2013,10.3963287855885,2.49,27.0,15.2351,3075.55142847176,65.7,51970.3909324806,19.734359858156,103.612813249189,19.3525146403367,87.5436524760432,80.3,140.3733,99.9999990521906
DNK,2014,10.8104890765495,2.31,30.2,15.42605,2881.05250715935,66.315775,52368.3625969272,19.4044479337978,103.210859225139,20.1482030437865,87.6823985731907,80.7,141.086875,100.0
DNK,2015,10.2267270069046,2.25,32.5,15.617,2847.9879109495,65.847475,53094.0133607574,19.5644428511085,105.130362453899,20.5435311718122,87.7254056577329,80.7024390243902,142.087075,100.0
DNK,2016,9.23431703209402,2.23,32.0,15.6165,2891.02688317679,65.6275,54300.2039621991,20.2319629319966,101.452783808643,21.680712423112,87.6999969482422,80.8536585365854,143.20025,99.9999998039442
DNK,2017,10.0945595167367,2.18,35.0,15.64,2896.57067618882,65.7825,55601.0145717787,20.4236252284711,104.215676920442,21.9568242214893,88.0161943799509,81.1024390243903,144.1245,100.0
DNK,2018,10.3539340590391,2.13,34.6,15.664,2870.41628591658,65.8125,56355.0733084714,20.5755636281273,108.813985501909,22.5323146804877,88.1059762310689,80.9536585365854,144.8409,100.0
DNK,2019,9.61197285377196,2.03,37.2,15.6875,2757.24986480703,65.649125,57114.6227336347,20.6402200527554,111.891475065653,21.8859998750194,88.2096490810669,81.4512195121951,145.36055,99.9999975731289
DNK,2020,9.06983927345931,1.99,39.5,15.711,2637.04300572344,65.499675,55934.5555945523,19.5550544065806,104.433432671151,22.7626532555055,88.2394485473632,81.6024390243903,145.7851,100.0
DOM,2008,17.7216483065249,2.73,17.7,42.4961705651004,772.574772036856,46.9829931691161,5308.92664966814,29.3755031583439,61.4285058325394,29.8982115807869,72.4865154265802,71.331,198.160422272821,94.0226829898878
DOM,2009,17.6094522417012,2.64,17.3,42.7045125232871,743.587387722268,48.1226019457669,5294.64953374426,27.3561708818325,50.6509376792025,23.3722106355299,73.5894974865426,71.587,200.688573794245,94.3479459728681
DOM,2010,17.5360829581378,2.57,16.9,42.9128544814738,773.404254862996,47.5629331401366,5666.45633430206,27.2729956898842,56.0573964175321,26.0714218346178,74.1642773174177,72.039,203.274166839164,94.6571919447174
DOM,2011,17.4713311482988,2.54,16.8,43.0392465328089,780.082749539865,48.0161270958394,5773.57403459156,27.543253721519,59.0692578401698,24.6033236905519,74.2440389501301,72.496,205.870854895467,94.9411577041221
DOM,2012,17.6468205135185,2.54,16.5,43.1656385841441,791.42994660033,47.674021941627,5860.29893321013,27.3630347889582,58.5062536731089,23.7525597160893,74.2398679969568,72.817,208.453963982612,95.2053026765105
DOM,2013,17.6634551412186,2.36,16.6,43.2920306354792,762.355920346053,50.0752101014283,6075.03399972737,28.042816852784,56.8137658014945,22.1057612783667,74.2251359951216,73.038,211.008755951149,95.4569183357095
DOM,2014,18.9396637119659,2.19,17.3,43.4184226868143,745.786212900828,50.2703291244049,6430.27811051339,28.3860007406051,55.6601041506633,22.3946076084169,74.1931533822153,73.145,213.527799627406,95.6965659361733
DOM,2015,19.9571847572804,2.21,14.9,43.5448147381494,797.923170664734,50.0964851997516,6800.95309395474,26.9345632876959,52.3471238667007,22.6506907232187,74.1372305958285,72.982,215.997288346098,95.9246900261845
DOM,2016,19.2491722418682,2.21,15.3,43.7122748913268,842.638249219176,51.825944938936,7177.75376475488,25.8795514870557,51.7306571245477,22.1728652705364,74.0506780735522,72.889,218.410888014904,96.1415849688893
DOM,2017,19.1203299259262,2.09,16.9,43.8797350445042,824.396571608205,52.3864086110536,7379.39978067137,25.7840049829017,50.7595355508472,21.1809206285418,73.926806252977,73.37,220.799896501759,96.3474703370499
DOM,2018,19.5892802619564,2.06,15.9,44.0471951976816,860.8644315883,53.3660298074933,7818.70593240469,26.9196437003489,52.3351709577013,25.2022908220767,73.7589255716938,73.555,223.18470296005,96.5419932414165
DOM,2019,19.4968181870994,2.16,14.4,44.3173806724841,938.583494670767,53.7012184317945,8117.04639185786,27.3564369481505,50.912982200697,25.2348623794613,73.5403464672933,73.112,226.026774543851,96.7258902380545
DOM,2020,19.8267440369685,2.11,16.0,44.4852298911864,842.611820450654,52.3243921638275,7395.8734262396,28.8243175766758,44.7331613466756,24.879515915457,73.2643793773663,72.636,228.397349102723,96.8998955257888
DZA,2008,25.4799096142764,4.24,0.3,0.776827025619925,1070.72807038599,17.344042590711,4367.56538017541,51.6161712058703,71.0284922505261,35.5369334164485,65.901485871159,73.618,14.6182878903659,90.3361987493803
DZA,2009,24.9720395477565,4.56,0.3,0.791060317247055,1147.30600554253,17.3738527295171,4336.10054052949,42.0128802106709,64.2847547238993,46.0669131037696,66.5097384559521,73.871,14.901057630136,90.4918619672067
DZA,2010,24.3952993862667,4.49,0.3,0.805293608874184,1151.13889665565,17.3713335628574,4456.6102741643,45.2431946364671,63.4912159928425,43.2868274827225,67.1235057867459,74.144,15.1940329339055,90.6443416237761
DZA,2011,23.5721077905837,4.54,0.2,0.808484553309765,1174.26806450034,17.3772116183966,4501.3543013352,44.9869856015855,62.2200899610479,39.7538222142123,67.7344007507578,74.383,15.4942924080714,90.7933523397582
DZA,2012,24.3968164333132,4.81,0.2,0.811675497745346,1258.83718458975,17.381490003107,4518.43978956464,43.1950549091774,60.7576393340605,40.2823786992933,68.3421258553675,74.609,15.8061610419273,90.9547062510195
DZA,2013,22.3802640164928,4.84,0.1,0.814866442180927,1273.72242693806,17.3955322579291,4543.23444006767,39.7438543670176,59.151008157244,44.5820108403061,68.9463836079277,74.809,16.1286164736705,91.1128578356774
DZA,2014,24.111122951181,5.09,0.1,0.818057386616507,1358.04787814425,17.3952656461243,4634.10149179952,38.5614138325673,56.9235419669867,46.8984793363791,69.5468765157615,74.992,16.4606678310815,91.268060653484
DZA,2015,25.6188658260447,5.14,0.1,0.821247986241997,1414.49702064392,17.4059228102468,4685.05902729002,32.7565009315894,53.2046225904145,51.779612559441,70.1433070861612,75.159,16.8026368106356,91.4201507009501
DZA,2016,25.5531525527547,4.94,0.1,0.821247986241997,1371.20207705232,17.3655321884285,4768.73140081027,32.205164049828,49.7609327925216,51.6415142855742,70.7353778263851,75.31,17.1516218598076,91.56940001457
DZA,2017,24.7521457818965,5.01,0.1,0.815789794104397,1380.3468180174,17.3550108093197,4742.90075532529,33.4766949498416,49.8208161712587,48.2675922575805,71.3227912436551,75.431,17.5037080018356,91.715636706346
DZA,2018,24.9335900639775,5.27,0.2,0.810331601966797,1442.30211193457,17.3565679895505,4717.0035885361,35.3432586054084,52.4361676779223,46.4568594962626,71.905249845153,75.555,17.846203680417,91.859120820781
DZA,2019,24.3886086444981,5.4,0.2,0.814110692183026,1463.50985736009,17.3469816184806,4672.66408678635,33.5743211841578,46.5068426081672,44.6295617875004,72.4824561380175,75.682,18.1776961381175,91.9998016191508
DZA,2020,25.5526558310447,5.4,0.1,0.818309303282474,1373.67832094406,17.3352255074022,4363.68533767783,30.0235803787213,40.3897565625388,42.9493576825015,73.0541126293395,73.257,18.4915612115512,92.1378242692677
ECU,2008,30.8131172297608,3.07,15.3,53.0224351747463,762.824711258849,29.9766468030279,4939.90215021789,38.9201614839835,74.5902963648439,21.5659407925863,62.5395521004212,74.709,58.6857867611532,88.1005318614763
ECU,2009,25.5313901614633,3.39,12.9,52.7396561443067,830.344069134027,30.3366081494605,4909.33681705683,31.0916213331503,57.3473460627608,21.1732351412126,62.6588021150118,74.901,59.6954179416975,88.4054817977882
ECU,2010,21.7286460306471,3.47,11.8,52.456877113867,867.465226710609,30.1888387824126,5022.20374387205,33.9061751825852,65.7773849135062,23.4900158733515,62.7405258611644,75.188,60.7050048316959,88.7072879977884
ECU,2011,19.5919330091265,3.38,13.2,52.2885649863102,891.346717905666,29.5784345305202,5359.45724615639,37.4057005178901,70.0356837525249,23.5320911453288,62.7949053547691,75.179,61.7097237880496,88.9995700135052
ECU,2012,20.8650376880852,3.17,13.2,52.1202528587534,872.14170563726,30.2258817845064,5579.85624282158,37.0917503800762,67.0029290916898,23.0133036457677,62.8408732819135,75.486,62.700088581092,89.2843795348701
ECU,2013,19.8592620729833,3.21,11.8,51.9519407311966,911.670139950059,30.2504429054598,5893.32172683036,36.8322936524171,63.4333003342414,24.8833528938608,62.8837286624122,75.832,63.6460299565147,89.5662908642962
ECU,2014,20.2791788990402,3.38,12.2,51.7836286036399,983.236124319332,22.0446126590433,6055.04172761485,35.7119955282529,61.4263766217565,24.7058907826623,62.9232432195799,76.141,64.5640360766629,89.8451330944318
ECU,2015,20.1729639726852,3.26,13.1,51.6153164760831,936.659126017204,23.3089064261556,5976.1596805651,28.0900423392523,47.8280397077826,22.6864358338097,62.959188676731,76.222,65.4945442100177,90.1212871773867
ECU,2016,20.7399169622061,3.16,14.8,51.3565388951522,885.602158222866,22.2096956031567,5849.13587933672,27.5339637947157,40.5344917996647,20.2460508591084,62.9913367571804,76.094,66.4565107102593,90.3944152289936
ECU,2017,19.2459328647667,3.18,17.0,51.0977613142213,897.948107586853,22.507650185215,6104.27253521751,28.4680086969835,43.6177233172817,22.4803878213361,63.0194591842425,76.22,67.4807497181511,90.6647128570391
ECU,2018,18.386683414634,3.1,16.3,50.8389837332904,869.583266013291,21.9358995007248,6063.0956178776,28.0147488586162,48.0093476154836,22.5404393330524,63.0433276812321,77.248,68.6485223063295,90.9348761697738
ECU,2019,17.769931645036,3.27,17.7,50.5802061523595,903.972772011095,21.4607827347399,5971.38938386723,26.6504631266844,48.0828494933307,21.04923118303,63.0627139714638,77.286,69.8180906748269,91.2046901615957
ECU,2020,16.6570210758922,3.12,20.2,50.3214285714286,785.425200484029,21.8231599291351,5355.68934196443,23.9811344799811,43.9893109378389,17.5849129748726,63.0773897782521,72.004,70.6477089708488,91.4742997917839
EGY,2008,71.6335196352872,3.81,5.9,0.0646481490783063,859.150259001023,3.55818976342358,3052.21297844721,36.2125516471245,71.6806253489671,22.3897264098269,42.9608989120873,68.761,86.2572595308654,98.4275413352809
EGY,2009,75.0515681476511,3.72,5.7,0.0652940881008589,862.435116243687,3.70586167060124,3135.09661303014,35.8164459796584,56.5534446363462,19.1901746305891,42.9383470624904,68.915,87.9015882264303,98.3562103479717
EGY,2010,76.4681376215846,3.51,5.4,0.0659400271234115,838.166707475228,3.68777939625295,3233.84521246786,35.7845184816841,47.9363500745898,19.5010774075916,42.9057175520154,69.078,89.6037691496308,98.2848591599105
EGY,2011,62.0486163821917,3.61,5.4,0.0624802852981064,860.053119855617,3.63654628559948,3222.37650111856,35.9517175990081,45.2556341623514,17.1030559404857,42.8634168470177,69.232,91.5094268923602,98.2135282519016
EGY,2012,61.7247558733889,3.64,5.3,0.0590205434728013,866.240866672303,3.71289366618112,3220.99194203067,39.2513148623634,40.7117692721084,16.0267510598913,42.8118514138525,69.464,93.5868210357125,98.1415728406932
EGY,2013,70.1484599687517,3.43,5.3,0.0555608016474961,825.189960336054,3.74802350695665,3216.3783902629,39.8869544184046,40.373038056332,14.2119974199097,42.7514277188751,69.632,95.7693033301522,98.0695998327114
EGY,2014,66.1214960792046,3.45,5.4,0.052101059822191,832.772090858109,3.73217137977799,3235.66246235257,39.890323943662,36.9201877934272,13.6431924882629,42.6825522284408,69.911,97.9744376914963,97.9975794064633
EGY,2015,67.6489631610219,3.28,5.3,0.0486413179968858,810.817127279737,3.80719985936009,3306.98159414141,36.6302017267482,34.8459429600229,14.2886370146078,42.6056314089048,70.135,100.052581244663,97.9255148711552
EGY,2016,61.4577552982506,3.46,5.1,0.0451855944547692,872.581407763809,3.75083168416294,3381.22246306207,32.4559533476046,30.2465490514505,15.0402303092936,42.5210717266225,70.437,102.109185795369,97.8534422131452
EGY,2017,58.9353384135579,3.48,4.9,0.0451855944547692,897.218073562482,3.85450680596715,3452.90961245539,34.3958677753768,42.8321343581608,18.734101042151,42.4486008687179,70.709,104.170030639409,97.7818611616948
EGY,2018,65.4631301601869,3.27,5.0,0.0451855944547692,870.813573488394,3.88065698930132,3568.63966286161,35.3298750589345,45.9110196733959,20.6249196348206,42.4577177449969,70.974,106.165145411623,97.710814412432
EGY,2019,67.7529020891301,3.1,6.2,0.0451855944547692,844.783013447093,3.93992666633181,3701.2446345188,35.8254244102931,41.1240171551108,20.6540385989993,42.4812027332648,71.213,108.044761665578,97.6403544846485
EGY,2020,54.8587056496436,2.96,6.7,0.0451855944547692,805.259456646637,3.98915063539103,3770.86947867421,32.3694442999707,32.1262555667523,18.8180606572831,42.5181534630674,69.79,109.814781254709,97.5705329201433
ESP,2008,12.9746541971488,3.21,9.7,36.5979510825982,3015.00798974738,56.4194065757819,27112.526293889,26.1869489550822,55.8281315172523,28.4790441123592,78.0421438998777,81.1756097560976,92.1293223736969,100.0
ESP,2009,12.584397187959,3.07,12.2,36.8992880920868,2749.85548907362,56.0903220631292,25860.8142592652,24.7821508122163,46.8366899971109,23.3519417701936,78.2919921861701,81.4756097560976,92.9750651746681,99.999999329905
ESP,2010,12.4298524075247,3.07,14.4,37.089938201236,2735.18257337486,55.0888982220356,25766.2515825743,22.985948966945,52.6933699734019,22.3988413816153,78.5138156234888,81.6268292682927,93.1519309613808,99.9999972813307
ESP,2011,13.4200482874381,3.04,14.7,37.1019204609106,2684.34318918947,54.0409698327599,25510.5579678829,21.8871702738867,58.5118228859632,20.7135839205008,78.695397956495,82.4756097560976,93.5078358806114,99.9999999335079
ESP,2012,12.0395432976255,3.13,15.8,37.0797784930329,2677.18038552382,53.8613782211471,24763.568274484,20.7992748782776,60.5540346961864,18.5944685336556,78.8455680301618,82.4268292682927,93.5068371284061,99.9861677203853
ESP,2013,11.2505956077366,2.96,16.9,37.0821135123248,2506.25540520067,53.4439535395134,24498.5559507945,20.0279432010078,61.6687726441327,17.412338687976,78.9858086902112,83.0780487804878,93.169262909578,99.9566408362607
ESP,2014,10.5798592110443,2.86,17.3,37.0844485316167,2458.57177736167,53.1336838527818,24947.8512505913,19.8695989889783,63.39926213895,18.1481477916625,79.1196713833488,83.2292682926829,92.8824553687451,99.926942900271
ESP,2015,11.2555313002962,2.85,16.3,37.1275324670126,2552.40125248088,53.1890621841609,25982.4416197775,19.9230622051822,63.5820412248232,19.3734408230247,79.2454892743023,82.8317073170732,92.907597351004,99.9267194862736
ESP,2016,10.338836110853,2.78,16.7,37.142868581403,2563.00704379932,52.5772473596977,26719.2442268615,19.7937250159622,63.1886778507294,19.0611122143393,79.3615955277997,83.3292682926829,92.9973717081295,99.9265065763433
ESP,2017,10.4366670528408,2.84,15.2,37.1522339173654,2690.49733287835,52.6387138276281,27426.281015093,19.9047199031815,66.167446137857,19.5656670290524,79.4663233085683,83.2829268292683,93.2268622784207,99.9262777210373
ESP,2018,10.1845744948112,2.77,16.9,37.1566467814769,2666.26079715432,52.408209711446,27956.7225466484,19.7385743840512,67.0094103982921,20.7061758213476,79.5580057813361,83.4317073170732,93.638281089712,99.9260612803023
ESP,2019,9.35354339662499,2.64,16.7,37.1677215644695,2573.90442450746,52.4584917258728,28301.4393949563,19.9779055762497,66.3662250440692,20.9088226144802,79.6349761108307,83.8317073170732,94.3181087826492,99.9258322377834
ESP,2020,9.58105460690675,2.67,19.3,37.1773054885498,2303.51311623486,52.3316792232841,25077.019882928,20.1193927811735,59.4461280147076,20.6266482703898,79.6955674617799,82.2317073170732,94.802910688937,99.9256069689441
EST,2008,9.37598066324752,5.84,20.5,54.6495399858457,4142.50947696917,21.3918376975702,16688.997772178,26.1319416506077,136.681988157836,31.6334055843093,67.6696980194394,73.7707317073171,31.5425807973579,98.6250163424299
EST,2009,9.29224132008397,5.54,24.2,54.8786742156169,3360.6644887123,21.9815994338287,14274.8511086787,23.2761523015463,116.759079859802,21.0087753498274,67.7348909034398,74.8243902439024,31.4818353385232,98.7740812931391
EST,2010,9.13653020501115,7.1,25.3,55.1078084453881,4419.42268300424,22.3826374144845,14657.939813612,24.0345491849484,143.671762256978,21.5876781655604,67.8048042926262,75.4292682926829,31.4101203113942,98.924086764246
EST,2011,8.27663619619013,6.43,25.2,55.508799245105,4311.6949178562,22.3165841000236,15820.922342204,25.3466745057015,166.7460724339,25.4681664047184,67.8775556334506,76.2292682926829,31.3149091766926,99.075060117403
EST,2012,7.99013886909247,5.74,25.0,55.9097900448219,3984.06344804238,22.550129747582,16460.6843479001,24.6316781428684,169.156067773865,29.0805066900785,67.9629593320316,76.3268292682927,31.2030195800896,99.2291464773041
EST,2013,8.08122179915709,6.27,24.5,54.9117552334944,4435.56686367547,22.1992178513918,16809.5326683781,24.6780044555117,164.601632156916,26.8697121064814,68.0923458296768,77.1414634146341,30.3196917414309,99.3847877447218
EST,2014,8.70767888073313,5.79,25.3,55.3027835288705,4226.20121103955,22.4062571888659,17413.6867560212,24.1060210413845,157.953944842229,26.727615908803,68.2668382808032,77.0341463414634,30.2402806533241,99.5393104564203
EST,2015,7.18496063252666,4.97,28.2,55.6938118242466,3695.11919135189,22.8433402346446,17722.1557669523,23.1154851402023,148.507157123558,24.6409611018289,68.4796609690553,77.590243902439,30.26011042098,99.6927225302901
EST,2016,6.87835279660374,5.98,27.2,55.6993328732459,4579.42111654538,23.0733839429492,18264.9873304279,23.2340417592371,147.7462327097,24.7023530937166,68.724038178078,77.6414634146342,30.2689210950081,99.8450343236061
EST,2017,6.15485238171865,5.49,27.5,57.0385964912281,4444.84667060588,22.9707602339181,19270.8141210511,23.180862044638,144.635650944133,25.9381976210924,68.9931941915158,78.0926829268293,30.816,99.9257062109249
EST,2018,7.7966811057876,5.21,28.6,57.0385964912281,4282.71513259126,23.0409356725146,19914.3454922878,23.288660554967,143.485224864735,27.8503992212561,69.2803532930133,78.2439024390244,30.9234385964912,99.9485371012832
EST,2019,6.84482514683862,4.22,31.3,57.0385964912281,3661.49925395092,23.1204678362573,20579.8756732376,22.313384878363,140.352147998549,26.356088071314,69.5787397662154,78.6463414634147,31.0385497076023,99.9714771406741
EST,2020,6.14573290973003,3.92,40.4,57.0385964912281,3368.23730668515,23.0409356725146,19946.945696898,21.7717078135052,137.392641283846,29.6538687688692,69.8815778947665,78.5951219512195,31.0999298245614,99.9945255363523
ETH,2011,31.4291559506252,11.66,93.6,15.706088146017,371.365873516346,32.186781367053,455.909628648555,9.6646421928884,48.232935411689,32.1076664694521,17.863790512085,60.595,82.537679592612,35.7718966203647
ETH,2012,32.643963058463,11.04,93.3,15.6413077967478,371.835988806056,32.3308335299665,481.639999909808,9.47613796506918,45.3979041835072,37.0979619673542,18.2061367034912,61.443,84.8841807786957,37.3536456061453
ETH,2013,32.2039077009628,10.44,92.4,15.5767628847107,376.060890534794,32.5914011165082,518.324662208106,10.9445569914695,41.4717870807625,34.0811183155872,18.615514755249,62.161,87.224157853982,38.9189287309583
ETH,2014,29.7131511992912,9.83,91.4,15.5125439694869,380.177588735816,32.7461141549206,556.362532243867,13.4713245062584,40.7410841498626,37.9937253037378,19.0262870788574,62.927,89.598740246565,40.4770660365689
ETH,2015,31.4436090208599,9.15,91.5,15.4478434691779,380.062892430497,32.9671104083739,597.912113218663,16.2977936386153,39.6561241449515,40.6712729848122,19.451566696167,63.592,92.0367822337439,42.0272706430081
ETH,2016,30.9271256840247,8.78,90.4,15.3828977407906,383.623509864643,33.1082473792896,636.835680951429,21.9325618536317,34.8990210816111,37.3487629699646,19.8763618469238,64.162,94.5614799764478,43.569746379878
ETH,2017,30.4120665058652,8.16,90.8,15.3182908234333,382.08010457893,33.263928812192,678.98541915757,23.5819066692345,31.1036494929016,38.4439871569806,20.3084850311279,64.766,97.1744352590326,45.1032760984933
ETH,2018,30.2623392192692,7.84,90.0,15.2534899740501,384.725728343228,33.5852351498111,705.96881207336,27.3057073050799,31.1993689777881,34.1629551124182,20.7838096618652,65.257,99.8298825389562,46.6289667749081
ETH,2019,28.6876946331346,7.41,89.3,15.1886779997606,386.237241195762,33.8392563550947,744.702789753973,24.8223642571985,28.8152939288346,35.2639756254811,21.2486705780029,65.741,102.552159549746,48.1464763368745
ETH,2020,27.3053276470482,7.03,90.7,15.1239877246579,380.656754967252,34.0927476985506,768.705424485209,23.102295222549,24.0061143401794,30.5789686594943,21.6260051727295,65.969,105.370090895445,49.6550451612317
FIN,2008,7.21793319320128,5.71,34.6,73.3225666337611,6654.45363101075,7.55643303718328,46359.8732844055,29.5650517623923,86.1896598765527,25.2485161104333,69.2943672196361,79.5682926829268,17.4840375123396,99.9999979690853
FIN,2009,7.1054975480794,5.86,32.5,73.2555577492596,6255.05051638905,7.55676209279368,42412.5133513534,25.6620904063609,70.1279335295898,21.4741244119185,69.546259966947,79.719512195122,17.5678545574202,99.9999991951693
FIN,2010,6.99088092919804,6.22,33.4,73.1885488647581,6812.6019950935,7.54162553471537,43556.5385834368,26.1853763280839,75.4612085231229,22.6073229974435,69.7855798796947,79.8707317073171,17.6484106614018,100.0
FIN,2011,6.87039455156535,5.83,35.1,73.3008654447333,6522.93869318769,7.52443318305966,44391.4535667984,25.0390832511194,78.7159444486606,24.3388732893172,70.0583261874252,80.4707317073171,17.7309947678436,100.0
FIN,2012,6.23115629479583,5.71,38.7,73.4107736351969,6265.77228948066,7.51949718648195,43507.9345371578,23.3588517701544,79.4303765882482,23.628342432802,70.3661363168712,80.6268292682927,17.8155615518773,99.9999978985936
FIN,2013,5.85285267653954,5.67,38.5,73.5206818256606,6138.31405576065,7.43196551383724,42883.6384986417,23.2981321591964,77.485171771574,22.6578278795265,70.6742118159277,80.9756097560976,17.8978314521702,99.9999962385025
FIN,2014,6.11857316281583,5.81,41.2,73.6305900161243,6246.04153603753,7.46026522754944,42502.4880199858,23.0618639333511,74.6277719754196,22.1690024531831,70.9879168940753,81.1804878048781,17.9720030274112,99.9999970318793
FIN,2015,5.62500854589343,5.5,43.2,73.7356454213418,5921.59681653244,7.48050409660755,42560.3456767103,23.3039316434498,71.9618253787014,21.9056862297328,71.3054930040604,81.4804878048781,18.0301108880919,100.0
FIN,2016,5.27813456745499,5.54,42.4,73.7356454213418,6120.63301519281,7.48576881313547,43529.6761616969,23.4765920163918,71.7222101178859,23.5883124649425,71.6158383428171,81.4292682926829,18.0820078312658,99.9999998933781
FIN,2017,5.12673961318144,5.34,44.4,73.7332192682285,6070.15750826277,7.4690708081074,44862.220404205,24.4706416384075,75.9387822310041,24.309542246313,71.9563038312956,81.6317073170732,18.1238944459068,100.0
FIN,2018,5.49695736300986,5.37,44.2,73.7332192682285,6165.44402350648,7.47565148723348,45337.2409550575,24.1107349992454,79.1436148422846,25.7234643496259,72.3423467740343,81.7341463414634,18.1479501184522,99.999999309504
FIN,2019,5.37867032806067,5.19,45.4,73.7307932747672,6024.65366583164,7.48198598361465,45898.5708448954,24.1466052876512,80.5641502947367,24.5675378797407,72.7431214358314,81.9829268292683,18.1673609054717,99.9999972852429
FIN,2020,4.89518090216668,5.07,47.3,73.7283674409423,5739.2544528356,7.46857932486675,44690.9801103074,24.227220617039,72.1845955995888,24.9836073895773,73.0849439791673,81.9317073170732,18.1928768835954,99.9999988873824
FRA,2008,14.0595857426506,4.02,10.5,30.0450876704704,4137.71989985562,54.0126171258929,36257.3658930938,18.6335203970131,59.1797928411748,23.4671040402669,77.1561901569367,81.2146341463415,119.445432785973,99.9999991289051
FRA,2009,13.8570269912499,3.95,11.2,30.254940161425,3938.38637955439,53.8452546618425,35052.8510772683,18.0198241569733,52.1991123027613,20.7177586249113,77.1005391809676,81.4146341463415,120.060183690509,99.9999982791976
FRA,2010,13.7778502943804,4.0,11.9,30.4647926523796,4040.43918739374,53.6715836348455,35578.1968010183,17.5945885002022,56.587555247796,21.3378695020042,77.0962844808803,81.6634146341463,120.653513312923,99.9999989035929
FRA,2011,13.7974719352463,3.84,10.6,30.6195379905372,3951.00450412595,53.5830782076259,36269.9561530888,17.6800048726048,60.6056354816406,22.4996452716579,77.1182717387509,82.1146341463415,121.237276185175,99.9999974748476
FRA,2012,12.5585885208406,3.83,12.3,30.7742833286947,3929.20601557226,53.5203636700993,36161.2918253465,17.4684347699959,61.6589570771102,21.8295648772748,77.1669464919916,81.9682926829268,121.825139623342,100.0
FRA,2013,12.4582922718332,3.82,13.4,30.9290286668522,3925.86545930191,53.3884404861304,36256.086680981,17.5699939241217,61.8192338733962,21.520441960601,77.2440721470918,82.219512195122,122.456502458484,100.0
FRA,2014,10.687674674804,3.63,13.2,31.0837740050097,3755.83244171123,53.3750811763614,36444.3949089146,17.3416195349368,62.1992669379507,21.8364708236132,77.3524296788613,82.719512195122,123.039367288246,99.999997234513
FRA,2015,11.3442976642006,3.65,13.3,31.2385193431673,3799.19260526718,53.301604972632,36702.4323733379,17.236441547058,63.5046871956484,21.7165418613305,77.7610919150066,82.3219512195122,123.477636144355,99.9999999037222
FRA,2016,10.508154814077,3.54,14.2,31.3932646813248,3718.17053401513,53.2851303460432,36920.5342846914,16.9433572396904,63.3427564383351,21.5978606152326,78.5999114705779,82.5731707317073,123.803885332591,100.0
FRA,2017,10.4583123660264,3.46,14.1,31.5480100194823,3705.41111644137,53.2470526022822,37580.5979329356,16.7483032647876,65.3958481559711,22.1813991959176,78.6467804026368,82.5756097560976,124.163688653864,100.0
FRA,2018,10.4599453286038,3.37,15.2,31.7027553576399,3669.37065950443,53.1776602653307,38062.4435961412,16.725283255726,66.8022607812266,22.6115738942638,78.6714432536599,82.6756097560976,124.609607570276,99.9999999523043
FRA,2019,9.82524600527018,3.26,15.5,31.8575006957974,3605.53190025511,52.915574914185,38705.2072940618,16.907003960354,66.4289771741449,23.0250733613606,78.6890784549356,82.8268292682927,125.024698023935,100.0
FRA,2020,9.60038144780495,3.18,16.8,32.0122460339549,3228.48915727036,52.729670655905,35709.2045925926,16.272651205236,58.8388907240647,22.8044182138435,78.7119131765249,82.1756097560976,125.431134613601,100.0
GAB,2008,26.6617307807183,7.69,87.3,91.8210424185974,2578.18479820338,8.17895758140257,6468.38523357609,61.7420000109434,88.9988725945748,25.0898974271767,85.2437672472316,64.011,6.23733845616486,83.7295160274396
GAB,2009,26.5819485638929,8.61,87.9,91.8014087786704,2728.50138573496,8.19859122132961,6264.83611480154,50.4467532257807,83.5045774235636,27.981113361031,85.7432582123932,64.361,6.44838747234835,84.1307212542328
GAB,2010,26.5510702440269,9.09,85.8,91.7817751387434,2957.4674143756,8.21822486125665,6481.49612073562,55.1924628115731,89.1576627248353,29.7011138055349,86.1852592472945,64.715,6.67473512632437,84.5207296199844
GAB,2011,27.1676800151218,6.83,79.7,91.7356618931191,2295.78142116486,8.26433810688089,6699.23394606512,60.8812104614947,90.4983773331323,26.6423895609865,86.5665383650315,65.102,6.91576434974968,84.899267815442
GAB,2012,26.8259890575401,5.73,75.5,91.6895486474949,1955.40804605842,8.31045135250514,6803.22668079211,58.8246016166913,92.3428089420545,26.9661499641622,86.8838635787001,65.438,7.16765242364264,85.2673947991113
GAB,2013,27.7803827536179,7.98,82.2,91.6434354018706,2771.53824040148,8.35656459812939,6938.25753862236,56.6086168756874,90.6350361478645,29.1805950279998,87.1482480671637,65.751,7.42445375868359,85.6239250935099
GAB,2014,26.2746903969533,7.43,81.3,91.5973221562464,2602.65376634085,8.35656459812939,6998.60545439576,52.7222416503812,73.5203290162438,35.1390486032907,87.6236017962969,66.07,7.67803391935421,85.9658863110068
GAB,2015,30.7390246342706,7.22,81.9,91.5512089106221,2550.96047927478,8.35656459812939,7047.12654634355,48.1836272968661,73.9497814588281,29.2309562924902,88.085308383892,66.336,7.92094151434005,86.2930339752905
GAB,2016,29.7679660664056,7.08,81.5,91.5051034268638,2489.24179859903,8.35656459812939,6991.3251446736,45.0378509048684,70.1333810645308,26.9822610431075,88.5445883406178,66.583,8.15114681569449,86.606465035897
GAB,2017,27.1691084203468,6.62,90.2,91.4589979431055,2263.59335681829,8.35656459812939,6840.05959347802,45.4673089938161,75.0687404456638,21.2986084367913,89.0009733256896,66.816,8.37078433655451,86.9072462361888
GAB,2018,27.0383051447292,6.82,90.3,91.4128924593472,2294.91220106774,8.35656459812939,6724.5961429108,47.1270856238547,77.0365976973024,19.2582324284114,89.4539949981866,67.043,8.58585788023441,87.1959828592503
GAB,2019,27.5241895785238,6.35,90.2,91.3667869755889,2205.67182377894,8.35656459812939,6817.56879468764,47.6788640928906,73.4280894486644,21.8987965722319,89.9031850170394,67.337,8.80081499592502,87.472846570073
GAB,2020,29.9548734558765,6.52,91.3,91.3206814918306,2140.11585242125,8.35656459812939,6534.27966528997,41.6943815013115,70.1140546466012,19.8634691076218,90.3480750410147,67.073,9.01361819381379,87.7393004139279
GBR,2008,12.9950468220049,3.22,2.4,12.5573512999628,3370.1581117517,73.0955234985326,44508.2874631479,20.0744967754056,56.4365501052604,18.2886587771819,80.7547673906116,79.6,255.474703426611,100.0
GBR,2009,12.6107605327068,3.17,3.0,12.6007522837184,3144.00201324492,71.6116231967925,42146.5095879962,18.7333630455206,54.6537301085991,15.9866102776379,80.8692180088478,80.0512195121951,257.414417393461,100.0
GBR,2010,12.4589114498692,3.21,3.2,12.6441532674741,3235.05383786127,71.1941470673335,42762.720840223,18.5566755103695,59.0511802227821,16.6181160375508,80.995165116277,80.4024390243902,259.440189310958,100.0
GBR,2011,13.0110598336171,2.94,4.0,12.7235150663415,2973.83120573757,70.9461414458728,42791.0934313474,18.3010218899425,63.3240615708901,16.491680863741,81.1359685592627,80.9512195121951,261.475674781962,100.0
GBR,2012,11.4844614132453,2.98,4.2,12.8028768652089,3028.77223348044,71.020543132311,43136.7006795996,18.2827169299324,61.9688704472535,16.5145890011547,81.2905667759508,80.9048780487805,263.344769148101,99.9999990594779
GBR,2013,11.3936196663408,2.88,5.2,12.8822386640764,2962.29760006424,71.3024428553714,43585.1936238647,18.592711752238,61.7195395154583,17.1697393956196,81.4573768694887,81.0048780487805,265.113875914521,100.0
GBR,2014,10.8076454562065,2.63,6.6,12.9616004629438,2767.96188412765,71.2272144835283,44627.8818268644,18.3478341562377,58.8210228333296,18.4324178455585,81.6355750750722,81.3048780487805,267.102054313231,100.0
GBR,2015,10.4602728529493,2.59,7.7,13.0409622618113,2774.79682774608,70.8386723432398,45255.3449216209,18.1397353548933,57.125044605439,18.4755209500336,81.8243772295647,80.9560975609756,269.036498160625,100.0
GBR,2016,10.0359721133567,2.5,7.7,13.0574959699087,2696.97999020896,71.7148836440293,45888.0105130748,17.6677948178206,59.8395315138259,18.5956388685899,82.0229991698295,81.1560975609756,271.18174678626,99.9999991226354
GBR,2017,10.3814201449701,2.41,8.8,13.0781631050304,2658.99577329303,72.1950667548465,47018.0254757676,17.8215277161884,63.1899245764158,19.1317371265417,82.23065673273,81.2560975609756,272.665647088001,99.9999980808565
GBR,2018,10.2397854923418,2.34,10.2,13.1153639482495,2632.15067210726,71.7185202331253,47514.7763693453,18.0023660420923,64.9097721959201,18.8761161911788,82.4465657551295,81.2560975609756,274.000744016864,99.9999994148157
GBR,2019,9.94569869317993,2.22,11.4,13.1525647914686,2515.97344619501,72.4229988013062,47864.7588712634,17.8736338534045,65.0035664177054,19.0285140310906,82.6699420738913,81.3691219512195,275.414376059191,100.0
GBR,2020,9.91288560282114,2.28,13.6,13.1856322076634,2317.4085386833,71.3400491877816,42982.4631007642,17.4957170827215,59.1598893030611,18.2807146353402,82.9000015258789,80.331756097561,275.881453312942,100.0
GEO,2008,16.4410733482129,3.49,36.3,40.4380486400921,780.788490925027,36.1778673190387,2970.15858282428,18.9437428243398,86.2982243681487,27.6897912964157,54.2232719833673,70.949,67.3300150460128,95.1637450762018
GEO,2009,17.3107771502641,3.73,36.7,40.5269822996115,811.604883767971,35.9476183623543,2887.25607935922,18.9263871900367,78.1930390303569,13.9858779050373,54.7033821122222,71.058,66.7346478183281,95.3017390158594
GEO,2010,18.4461840249862,3.55,39.1,40.6159159591308,824.605083052625,35.4007770902288,3090.06513662318,16.8779105151474,81.6733870603639,20.929149397264,55.1969344748228,71.732,66.2496063543161,95.4384260318316
GEO,2011,22.1991814081631,3.75,31.5,40.6159159591308,943.642090063012,35.147503237876,3362.1030031968,17.6800367830185,85.4659350932986,23.1207490708456,55.6899257648533,72.485,65.7203016200707,95.5737249468986
GEO,2012,23.0631259897014,3.68,28.7,40.6159159591308,993.847722414941,35.0410130954094,3609.780798626,18.8467444528085,89.7348800946338,26.0276223249812,56.1683526759979,72.672,65.238006928164,95.7077336027359
GEO,2013,22.2517576861155,3.99,32.4,40.6159159591308,1118.86616651538,35.7763707008203,3806.50600649051,18.03372091427,93.8139137895532,21.7000864850024,56.6182119019407,73.025,65.0419538822212,95.8402895547886
GEO,2014,20.9791754789627,4.08,30.7,40.6159159591308,1193.781897604,34.7675924593467,3960.35080091901,18.1712886955425,94.9506979383393,25.6503571653742,57.0237612994258,73.105,65.0725007872914,95.9715499431682
GEO,2015,20.3304736500391,4.18,27.5,40.6159159591308,1259.15997860484,34.7978126349115,4086.6223465965,19.7698929026282,97.0163115086257,26.8771593145768,57.3803800455672,73.241,65.1750586094685,96.1014497266011
GEO,2016,19.3139668885259,4.2,27.2,40.6159159591308,1300.49894445527,34.4510001439056,4225.09154904806,19.1221601510136,94.9262528383443,28.9031069953219,57.6984032005062,73.136,65.2140557752196,96.2306438542473
GEO,2017,18.5342689563052,4.04,27.5,40.6159159591308,1312.78610346067,34.3186069938121,4442.50744127374,21.2674893565554,102.584277697146,25.1248176100629,57.9996827205757,73.435,65.2227859617201,96.3588824042299
GEO,2018,18.4542384404894,3.82,27.4,40.6159159591308,1301.87728809329,34.1660670600086,4713.65354845303,20.9042764578834,109.847740556266,27.9262958963283,58.3038181862576,73.985,65.197330207495,96.4862775476087
GEO,2019,17.6183021493385,3.83,24.7,40.6159159591308,1371.17934672286,34.1430421643402,4975.81148194814,20.0073713952459,117.810080239714,27.1682284921369,58.6304091780343,74.165,65.0855698239966,96.6127357061039
GEO,2020,17.0438421058507,3.98,23.4,40.6159159591308,1327.38644455455,34.2193121312419,4659.60925318234,21.0709552310751,92.8910841752194,24.6056865974412,58.9990552763878,73.509,65.1302704783232,96.7382823190877
GHA,2008,48.0313214086965,3.32,57.3,35.70390261053,275.17472403187,52.75890261053,1282.63416886747,19.3995645523361,69.5142256111434,16.4919639408033,49.4708679942306,60.578,106.574430869298,73.4152138090769
GHA,2009,47.8232292154989,3.22,51.9,35.3058714951217,274.01988137685,54.1024233101872,1311.63053760125,18.5140921293401,71.5947385281523,16.4317931081367,50.1111250897099,60.928,109.267223345346,74.4422077321147
GHA,2010,47.7510099685389,3.3,51.9,34.9078403797135,296.099589771501,54.4978377428144,1381.2279503506,18.0149428066597,75.3778157916824,13.1001937072805,50.7296926788704,61.297,111.958315021535,75.471267939183
GHA,2011,52.8014316063294,3.04,50.1,34.8529137734025,303.487492260089,54.0909101696405,1537.81834019283,23.8636600934779,86.2954538549695,12.8099929663177,51.3304086646488,61.617,114.683519381208,76.5016404793149
GHA,2012,56.9570423348518,3.12,46.5,34.7979871670915,329.325111415578,54.277658433682,1640.54072088003,27.1365335859295,93.1680351286831,16.967722122965,51.9197918381031,61.995,117.492607893118,77.5330954898138
GHA,2013,44.7306236715724,2.93,46.2,34.7430605607805,323.671149524462,54.7731216489409,1718.59704769958,34.0898222065997,60.7593219028775,24.7715380530843,52.4985794475913,62.397,120.357708534763,78.565152693679
GHA,2014,43.9627293584075,2.89,47.7,34.6881339544695,321.354700935333,54.3845249186956,1726.36930134647,33.8982030516643,63.8365624430783,27.1650663374465,53.0663398797148,62.832,123.238076821658,79.5978353673804
GHA,2015,68.0112284884927,2.95,44.0,34.6332073481586,329.310413380585,54.564096422607,1722.77282833606,31.1193795046839,76.5212709243242,27.7096411705743,53.6226415210752,63.175,126.114388678914,80.631160872114
GHA,2016,62.8889642906448,2.87,45.2,34.8169113122967,327.900376302991,54.3110758547948,1740.81101902928,27.6932546491989,67.8769994445865,25.4556554537134,54.167052758274,63.522,129.017939702909,81.6651456164371
GHA,2017,60.3590341738153,2.63,45.3,35.0006152764349,321.689981223707,53.1069873428848,1841.44636153249,29.9522176933621,70.5483652904116,19.5655199555214,54.6991419779128,63.829,131.88166476224,82.6995725023601
GHA,2018,56.0041825783104,2.8,42.1,35.0323459611497,350.473174277428,53.694038850312,1915.4532323781,31.1777436281076,67.9585174644902,21.7093349999065,55.218477566593,64.138,134.647029093786,83.7344677926836
GHA,2019,49.6566317016668,2.78,42.6,35.0651553840542,354.248843433875,54.8490737607292,1999.55372220211,31.1077243700312,76.824802732152,18.6472756161472,55.7246279109161,64.455,137.382028101418,84.7696150287459
GHA,2020,54.2427873097724,2.97,40.0,35.0973937502747,367.161102921615,55.393750274689,1970.19411460398,29.8767542337189,66.5754987162431,18.2236669857819,56.2171613974837,64.309,140.147712389575,85.8052795210658
GRC,2008,20.8856093064781,3.08,8.3,29.802081458495,2749.77926334315,59.4026377036462,23923.8800731311,16.6711382140503,57.1052836264926,24.8460183343649,75.615079456679,79.9390243902439,85.9413576415826,99.8899457131774
GRC,2009,20.4636341229157,3.12,9.2,30.0360411171451,2654.84323438585,58.6501163692785,22878.1346644397,16.0934799769726,46.3779593986083,18.9186670370279,76.0174962722535,80.1878048780488,86.1677036462374,99.9050216033919
GRC,2010,20.2971496759618,3.1,11.4,30.27,2487.52918925294,58.0993017843289,21547.724178239,15.0655277858101,50.9225181997227,18.2157587611931,76.3631476983077,80.3878048780488,86.278828549263,99.9197604571835
GRC,2011,21.3833542936023,3.34,11.4,30.27,2413.16129816794,57.377812257564,19448.255802525,14.3792409788507,56.2929957941907,14.0714513074627,76.6352609929407,80.7317073170732,86.1512723041117,99.9341628584541
GRC,2012,18.8095113490598,3.57,14.2,30.27,2408.75576544664,56.5011636927851,17924.6620496886,14.7998191105367,62.3942117351318,12.2606554594296,76.8679797449322,80.6341463414634,85.6866640806827,99.948239360805
GRC,2013,17.9600807887087,3.22,16.6,30.27,2133.12835852595,55.4926299456943,17644.8766635021,15.064315279116,62.9547272215374,12.1129082926078,77.0951999650171,81.2853658536585,85.067579519007,99.9619883950245
GRC,2014,16.8699265288991,3.17,16.4,30.27,2128.79231677777,48.1070597362296,17903.5252440012,14.144282569928,66.4335364513677,12.136918450953,77.3130486275866,81.3853658536585,84.5028161365399,99.97541718672
GRC,2015,17.2372072771469,3.19,17.5,30.27,2148.04707916151,48.0915438324282,17980.7298238137,14.4406143927451,65.2716454619318,12.0084097844243,77.5194426317545,81.0365853658537,83.947889837083,99.988523105293
GRC,2016,15.7750345686768,3.13,16.4,30.2699767261443,2109.41656684289,47.6027928626843,18049.928997892,14.3053359941807,63.6575490882866,12.4680861540635,77.7122988766348,81.3878048780488,83.5994647013189,99.9999968642708
GRC,2017,15.6724100278411,3.15,16.4,30.2699767261443,2148.0515638287,46.9630783553142,18352.0884461258,13.5438938901132,70.8824967397253,11.8883016329317,77.8895342613411,81.2878048780488,83.4342823894492,99.9999973482552
GRC,2018,15.5840100248101,3.01,17.9,30.2699767261443,2089.36044213673,46.1108642358417,18769.0389621976,13.6804076386379,79.2379908638706,12.9530537485632,78.0490656849874,81.7878048780488,83.2651823118697,100.0
GRC,2019,14.9419055519621,2.91,18.5,30.2699767261443,2058.5433840771,45.4892645461598,19216.6759579785,13.4139572418293,80.5900949510457,12.0996603246177,78.1888100466875,81.6390243902439,83.1775174553918,99.999997048057
GRC,2020,14.4089280374361,2.85,20.1,30.2699767261443,1839.48818892263,43.6358456167572,17486.951333323,14.2956021874194,70.2937464580745,13.5410023084822,78.3066842455552,81.2878048780488,82.999216446858,99.9999990325072
GTM,2008,27.5798309047198,3.96,66.5,35.6468831653602,686.736367338845,41.3773796192609,3569.92861121538,28.116816136255,65.1787305213103,16.6715643176913,50.1165894513633,69.493,130.040817469205,89.5375290731545
GTM,2009,26.9080886631746,4.22,65.3,35.1927958193356,721.327289373788,40.7764091078761,3516.19227725255,27.5259745150329,58.0406869738673,13.2666014648944,50.7420420912045,69.676,132.65781075028,89.7784165579284
GTM,2010,26.652419867848,4.14,67.1,34.7387084733109,714.074532356674,40.287420679358,3546.6258162259,27.4918265373292,63.1251925746222,14.1641936924863,51.3270380592706,69.885,135.312728630086,90.0171691678666
GTM,2011,30.2785784962163,4.06,67.1,34.4833893243748,714.303324282615,40.0783874580067,3621.37409769184,27.9436212267543,65.0470510420457,15.4821754242397,51.8657469899423,70.321,138.037756625607,90.2534246699844
GTM,2012,27.3005597247054,4.13,67.4,34.2280701754386,734.084473337375,39.7760358342665,3655.57315791242,28.1234371173336,61.9594193352042,15.1941445941618,52.3523385176,70.722,140.814175065323,90.4874258264266
GTM,2013,29.0925322950372,4.09,67.2,33.9727510265024,738.982674301733,39.408361328854,3717.30462628413,22.9529599737565,56.6852490208198,15.8426344411704,52.7809822766245,70.878,143.59217058604,90.7203833166752
GTM,2014,26.7327979035299,4.09,66.2,33.7174318775663,756.287525577607,39.9860022396417,3809.61587570091,23.1927143718844,55.0832735945126,15.0711607830911,53.1458479013964,70.942,146.339352370287,90.9521869085608
GTM,2015,27.4004163899267,4.16,63.3,33.4621127286301,787.263517462421,41.6573348264278,3893.50533299068,22.7375104809835,49.8934517710689,14.8281546619502,53.4411050262961,70.915,149.045754012691,91.1829418884206
GTM,2016,25.2167964925021,4.37,63.2,33.3538633818589,833.55203066865,41.9354236655468,3924.77894837098,22.6144392993251,46.3727344722496,13.8619677416617,53.6609232857043,71.215,151.817469204927,91.4122081124135
GTM,2017,25.1845452119376,4.24,65.0,33.2456140350877,817.676720672477,42.2135125046659,3972.74057836068,21.9049014315292,46.0694033463258,13.5961014124753,53.7994723140017,71.583,154.603928704741,91.6400944159348
GTM,2018,23.2233964899274,4.25,64.0,33.1373646883165,833.831068721414,42.491601343785,4040.2121371198,21.4264352094944,47.0116852699223,13.7904254321553,53.845962303542,71.496,157.201241134752,91.8664742343096
GTM,2019,20.2102810509295,4.23,62.8,33.0291153415453,851.576981433866,42.7696901829041,4139.12203836307,21.9422533815816,45.5167341512863,14.3298340372808,54.1882267267974,71.639,159.609957073535,92.0910526006257
GTM,2020,21.6357355920496,4.23,65.5,32.9208659947742,823.751784803862,43.0384471817842,4005.83911593999,22.3294622105607,41.1407594507716,13.5006823739789,54.5483167911628,69.971,161.97578387458,92.3138179561227
HND,2008,24.7098957241816,4.91,50.0,59.129770310126,585.573728824361,28.4565197962284,2175.14709403064,25.9497768626944,135.748955193053,36.0659698365463,50.0312316063593,69.657,71.6112878720172,89.4848766199091
HND,2008,24.7098957241816,4.91,50.0,59.129770310126,585.573728824361,28.4565197962284,2175.14709403064,25.9497768626944,135.748955193053,36.0659698365463,50.0312316063593,69.657,71.6112878720172,89.4848766199091
HND,2009,23.9175973814691,4.97,50.5,58.9485208687103,565.847197127184,28.5816426847797,2076.30859895638,26.0219596984677,96.9050060188904,20.599443751492,50.6740175729851,69.823,73.1959871302172,89.922767090749
HND,2009,23.9175973814691,4.97,50.5,58.9485208687103,565.847197127184,28.5816426847797,2076.30859895638,26.0219596984677,96.9050060188904,20.599443751492,50.6740175729851,69.823,73.1959871302172,89.922767090749
HND,2010,23.6046775290367,4.86,53.6,58.7672714272947,561.818507536758,29.207257127536,2108.47314459603,25.5871307044098,109.441838241682,21.8798406875029,51.3273733161098,69.77,74.7687729019573,90.3547424812176
HND,2010,23.6046775290367,4.86,53.6,58.7672714272947,561.818507536758,29.207257127536,2108.47314459603,25.5871307044098,109.441838241682,21.8798406875029,51.3273733161098,69.77,74.7687729019573,90.3547424812176
HND,2011,27.5473866010646,5.17,50.9,58.5677182947538,607.415805872968,29.591563142372,2144.56265540491,25.8142160143128,122.216902597337,25.9999916424846,51.9908892304951,70.116,76.3301724908392,90.7803603583435
HND,2011,27.5473866010646,5.17,50.9,58.5677182947538,607.415805872968,29.591563142372,2144.56265540491,25.8142160143128,122.216902597337,25.9999916424846,51.9908892304951,70.116,76.3301724908392,90.7803603583435
HND,2012,24.209066840265,5.1,49.3,58.3681651622129,611.212692944522,30.0116185539369,2188.39378817891,26.1135718011836,121.188215808285,24.5642087901292,52.6641557109031,70.46,77.8896773616945,91.2001031419735
HND,2012,24.209066840265,5.1,49.3,58.3681651622129,611.212692944522,30.0116185539369,2188.39378817891,26.1135718011836,121.188215808285,24.5642087901292,52.6641557109031,70.46,77.8896773616945,91.2001031419735
HND,2013,26.2100830737093,4.99,51.1,58.168612029672,613.620494738777,30.1188667441237,2205.40126728067,25.4093197152808,116.306049247436,21.7603523031056,53.356379133253,70.765,79.4465814639378,91.6134052389382
HND,2013,26.2100830737093,4.99,51.1,58.168612029672,613.620494738777,30.1188667441237,2205.40126728067,25.4093197152808,116.306049247436,21.7603523031056,53.356379133253,70.765,79.4465814639378,91.6134052389382
HND,2014,24.197048630279,4.94,52.2,57.9690588971311,604.093043217727,30.1635534900349,2229.24772232218,24.510778796214,112.97509728471,22.1838322277385,53.8768089124249,71.032,81.0002859951738,92.0207347407906
HND,2014,24.197048630279,4.94,52.2,57.9690588971311,604.093043217727,30.1635534900349,2229.24772232218,24.510778796214,112.97509728471,22.1838322277385,53.8768089124249,71.032,81.0002859951738,92.0207347407906
HND,2015,24.6931989438968,5.18,50.8,57.7695057645902,659.394073401803,30.1635534900349,2271.20265980349,25.6499709386427,107.26440535424,25.1179830288624,54.3828473751434,71.323,82.5570202877826,92.421451159935
HND,2015,24.6931989438968,5.18,50.8,57.7695057645902,659.394073401803,30.1635534900349,2271.20265980349,25.6499709386427,107.26440535424,25.1179830288624,54.3828473751434,71.323,82.5570202877826,92.421451159935
HND,2016,22.8829846790784,5.01,52.7,57.5837876485834,616.39140542774,30.6014835999643,2315.72983058198,25.8278974975697,99.8157169505924,23.3771285357634,54.8868414578857,71.615,84.121726695862,92.8158871236421
HND,2016,22.8829846790784,5.01,52.7,57.5837876485834,616.39140542774,30.6014835999643,2315.72983058198,25.8278974975697,99.8157169505924,23.3771285357634,54.8868414578857,71.615,84.121726695862,92.8158871236421
HND,2017,22.0571250886782,4.1,45.6,57.3966395567075,537.592382183152,31.1734739476271,2383.37398439714,26.5389223099615,101.813111079622,24.8207131723601,55.3877322339915,71.805,85.6925283760837,93.203968706641
HND,2017,22.0571250886782,4.1,45.6,57.3966395567075,537.592382183152,31.1734739476271,2383.37398439714,26.5389223099615,101.813111079622,24.8207131723601,55.3877322339915,71.805,85.6925283760837,93.203968706641
HND,2018,20.5175969852982,4.21,48.9,57.2094020913397,565.077916293092,31.361158280454,2430.13503657762,26.5924587973715,103.551162215452,26.572086282814,55.8852577716247,72.001,87.2750916078291,93.5856465079255
HND,2018,20.5175969852982,4.21,48.9,57.2094020913397,565.077916293092,31.361158280454,2430.13503657762,26.5924587973715,103.551162215452,26.572086282814,55.8852577716247,72.001,87.2750916078291,93.5856465079255
HND,2019,18.1436603524166,4.35,46.2,57.0221646259719,583.591911432311,31.361158280454,2447.61649282181,26.7243168964313,99.4599779937589,22.9676941165281,56.3791561389766,72.124,88.8697202609706,93.9610018338129
HND,2019,18.1436603524166,4.35,46.2,57.0221646259719,583.591911432311,31.361158280454,2447.61649282181,26.7243168964313,99.4599779937589,22.9676941165281,56.3791561389766,72.124,88.8697202609706,93.9610018338129
HND,2020,20.3136833896573,4.41,50.2,56.8349271606042,544.573855679284,31.6203414067388,2189.43168668222,25.357857215276,88.0008563836292,19.666372727561,56.8691654042685,70.864,90.4427562784878,94.3301083793908
HND,2020,20.3136833896573,4.41,50.2,56.8349271606042,544.573855679284,31.6203414067388,2189.43168668222,25.357857215276,88.0008563836292,19.666372727561,56.8691654042685,70.864,90.4427562784878,94.3301083793908
HRV,2008,22.6849842013375,3.57,24.1,34.1826888714173,2276.1355193129,23.0344507183189,12970.4376964616,22.7583110451343,82.0790791060076,29.5493180054689,55.3530687812969,75.9121951219512,77.0085233364306,99.3965737483077
HRV,2009,21.88676949653,3.71,27.2,34.2452290758345,2199.79195573117,23.2220713315703,12099.5521781656,22.6914100390127,69.7015578897439,24.3749259622733,55.3096640250682,76.1682926829268,76.927685655064,99.4989155320278
HRV,2010,21.5520342977398,3.72,29.8,34.3077692802516,2181.04401120231,23.8331784718748,11965.0049285028,21.36803442175,72.6467039932668,20.3670619597928,55.2824979327886,76.4756097560976,76.7533950396684,99.6004621496266
HRV,2011,23.6135683044921,3.63,27.2,34.314916732185,2137.20950653716,23.6955900221571,11993.0713179162,21.5043974590517,77.783952809242,19.0003929954279,55.2773793281248,76.7756097560976,76.4888499749839,99.7012086254188
HRV,2012,20.9195365864097,3.5,29.4,34.3220641841184,2020.48417283556,23.7831463083411,11780.4742767284,21.0396616788925,79.0075493058138,18.0242997806016,55.3042888624873,77.1682926829268,76.1269387463369,99.8012216684385
HRV,2013,20.2640413078795,3.44,32.8,34.3292116360517,1990.54136695236,28.0055035379887,11838.2152450357,20.5075395928616,80.9188132002026,18.7245951617912,55.3659479687433,77.5707317073171,75.6543849617611,99.9003820151375
HRV,2014,19.8289409065182,3.29,33.6,34.3363590879851,1909.83580091578,26.954828103781,11862.7609491821,20.6526480346575,85.2166241319216,18.058510522236,55.4591834926844,77.7243902439024,75.0767993710242,99.9005681639486
HRV,2015,20.1718710437292,3.35,33.1,34.3435065399185,2018.54259233172,27.4676577800014,12283.7840620053,20.3701373622843,90.6522705485118,19.4788535135042,55.5812594509004,77.2756097560976,74.1856371953399,99.9007659561635
HRV,2016,18.1778313300349,3.26,31.8,34.3813916088914,2057.18869470229,27.6249017225359,12848.419539107,20.2769414390036,92.1392009356077,19.8968461847519,55.7294398599808,77.9219512195122,73.3840861982703,99.9009796453255
HRV,2017,18.7613905967833,3.26,29.8,34.5151954828104,2159.96952184034,26.7493388606962,13485.3012514274,19.7721853620712,97.2445256540374,20.8394179953997,55.9009887365155,77.7268292682927,72.2144056893717,99.9012135113564
HRV,2018,20.0014497847215,3.08,32.8,34.5598956472018,2127.63878608554,26.5170466728611,14060.9874833125,19.289972926094,99.0848546362534,22.4897435588565,56.093170097094,77.919512195122,71.2739439639768,99.9014519632488
HRV,2019,15.914853988952,3.01,31.6,34.6045672217854,2173.19836034448,26.8744192695304,14641.663970693,19.5762975915854,101.394766564216,21.9665426156852,56.303247958306,78.2243902439024,70.5701879779859,99.9017118309549
HRV,2020,16.1208592960264,3.16,32.4,34.6517155110793,2104.84530641676,26.8942101501072,13545.4881162417,20.0965004802369,89.5480523143212,23.5443662718786,56.5284863367411,77.5243902439024,69.946497498213,99.9019753269295
HTI,2008,18.9251624491129,5.09,79.6,13.7457910014514,368.507033755957,64.2235123367199,1356.53400140048,26.701201891474,36.1450381454244,12.6171620718569,44.6847359532184,61.28,345.81908563135,62.2174731426429
HTI,2009,18.8685291599026,5.01,80.3,13.7375544267054,377.427344980307,65.9045718432511,1412.89653523429,26.2255411512356,33.0964998246108,12.6069242243299,45.3786413995138,61.694,351.581313497823,62.9888052938028
HTI,2010,18.8313411106541,5.53,79.0,13.7293178519594,388.995522336097,71.988388969521,1317.58389339746,23.5332687261618,44.7215241260457,24.988217664925,46.0679741838751,45.577,355.70732946299,63.7442876328599
HTI,2011,18.8857006660512,5.51,79.0,13.616618287373,402.476697495403,72.8955007256894,1369.16921255852,24.5925802703743,44.1635704019387,20.9967494829716,46.7523749519985,61.581,359.757039187228,64.4832332548174
HTI,2012,19.0640940806919,5.66,82.2,13.5039187227866,408.922012927348,73.4397677793904,1354.88546124499,25.3732825170097,40.2582414988129,17.5092344164627,47.4314843495779,62.273,365.376306240929,65.2057837814604
HTI,2013,19.3952223914866,5.59,80.4,13.3912191582003,415.229471165857,75.0362844702467,1392.38204736859,25.6899193261312,40.3325097562551,17.880859322137,48.1049430223048,62.624,370.912989840348,65.9105551526185
HTI,2014,20.7584161756086,5.38,77.8,13.2785195936139,400.493565620537,75.0362844702467,1411.76834802154,26.5606297593527,42.3515259071619,16.556866327765,48.7723916158687,62.969,376.387336719884,66.5988959372951
HTI,2015,21.5058632915395,5.31,76.1,13.1658200290276,400.138818358845,75.0362844702467,1411.12684746796,26.0556909416746,41.9457381172044,13.9737286463314,49.4334707759572,63.224,381.830261248186,67.2702221922087
HTI,2016,20.5277983755891,5.4,76.1,13.0529753265602,408.56544100745,75.0362844702467,1416.74881879698,24.4486778891376,41.4109022161974,13.5922278864188,50.087821148256,63.325,387.208164005806,67.9200663191655
HTI,2017,20.7108631691211,5.37,76.2,12.9401306240929,410.595545177212,72.9317851959361,1432.67228609541,23.7054083866046,42.0745477868911,16.876979845919,50.735083378449,63.832,392.516473149492,68.5471165461434
HTI,2018,21.5479155500506,5.47,76.2,12.8272859216255,419.506914918994,72.3875181422351,1437.35251928349,24.1385210331551,45.1385763027223,16.0510920039064,51.374898112219,64.077,397.763497822932,69.1522570020031
HTI,2019,20.938501996786,5.5,76.4,12.7144412191582,409.8045053234,64.9492017416546,1394.42114071112,23.3823262210182,44.5687187758294,18.5362500202298,52.0069059952475,64.328,402.944956458636,69.7360086923955
HTI,2020,21.3502554448061,5.63,76.3,12.6015965166909,398.394138508433,64.9492017416546,1331.69778506932,23.327525652015,37.4138801252638,17.70308377994,52.6307476732151,63.773,407.977068214804,70.4880763209359
HUN,2008,20.9991432625418,4.29,9.0,22.5571476397723,2676.90840527171,64.6133244057583,11929.7209867703,25.7747485981168,158.453224115619,25.1420059545726,68.0976986078883,73.7024390243903,112.020845887736,96.3873549222455
HUN,2009,20.6233678571466,4.36,12.3,22.4662321882249,2548.81278026798,63.8793770020987,11142.885928524,25.1371137759844,145.30587733019,20.9966487581136,68.4592590332031,73.9048780487805,110.710814094775,96.6891082048051
HUN,2010,20.465784622626,4.48,13.5,22.6045509775765,2651.34338122621,59.0191096873964,11287.3686666108,25.2266979655838,157.838960085896,21.1892791243323,69.5305480957031,74.2073170731707,110.460874848117,96.9842340521877
HUN,2011,21.3088927870016,4.3,14.7,22.6364299127361,2600.71787062735,58.9528333149232,11536.3578996772,25.1359185300274,166.754347209897,21.0337908782192,69.4779934082031,74.8585365853659,110.148315475533,97.2758562444965
HUN,2012,18.932021260415,4.15,16.5,22.6683088478957,2490.18578889625,58.9638793770021,11440.7622718825,25.0498656722544,166.17569860957,20.2865308170944,69.5772326660156,75.0634146341463,109.580934496852,97.5597402653732
HUN,2013,17.8529756602872,3.94,17.2,22.7001877830553,2420.16949827793,58.0691483486137,11729.5720798501,25.0561210392632,164.476024791467,21.8946534040546,69.9277636266638,75.5658536585366,109.05483265216,97.8398540702921
HUN,2014,17.9397743889142,3.77,15.7,22.5502301117686,2423.51498608604,57.6813499890423,12287.3779441033,25.6873886769853,168.358355086413,24.4405160787979,70.3071053512008,75.7634146341463,107.747512601359,98.1178998940875
HUN,2015,17.9802501362595,3.85,15.6,22.5818540433925,2571.15090547951,57.6813499890423,12782.9412577973,26.3916783181703,167.290738494524,23.8567656111926,70.4847717285156,75.5682926829269,107.360891957046,98.3938802461663
HUN,2016,16.2389389235353,3.81,15.3,22.5589524435678,2613.09354239281,57.8785886478194,13145.6559885563,25.4486066021034,163.97194450015,22.0321821931455,70.4733810424805,76.0634146341464,106.944499232961,98.6679484290121
HUN,2017,17.0236884271225,3.81,14.6,22.5429541968004,2737.45332524366,58.1087004163927,13734.2442804335,25.1587549896178,165.032855840268,23.2730768860194,70.4542541503906,75.8170731707317,106.582905982906,98.9400107789492
HUN,2018,17.5018535227019,3.61,13.6,22.5281612973921,2738.8272901507,58.031996493535,14533.7783144312,24.9697501840475,162.700858777925,27.0910945827596,70.4711761474609,76.0658536585366,106.366031119877,99.2100381980227
HUN,2019,14.6412354449754,3.46,13.6,22.5122726276572,2749.24131881139,57.8347578347578,15290.8085466331,24.6337376234071,159.925556464831,28.6983472177676,70.4565277099609,76.3195121951219,106.233004602235,99.4779522735121
HUN,2020,14.1364995764273,3.56,14.8,22.4962743808898,2713.17923384455,53.8754394039009,14664.2971195385,24.3596848911298,154.527002936377,27.4644940725212,70.2917327880859,75.419512195122,105.965581854043,99.7437164369776
IDN,2008,22.6167038013704,4.31,41.1,53.2529151502595,632.507070175417,26.2043436045121,2464.60193418272,48.0607447690172,58.5613996312961,27.8162445798583,48.4644736032029,68.085,127.912368929422,83.4896329573105
IDN,2009,21.7298298830988,4.35,38.2,53.1665884606228,674.894542379565,26.5727183586424,2546.21969707767,47.6521225811621,45.5121213687054,30.9851924139981,49.16775798133,68.267,129.543311146252,84.3913253324257
IDN,2010,20.5957258237696,4.26,36.0,53.0802617709861,669.112078931141,26.568260667402,2670.8129098953,42.7758663362749,46.7012738758737,32.8801214533558,49.8521375148888,68.364,131.186593584406,85.1661850718562
IDN,2011,17.9185723142468,4.1,32.4,52.586919226916,664.807893671477,27.0964207552627,2799.62468790318,43.9134234267133,50.1800131841104,32.9843332593045,50.4830017089844,68.629,132.872174396105,85.6378136701144
IDN,2012,19.553351601333,3.84,30.1,52.0935766828458,680.546536439194,27.0919630640223,2930.518445323,43.5937444233376,49.5828982992627,35.0715936108893,51.1593933105469,68.862,134.591727167608,86.0745858271754
IDN,2013,20.1029935644832,3.53,30.6,51.6002341387757,696.192807739943,27.3538142623324,3055.24246006469,42.6356774375889,48.6373726752893,33.8313567879018,51.8307495117188,69.064,136.271572751061,86.4972383225177
IDN,2014,18.5354648917633,3.48,29.3,51.1068915947056,704.653772045539,27.5091419048223,3170.72103011429,41.9283421270033,48.0801755855227,34.6003439149803,52.5002136230469,69.292,137.882705314833,86.9065589204206
IDN,2015,18.6712786457665,3.26,26.6,50.6135490506354,698.660737586188,27.6112077694021,3288.22269725538,40.0478624042506,41.9376402415294,34.0627921803386,53.1720771789551,69.52,139.438934572699,87.3023728948535
IDN,2016,19.1310042759597,3.18,27.8,50.7434545269582,718.57953489745,27.8730589677122,3416.81005170972,39.3084439802081,37.4213418023318,33.8587393039462,53.812557220459,69.733,140.945267664402,87.6849895715078
IDN,2017,16.9555634840925,3.14,25.2,50.0393338229866,755.351304203294,27.7598939877572,3553.51999262321,39.3791548040237,39.3554970704606,33.7105947957751,54.4541015625,69.953,142.393583234045,88.0541295680055
IDN,2018,18.4371895829409,3.24,22.0,49.7168177792076,826.038659966956,28.411834447481,3701.32155461912,39.7297374523848,43.0743089552002,34.5705858319707,55.0956840515137,70.08,143.781152680745,88.410420237217
IDN,2019,19.4270918962783,3.19,19.8,49.3942964092507,844.870039441295,28.7503293442037,3850.90321738979,38.9517679950779,37.6277775357108,33.7801423773995,55.7382049560547,70.349,145.132688936836,88.7538936468124
IDN,2020,17.8814994983985,3.11,21.9,49.0717803654717,848.436766186593,28.9649906072855,3739.44906563161,38.2383937187942,32.9721754002427,32.3434120537481,56.2785287648768,68.817,146.371283592869,89.0851606060889
IND,2008,54.3676481000901,5.63,39.4,23.246075763742,481.553027437162,60.4593046525785,1086.50605251513,31.1367192409548,53.3682204392226,38.4224196528192,30.1438485921815,66.247,406.274393496547,84.9473094624581
IND,2009,51.3544031327568,5.67,37.4,23.3101483591698,509.446000134302,60.5639061075814,1155.10163274172,31.1213721116744,46.2728696428837,39.2567917551336,30.5185314023263,66.7,412.191872366045,85.6371461321776
IND,2010,50.1011539510167,5.41,36.2,23.3742209545976,531.86706609011,60.3974182611942,1235.15939133951,30.7250782285817,49.2552064974161,39.7856241847736,30.9042190810094,67.162,418.231449722352,86.3249166723471
IND,2011,61.708624213512,5.28,35.0,23.4638216864714,546.675890208969,60.4300431523044,1281.61054354933,30.1616797630407,55.6238800135298,39.590421855219,31.2746502853309,67.623,424.199245255096,87.0106732998892
IND,2012,74.0031607462287,5.28,34.8,23.5534224183453,572.133085479526,60.4206256579633,1333.09626557668,29.3985276965289,55.7937217287511,38.3474156730403,31.5898935604399,68.076,430.068210238834,87.6951918936397
IND,2013,76.2501768290597,5.11,34.9,23.6430231502191,577.254621645988,60.4394606466455,1399.4537980287,28.4048995600246,53.8441319466777,34.0231978997548,31.9096789235237,68.499,435.838110245225,88.3781430142448
IND,2014,79.0373957134889,5.08,33.9,23.732623882093,610.165371779455,60.4495508191538,1484.31640682913,27.6564012026443,48.9221857470669,34.2678056268836,32.2288233408821,68.932,441.370107863944,89.0593975763785
IND,2015,73.810991410386,4.82,33.4,23.8222246139668,622.339883988149,60.4317248477225,1583.99815907985,27.34739147794,41.9229138658647,32.1167301358276,32.5472990022299,69.326,446.666542669658,89.7387066732488
IND,2016,75.7890035327013,4.54,33.0,23.9116908102072,627.273531026365,60.3990999566123,1694.46534973825,26.6189999399789,40.082485713276,30.172690580036,32.8650780972823,69.709,452.020992940243,90.4158282525921
IND,2017,67.3122713926644,4.46,32.5,24.0014933455312,648.014718317903,60.2840719900175,1788.69770318446,26.5000166464804,40.7424969545225,30.9821728344733,33.1821328157539,70.068,457.30592394028,91.0905825625786
IND,2018,68.1209525065052,4.41,32.9,24.0909595417716,668.303370218852,60.2437112999842,1883.35772705062,26.4120919013735,43.6169693323889,32.3432182154485,33.4984353473598,70.415,462.351569862673,91.7626505318817
IND,2019,59.8919808842351,4.25,33.5,24.1807620770956,666.977347524506,60.2198312250478,1936.03067741067,24.5914753075066,39.9054035306442,30.0961975685688,33.8139578818147,70.746,467.185182245332,92.4317828217009
IND,2020,48.3948115195574,4.25,36.1,24.270228273336,632.239828540427,60.0459439188212,1806.50110583878,25.1229058078344,37.7581053292768,28.9223840080659,34.1286726088333,70.156,471.755150192218,93.0977309081783
IRL,2008,10.7846711934217,2.45,4.2,10.1956161997387,3311.73521178354,67.1940775148788,49461.1594281353,25.9255497868699,160.039420132474,24.6670937529866,61.3581903884996,80.0951219512195,65.1697488750181,96.8025424077574
IRL,2009,10.4732602245015,2.5,5.3,10.3262882856728,3173.7335600355,66.6848599216142,46466.3794269222,25.6117523039931,173.591474874665,20.3036687538517,61.6421022728798,80.190243902439,65.8350268544056,96.822240012762
IRL,2010,10.3475907744569,2.46,5.3,10.4569603716069,3149.89842034979,66.3086079256786,46991.6464673949,23.3585048483704,190.08027278672,17.2913563758605,61.8910689348512,80.7439024390244,66.1947307301495,96.8418255162662
IRL,2011,10.5404229786943,2.22,7.0,10.5565103788649,2875.40675480961,66.1199012919147,47539.9181739968,24.3019357364641,186.304879179038,17.1044449032773,62.0872735820277,80.7463414634146,66.4840179997097,96.8612904708571
IRL,2012,9.58893302932057,2.22,6.9,10.6560603861228,2858.91735604826,65.8005516040064,47147.1604669421,24.0639568673216,190.355682317985,19.8882110372842,62.2529318511038,80.8463414634146,66.7663376397155,96.8806445019551
IRL,2013,9.19408716106259,2.19,7.7,10.7556103933808,2802.60964399377,64.9876614893308,47928.0346487005,23.8396733678378,199.742586224446,18.3655706866444,62.4047157756118,80.9487804878049,67.1188271156917,96.8998874189889
IRL,2014,8.84472665206141,1.97,8.8,10.8551604006387,2726.60528005402,64.8279866453767,52044.6201181887,24.4288440676474,211.181602002085,21.9360604785157,62.535401730577,81.3487804878049,67.6112643344462,96.9190141649512
IRL,2015,8.81158216131006,1.65,9.5,10.9547104078966,2825.9812059763,64.3054144287995,64250.1385181257,38.4401729288171,223.702938290642,26.0839383373545,62.6392123492764,81.4536585365854,68.2531136594571,96.9380364717099
IRL,2016,8.11019374827621,1.7,8.6,11.0661924807664,2932.30415263032,64.7554071708521,64205.979777351,36.5192338386058,239.708527798768,35.6293704495612,62.7229399123734,81.6536585365854,69.1351720133546,96.9569278147002
IRL,2017,8.38429636583274,1.51,10.1,11.1775293946872,2854.85820468032,65.1618522281899,69748.6221034014,36.2543208523413,233.304083346711,34.0348773847935,62.9035196521232,82.1560975609756,70.0746842792858,96.9755821286774
IRL,2018,8.2986369369357,1.41,10.8,11.2355929743069,2820.44138030583,65.5537813906227,74029.0550611436,36.848503844665,222.453716000399,28.1743871487953,63.0844503476779,82.2048780487805,71.0991725939904,96.9939522473037
IRL,2019,7.8923946735653,1.33,12.3,11.2936565539265,2747.90158131447,65.6699085498621,76485.635854651,35.880910077936,257.652772910421,53.7020817171995,63.2737009154127,82.7024390243903,72.237712294963,97.0120539231566
IRL,2020,8.17058601306707,1.21,13.7,11.3517201335462,2633.97691248454,65.495717811003,80927.936475395,37.1803685713508,258.780437026252,42.5912041670915,63.4713366724915,82.4560975609756,73.1564377993903,97.0298506240387
IRN,2008,36.3667271071338,8.05,0.7,6.39671652054324,2710.16359978519,28.6629092070041,5035.94008533618,47.6687887779159,48.2294027741438,41.7574530941627,69.3790072996746,73.683,46.3630025295317,95.7014734925872
IRN,2009,37.3199195486544,7.95,0.8,6.480603649402,2671.57890823769,28.6636459638007,5023.89314362941,43.0965172977284,43.6995802243585,40.8981709173692,69.99007683587,74.041,46.9423518504875,95.8635415645059
IRN,2010,38.3119722581928,7.52,0.9,6.56449077826076,2639.09104238657,28.5735160490189,5249.06133369759,44.2093794197457,43.7706437371399,40.262449246465,70.6092626774386,74.39,47.5336096171321,96.0218281862273
IRN,2011,39.6124799715142,7.47,0.9,6.56449077826076,2658.13529591614,28.4833861342371,5321.75870744453,46.2322885720868,41.2194147918578,36.0168035751403,71.204050944517,74.721,48.1247071391734,96.1763033647874
IRN,2012,38.0077616053954,8.1,0.9,6.56449077826076,2740.3010468402,28.3932562194553,5058.64637811835,42.0941632127045,44.0893466807452,36.3509581769324,71.7633634041294,75.039,48.7306785530097,96.3261590816988
IRN,2013,38.7525647600714,8.39,1.0,6.56449077826076,2758.13748400425,28.2141015250866,4916.97291948475,42.7788684660118,47.0867179194755,34.9452115156879,72.3030873515412,75.349,49.3717220462192,96.4718242177424
IRN,2014,36.3710361542807,8.57,0.9,6.56449077826076,2883.07105746991,28.2141015250866,5093.20319702187,39.2282280462408,45.3514201413161,36.9396571448965,72.8324070385223,75.635,50.0393213241976,96.6141058316375
IRN,2015,38.6980329606897,8.68,0.9,6.56449077826076,2736.74412885975,28.2141015250866,4952.73355532178,32.1747396532204,39.42258866118,31.9824085202657,73.3561403575949,75.907,50.7253137356025,96.7529192600073
IRN,2016,37.4838145441593,8.24,1.0,6.57064269751222,2860.59701763688,28.2141015250866,5312.61724954192,34.3222829592861,39.8772417738866,33.8794450615252,73.8796100096595,76.155,51.4576905130283,96.8883841344681
IRN,2017,35.0159582592188,8.73,1.0,6.60154083204931,3028.21640684666,28.6194144838213,5395.2398398598,36.1413931191139,43.1556931383906,35.340529085025,74.4011840820312,76.396,52.4047790446841,97.0204377787878
IRN,2018,37.6762291896797,8.65,1.0,6.61140215716487,2911.05556416118,28.9152542372881,5127.22495367018,37.1484284566829,56.6153496142829,36.2050901154488,74.8034286499023,76.621,53.0773485362096,97.1490246044491
IRN,2019,34.0157895718045,9.53,1.0,6.62126348228043,3188.80398470773,28.9602465331279,4952.45669081078,33.4149250633862,48.5917712137038,40.2029489850244,75.2038879394531,76.855,53.6527876733436,97.2741844991019
IRN,2020,32.2873733599003,9.54,0.9,6.62681047765794,3252.6054710927,28.9848998459168,5132.82430762118,37.2091421301924,43.8844674905013,47.9209340647566,75.5986404418945,74.141,54.0668369799692,97.3960598410528
IRQ,2008,46.5363498749787,4.8,1.1,1.88307382765165,962.301839872785,18.7511717767565,3781.78001712762,62.788858419665,81.0555432665835,15.1841021528875,68.8569818968574,66.465,66.2391933603128,87.9576753839558
IRQ,2009,47.9980850697625,4.99,1.2,1.89790937557561,995.7798442565,18.0645606925769,3768.17284328983,51.989792420915,78.6873788189898,11.2966377544437,68.9742328505284,67.834,69.2075105912691,88.8450464865989
IRQ,2010,48.6064935140896,5.17,1.7,1.89952109044023,1064.17152061051,18.9231442254559,3881.94327045302,55.7934951548678,73.4974796202443,15.8678653909697,69.0582953378474,68.092,71.4803969423467,89.747680341053
IRQ,2011,44.5902054159628,5.27,1.1,1.89952109044023,1125.37331940921,19.6313777859643,4030.01686860986,62.5480287876873,72.1713282233655,16.7595018107714,69.1252233869916,68.435,74.0500644685946,90.6562235048523
IRQ,2012,43.7633581476121,5.12,1.3,1.89952109044023,1190.03229059907,19.7276201878799,4387.90469058707,60.576988513607,73.6086845912812,13.4461715093466,69.2222213745117,68.827,77.4885844538589,91.5604108838011
IRQ,2013,42.9162462504814,4.92,1.5,1.90036118379833,1175.83271780348,20.4671202963181,4504.82687537354,57.69152678908,67.4100184095672,20.2677398214538,69.444450378418,69.047,81.2709362215752,92.4602847156941
IRQ,2014,37.7947333258122,4.66,1.0,1.90036118379833,1082.71904877674,21.5010319537095,4446.97343234862,55.3075963759279,68.9824868569036,18.2159749362255,69.6666641235352,69.679,84.1918950171378,93.3560179358349
IRQ,2015,44.6439888371463,4.31,0.8,1.90036118379833,998.349545341439,21.364205948476,4440.14189252367,45.340288824262,69.5917685983115,20.359651707882,69.920524597168,69.977,86.5194942505436,94.2475935647608
IRQ,2016,42.3367851899463,4.17,0.9,1.90036118379833,1076.62803028259,21.4745420705414,4932.9272911439,46.1825020614016,54.588320188677,17.8772047937279,69.9123778259643,68.683,88.6135586739395,95.1361722839903
IRQ,2017,40.02670906993,4.86,0.5,1.90036118379833,1185.88106304283,21.5116279069767,4736.32710809857,51.3296814634291,59.7809123923157,17.8524768622366,69.8944511190753,69.788,90.6123378358457,96.0213104286067
IRQ,2018,41.7558636075287,5.25,0.5,1.90036118379833,1287.12364484767,21.60422732466,4749.00921836896,54.1699427538136,65.8017917701083,17.5854705162866,69.8765148865842,71.116,92.7505804739616,96.902402599518
IRQ,2019,37.7315693030309,5.3,0.9,1.90035242899592,1319.43951211192,21.7695160435814,4898.14897652265,53.1094032824868,68.9899384202806,22.7407245883586,69.8683395385742,71.245,94.8844148066247,97.7787837240263
IRQ,2020,38.1750699787954,5.11,1.1,1.90035242899592,1143.12626352051,21.7755050330546,4213.99843766061,39.9040972152303,57.742316395146,22.3468589955872,69.8683166503906,69.651,97.0138092276507,98.3599044196543
ISL,2008,6.68793269253617,13.58,74.0,0.415980049875312,17341.072624835,18.713216957606,55360.8136015347,22.6306546995652,81.9027481853952,25.8874469911237,93.0646442174216,81.609756097561,3.16622443890274,100.0
ISL,2009,6.5615173033005,15.27,74.7,0.430783042394015,17936.5957485126,18.7032418952618,50581.0846203691,19.3938111719419,89.00144405735,14.7799889271266,93.4441340553707,81.7512195121951,3.17704738154613,99.9999992481043
ISL,2010,6.51049356186064,14.89,76.0,0.445586034912718,17024.5130942471,18.6932668329177,49528.4864575422,21.855496243023,92.4901528110187,13.8337714379496,93.4588348107886,81.8975609756097,3.17247880299252,100.0
ISL,2011,6.70874031735348,15.65,77.1,0.452548628428928,18161.5241113303,18.6852867830424,50058.8302502676,22.2264364274742,100.133252648313,15.3142065291421,93.41106112427,82.3585365853659,3.18218453865337,100.0
ISL,2012,6.11017540376794,15.11,77.7,0.459511221945137,17633.6482755645,18.6753117206983,50375.4116888351,20.9475410570084,102.433137099998,15.8900528697338,93.514892578125,82.9170731707317,3.19916209476309,99.9999957149588
ISL,2013,5.96459941016024,15.07,76.8,0.466473815461347,18212.7336453087,18.6753117206983,51696.0876528983,20.8890786203018,97.6980221861272,15.0113948829854,93.6166725158692,82.0609756097561,3.22956608478803,99.9999988928739
ISL,2014,5.78710561432072,14.77,77.6,0.473436408977556,17947.0382271585,18.6753117206983,52102.5757919438,20.6391066712987,95.2879194201667,17.0733671860941,93.6196716315805,82.8609756097561,3.2656957605985,99.9999979873113
ISL,2015,5.73328095255678,13.47,78.0,0.480399002493766,16910.7212326475,18.6733167082294,53505.6964079339,19.94941842555,94.8888027460231,19.1932461301069,93.727919768566,82.4682926829268,3.29990024937656,100.0
ISL,2016,5.27717772615425,11.93,80.9,0.485386533665835,15701.4730096728,18.6733167082294,56049.2928648152,19.5126644938287,87.7600165983392,20.8155538899524,93.7822647094726,82.2048780487805,3.34602493765586,100.0
ISL,2017,5.83996279608708,12.12,80.8,0.492568578553616,16234.9829641811,18.6733167082294,56657.9800285572,19.4710396712039,86.3585336945067,21.5754325297001,93.7718982310092,82.6609756097561,3.42543640897756,100.0
ISL,2018,5.55924065638007,12.68,81.4,0.496280868789051,17346.7502731224,18.565903005058,57731.6523401884,19.7316038131118,88.934996973139,22.1950214764255,93.8526667025487,82.8609756097561,3.49817514628583,99.9999967826526
ISL,2019,5.48155807169081,12.25,81.7,0.502727362888029,16700.5920009676,18.565903005058,57118.8452718755,19.5699967953928,83.7923659518443,20.2034835852927,93.9770847416131,83.1634146341463,3.5759496181692,99.9999970387712
ISL,2020,5.10554827500189,12.92,82.9,0.5092730338193,16083.6099695089,18.565903005058,52464.3072858637,20.4242530347691,68.6550233460548,21.046340093825,94.1367102874722,83.0634146341463,3.63446394922146,99.9999964455788
ISR,2008,24.6975797309857,3.89,8.9,7.10720887245841,3130.72173959461,23.826247689464,32554.0413211945,21.3620647541489,75.380922305658,23.2287706528845,91.7292868898136,80.9512195121951,337.744916820702,99.9999990692997
ISR,2009,24.6261807953123,3.63,8.5,7.11182994454713,2874.86147474045,24.1497227356747,32178.5727387015,20.6116501009124,61.67564796397,21.1617869838312,91.7319738585748,81.4048780487805,345.914972273567,99.9999967272176
ISR,2010,24.5561552293902,3.7,8.6,7.11645101663586,3043.56517574048,23.3133086876155,33344.7213294093,20.8142494931167,65.6330798689153,21.5383508792439,91.7316426703946,81.6024390243903,352.292051756007,100.0
ISR,2011,24.4804002133439,3.5,9.1,7.2181146025878,2981.37242150116,23.8909426987061,34540.6749784398,20.1347126935193,68.9094378497374,23.4471273552999,91.7304024673781,81.6560975609756,358.863216266174,100.0
ISR,2012,22.1038555397058,3.45,2.9,7.31977818853974,2968.58833913788,24.3160813308688,34738.6587001,20.4568472081077,69.9650250827043,23.914364095377,91.7276502819515,81.7048780487805,365.549907578558,100.0
ISR,2013,22.578207348874,3.03,3.3,7.42144177449168,2662.60942480489,24.043438077634,35489.5086561247,20.5672452681451,64.1340511293501,22.3351826403335,91.7227831465406,82.0560975609756,372.435304990758,99.9999987902256
ISR,2014,21.175469715827,2.82,3.7,7.52310536044362,2528.01855666417,24.8475046210721,36129.3146105805,19.9174851566845,61.7133541160002,22.8773413865491,91.7151980935716,82.1536585365854,379.653419593346,99.9999994311655
ISR,2015,22.1043027343095,2.9,3.7,7.62476894639556,2607.84399987972,24.6719038817006,36213.1041481958,19.9747306038652,58.897971915566,22.0950032219134,91.7042921554705,82.0512195121951,387.250462107209,100.0
ISR,2016,18.8170113677762,2.79,4.0,6.46950092421442,2569.21718310487,25.5083179297597,37093.7879065422,19.1238077128283,57.7990316850783,23.0646486702564,91.6894623646632,82.4073170731707,394.916820702403,100.0
ISR,2017,20.0293441275017,2.64,3.9,6.46950092421442,2481.51602271413,29.7597042513863,37963.0491190696,18.564684688678,56.2801142540924,23.1765981056332,91.6701057535759,82.5512195121951,402.647874306839,99.9999992350347
ISR,2018,20.5625974806507,2.59,3.8,6.46950092421442,2490.06554012289,29.6349353049908,38729.6426036983,18.8202979612975,58.7437542387448,24.1309941879779,91.6456193546346,82.8024390243903,410.480591497227,100.0
ISR,2019,19.5556432093837,2.46,4.5,6.46950092421442,2407.97500275888,29.5009242144177,39407.2016076709,18.9233446958735,56.325348642584,23.8648600543139,91.6154002002652,82.8048780487805,418.391866913124,100.0
ISR,2020,18.5982756348314,2.59,5.6,6.46950092421442,2453.62703150387,25.0369685767098,37935.5432717179,19.4382959029959,51.2366737920366,24.6898161307496,91.5788453228939,82.6487804878049,425.836414048059,99.9999976530211
ITA,2008,20.9957277217196,2.88,10.8,30.0836675481371,3067.89962633863,48.8884680675508,33550.6340800063,23.2117440039014,54.2142548956671,22.0387757321995,67.9071958431441,81.4853658536585,200.22853191216,99.7627592709386
ITA,2009,20.4038156165254,2.84,12.5,30.3064439770322,2848.10100531328,47.2828843695683,31587.0638416305,21.3840948097691,45.1414765721604,19.7023773902113,68.0494239486665,81.6365853658537,201.392725501999,99.788471738131
ITA,2010,20.1712406113281,2.86,12.8,30.5292204059273,2904.35856014464,48.45088902265,31928.5543621096,21.369080166955,51.6621118138339,20.7969716146664,68.2163741829857,82.0365853658537,202.285308976795,99.8141842053233
ITA,2011,21.3353676583094,2.75,11.9,30.7111775407652,2798.23628262725,46.8439526846523,32039.5032494316,21.2407342221272,54.4722149449288,20.6773631014391,68.4015073889511,82.1878048780488,202.986767799052,99.8398966725157
ITA,2012,18.765688121919,2.72,14.4,30.8931346756031,2680.46208450702,46.4259869199711,30953.4147447427,20.7948320119101,54.8844952702204,17.9698064515339,68.7608794235259,82.2390243902439,203.542723134878,99.8656091397081
ITA,2013,18.0540998276206,2.67,16.3,31.075091810441,2576.45615324387,46.0912085162215,30330.0221599668,20.6001539419293,54.0341846317499,17.0062223799047,69.3073989916076,82.690243902439,203.949752805037,99.8913216069004
ITA,2014,16.8936828833708,2.52,17.1,31.2570489452789,2433.16257781775,44.5086196984965,30325.0287793923,20.1870844682284,54.4545299332032,17.0766736026264,69.5807638614879,83.090243902439,203.980505075782,99.9170340740928
ITA,2015,17.7600165229672,2.6,16.6,31.4390060801169,2533.02354460955,43.7748124902779,30639.8829751432,20.2895283210976,55.4356858148221,17.2813174853484,69.6100006103516,82.5439024390244,203.672434549131,99.9170340740928
ITA,2016,15.7011486972657,2.54,16.1,31.6209699781549,2511.46353090755,43.3250596852407,31077.6792675211,20.6626457226581,54.4321467018313,17.7118639941996,69.5969232525286,83.2439024390244,203.285640373599,99.9170340740928
ITA,2017,15.9660261772019,2.54,16.4,31.8029338761929,2557.32535513975,43.3743295977925,31635.52277108,20.7926142437946,57.5829940274911,18.1694222906025,69.5180784259382,82.9463414634147,202.903617635721,99.9170340740928
ITA,2018,16.3354361294692,2.47,17.1,31.9848977742309,2503.3498604998,41.948748469826,31819.3971830067,20.9865490224579,59.2749835128154,18.6608716078644,69.4800033569336,83.3463414634146,203.398704170865,99.9170340740928
ITA,2019,14.8936858575121,2.43,17.3,32.1669704480973,2494.02659804115,44.3699956377212,32180.4341017428,21.0122984359559,58.6941902594738,18.3641315277239,69.5050010681153,83.4975609756098,201.980545589195,99.9170340740928
ITA,2020,14.6586386239905,2.47,18.7,32.3489349614665,2313.10006204514,42.332263616904,29469.7989238626,20.9642039077686,53.9394839042764,17.8986868297166,69.5187492370606,82.1951219512195,200.999100491348,99.9170340740928
JOR,2008,32.6229787911999,3.87,2.7,1.10494106980961,1011.34553533121,11.0210788757933,4489.95545537311,29.6449857442188,140.91292596092,36.0506744249725,80.1290966207551,73.563,79.2142565729828,98.7270120484555
JOR,2009,33.3245403464634,3.88,2.8,1.09822031989187,1044.29967184826,11.5453931065555,4615.23067817324,27.7593449666661,112.151998187109,32.5395198179394,81.1117480967305,73.707,80.4432642487047,98.7796045730845
JOR,2010,33.5950845427671,3.62,3.0,1.09822031989187,973.413219547318,11.2897048884884,4621.5742854131,26.2668286391472,114.222677694125,35.0376311945169,82.2601083887084,73.797,82.1924194638432,98.8292687560561
JOR,2011,29.6624260829934,3.5,3.0,1.09822031989187,944.486189633114,11.2930840279342,4631.67703841605,26.7946694331519,118.699679501801,31.7477038455304,83.5505043825064,73.929,84.2579860328903,98.8761377842126
JOR,2012,29.0244573141249,3.8,2.9,1.09822031989187,1034.50305837685,11.769542689795,4677.47613977192,25.8078043078824,117.855587685189,31.0322030208821,84.9592629639423,74.087,85.4598670871818,98.9204228747465
JOR,2013,32.6779191249103,3.64,3.1,1.09822031989187,966.849898090231,11.901329128182,4556.52023716712,25.6406605947577,111.451527997628,26.5997319791875,86.4627110188335,74.282,90.0181234512278,98.9622049918779
JOR,2014,30.2022455384946,3.73,3.1,1.09822031989187,930.16049745624,11.9846812345123,4282.11872849239,25.5087965588519,109.938805535022,25.8085951940917,88.0371754329978,74.606,99.0280468574003,99.0017546060361
JOR,2015,32.1142375115077,3.84,3.2,1.09822031989187,903.433667037898,11.8979499887362,4042.75678097555,25.2328062594007,95.3579122266791,24.8350329106344,89.8881391939133,75.06,107.509900878576,99.0291191427992
JOR,2016,28.3754804489745,3.87,4.7,1.09822031989187,887.616759444148,12.0067582788916,3933.14704611068,24.6693119626594,88.7207178954687,23.4044187563796,90.56272794707,75.55,112.70969813021,99.0560992908943
JOR,2017,28.3831683592571,3.99,5.3,1.09822031989187,917.041568368822,11.3426447398063,3940.70199181145,24.5139698529782,89.7316005071358,24.717360352457,90.8764609714428,76.071,115.276255913494,99.0826264544025
JOR,2018,30.8911213683016,3.8,7.2,1.09822031989187,869.212005052558,11.5093489524668,3928.77026821205,24.0778332538588,87.6359151906857,24.3624336974922,91.2008859099729,76.491,117.84530299617,99.1124406003234
JOR,2019,31.2597313487439,3.61,8.5,1.09804716534901,811.583012032737,11.6730860193256,3919.06426916073,24.1116880393062,85.6878334964204,21.4133341743379,91.515966492507,76.865,120.187073450909,99.1420002561378
JOR,2020,28.7737639174179,3.49,10.7,1.09804716534901,754.943831707803,11.5886208527603,3806.87949354914,23.5538100159112,66.0599488089059,21.4585413761158,91.8216722992319,75.583,122.364439038674,99.1712730302314
JPN,2008,11.2279961123512,4.19,4.4,68.4444444444444,3867.13557310575,13.7152263374486,33557.6454041595,28.7829764402439,34.1294765412245,25.869579962101,89.2921563808851,82.5875609756098,351.338820301783,98.659309501137
JPN,2009,10.9376728653037,4.26,4.5,68.4691358024691,3709.02326188514,13.6477366255144,31651.0837739562,27.1112122235818,24.3901665338555,22.6031764761029,90.1131158718189,82.9314634146342,351.294924554184,98.6942333988975
JPN,2010,10.8511260577664,4.3,4.7,68.4938271604938,3900.21212768124,13.5884773662551,32942.2020783835,28.3359701667911,28.4984726938389,22.5903041279796,90.6228586840649,82.8426829268293,351.358024691358,98.7291572966581
JPN,2011,12.2742530701447,3.98,4.8,68.481755829904,3620.18019068219,13.4951989026063,33011.1342301291,26.7014360671016,30.1949607286296,23.5405686895679,90.8631654434251,82.5912195121951,350.707818930041,98.7640811944187
JPN,2012,12.8068431271902,3.83,4.7,68.4696844993141,3536.70253450885,13.4567901234568,33518.4449368599,26.562641428228,30.4709109171752,24.0049297197241,91.0265277326652,83.0960975609756,350.148148148148,98.7990050921792
JPN,2013,13.2542512411266,3.78,5.0,68.4576131687243,3567.33780517627,13.4211248285322,34239.8862473488,26.6507450551464,33.9787686509511,24.4176240405457,91.1516595654317,83.3319512195122,349.643347050754,98.8339289899398
JPN,2014,13.740610303435,3.64,5.6,68.4455418381344,3445.81632921551,13.360768175583,34386.9058552671,27.3136267349767,37.4314345686579,25.0363619892408,91.2548945132333,83.5878048780488,349.179698216735,98.8688528877004
JPN,2015,12.8685359282927,3.53,6.2,68.4334705075446,3400.59271053608,13.2949245541838,34960.6393843385,28.5837114240167,35.4274083544798,25.1653478796719,91.3532644103625,83.7939024390244,348.809327846365,98.9037767854609
JPN,2016,12.799061198144,3.48,6.4,68.4224965706447,3370.8877963853,13.2043895747599,35242.199377148,28.6299476490573,31.3102468455884,24.8355973184149,91.4541254852142,83.9848780487805,348.631001371742,98.9387006832215
JPN,2017,13.1198276213348,3.44,6.9,68.4087791495199,3391.05041453219,13.1083676268861,35861.9728545672,28.8824260088632,34.4232135721686,25.2148269758242,91.5498419685883,84.099756097561,348.345679012346,98.973624580982
JPN,2018,13.0790330283313,3.36,7.3,68.4087791495199,3343.05412833973,13.0205761316872,36138.5290824814,29.0140076866127,36.609931802107,25.6417143090178,91.6377318609728,84.2109756097561,347.903978052126,99.0085484787426
JPN,2019,12.9378727869587,3.29,7.8,68.4087791495199,3261.62024942915,12.9355281207133,36043.7844013518,28.8040848106902,35.2164181084145,25.7896961306359,91.7164207898107,84.3563414634146,347.415637860082,99.0434723765032
JPN,2020,12.835201662985,3.2,8.5,68.4087791495199,3046.85480668859,12.8449931412894,34642.9718743239,29.0568076109153,31.335208636773,25.2240172261075,91.7809926267889,84.56,346.395061728395,99.0783962742638
KAZ,2008,18.0929972634543,9.35,1.1,1.14721220876394,4253.35380920843,78.1017890876764,8216.52181589585,40.2502455752721,94.2948046483658,27.5064843034904,54.1287736358813,66.759,6.08457421194948,92.9935442795373
KAZ,2009,19.1301256047702,8.39,1.3,1.14444349372152,3819.51468551316,78.0765640626736,8218.39912556048,38.4314808509372,75.7660674636533,29.4145645191248,54.1167144748885,67.46,6.15618253880061,93.3518871209981
KAZ,2010,20.5118750922389,8.52,1.4,1.14167481572027,4105.7018942109,80.4392339889617,8704.70655484556,40.6024221199984,74.1382658957842,25.3735490201768,54.2054127497102,68.257,6.23654850538949,93.7090293283348
KAZ,2011,25.4893926987852,8.87,1.4,1.15843793754862,4532.00308919896,80.3750416712968,9223.3021336315,37.2660880953566,73.1178570509129,22.9981460184012,54.3996086425518,69.108,6.32144386413305,94.0651716304314
KAZ,2012,27.2031824448933,8.07,1.3,1.17520102233582,4270.24340373999,80.3837833833389,9531.91477617058,36.3028533254093,73.7237324891671,25.2296602336096,54.69208192838,69.939,6.4103811534615,94.4202016510081
KAZ,2013,25.8443738560699,8.41,1.2,1.19196410712301,4645.78037421422,80.3771159758492,9959.72586930534,33.6988156382046,65.4076093299538,24.5696053585629,55.0779764821252,70.719,6.50313071822795,94.7741258840317
KAZ,2014,23.8358367012493,6.44,1.3,1.20872722895136,3698.18319229425,80.304996851502,10226.7100539683,33.2094258316125,64.9720346513507,25.7902472414133,55.5524361787178,71.415,6.5993573360003,95.1268706638543
KAZ,2015,22.5590495991917,5.36,1.7,1.22549031373856,3050.9438545054,80.1050857502685,10196.1226255982,30.8547873936113,53.0497288072652,27.9079156027413,56.1106048930882,72.024,6.69858465755454,95.4785790078555
KAZ,2016,22.7637525232887,6.21,2.1,1.23632625847316,3389.09731833891,80.0985665073897,10151.423313302,31.9797903606788,60.3115965864153,27.8275828886455,56.7476265001667,72.549,6.80208912101345,95.7465813403663
KAZ,2017,21.0166106765309,6.08,2.0,1.24716079564396,3404.26707460291,80.088046820017,10404.2718646317,32.3252253010728,56.825387935971,26.3524825267661,57.4586448748837,72.996,6.90889024706449,95.9970182861121
KAZ,2018,20.5938700993782,6.65,1.9,1.25799207319332,3814.13873379292,80.0222617327851,10670.2120148279,33.4962004017876,63.5279565118188,25.258212709599,58.2388038921695,73.369,7.01290032225803,96.3060818845049
KAZ,2019,20.8569853852639,6.27,1.9,1.26882246175501,3753.15793323889,79.2585472459903,10989.6840718388,33.028795913527,64.8586165517565,27.6275749485747,59.0832474269546,73.658,7.11544060451161,96.6144824644743
KAZ,2020,20.0278724259165,5.83,1.8,1.27965329481053,3388.38789091494,79.3233322220988,10565.0359816235,33.0977971542858,57.0264423660931,28.8069153648376,59.9871193541692,71.195,7.21640071119013,96.9217657494766
KEN,2008,20.6165316808836,5.3,78.2,6.47522577924588,456.15344235827,47.5958372280985,1273.77226103073,18.5827717274425,57.5785986473131,19.6127114227698,31.4230276259143,59.955,68.8870067118811,52.2521176288935
KEN,2009,21.8123400307101,5.44,75.6,6.41463436061426,470.588388726011,47.9865096461328,1276.73503486074,18.386624667775,45.9451918127805,19.0191724248254,31.8603086707305,60.483,70.9999139051903,53.100725539255
KEN,2010,23.125672688558,5.18,74.0,6.35404294198264,469.595821222952,48.11958182521,1340.16467408856,18.5746727706851,50.3942873502834,21.2639987992095,31.8713287706458,60.915,73.0902185753945,53.9464421270489
KEN,2011,25.1822165114232,5.1,74.7,6.32103524616087,472.715162690229,49.0740895034614,1370.58000874482,19.6629008334867,58.4022059745625,21.8858122759467,31.8673949025409,61.283,75.1281951716625,54.7912792060119
KEN,2012,25.6442241015428,4.9,76.2,6.28802755033911,462.749845582612,49.6703443792388,1396.30178709756,19.26155255789,51.6236920232481,22.1933629258823,31.8558130142761,61.537,77.1133692940226,55.6346101711392
KEN,2013,24.5757635874676,4.96,74.3,6.25501985451734,471.435474475568,49.7928697684225,1413.94142522583,19.0802591143975,47.4646425127304,22.4049681039862,31.8324454433988,61.729,79.043453280388,56.4770636530803
KEN,2014,23.7513870283134,5.13,71.8,6.22201215869558,497.485664126512,49.747157992761,1450.59338202277,19.0360328023672,46.170489362216,24.9507189987733,31.7931545274563,61.99,80.9140808939804,57.3176013376785
KEN,2015,24.7760612569464,5.34,69.2,6.16780662377195,530.458901047223,49.5619679036477,1489.11959777284,18.8940456983605,40.3273846919019,22.1033982020293,31.7338026039958,62.279,82.4529008736797,58.1564256572864
KEN,2016,24.0211862534612,5.27,68.3,6.19833694004437,533.407778503543,49.6614869747445,1517.97796057742,18.1621592865164,34.8650195731824,19.3484358309332,31.6502520105647,62.526,84.0057771361452,58.9933330324144
KEN,2017,19.9015512654464,5.24,68.1,6.22865954160824,538.606903918261,48.9288901383398,1542.33773973372,17.5035092078691,35.9950578754074,20.6634949022773,31.5383650847102,62.725,85.5601194522199,59.82810250315
KEN,2018,20.9875653334569,5.09,68.7,6.25877654107482,546.495296692888,49.5521664949056,1596.69045914945,17.313146131064,34.4147531767425,19.3759862497025,31.3940041639796,62.825,87.019449386981,60.6609028100369
KEN,2019,19.5705272264405,4.93,68.1,6.23762944896123,543.883187157453,49.5174851803854,1645.70961777862,16.9305452274709,31.759461841481,19.3418324204191,31.1895566421135,62.939,88.4453894988127,61.4907638599362
KEN,2020,24.3917906517518,4.96,69.0,6.21662477880402,534.753957479746,49.3892110936528,1609.33414078281,17.4002876322786,30.3991387830411,19.6515841707054,31.2063494632616,61.596,89.8940686683206,62.318211896262
KGZ,2008,23.9058824329157,6.0,22.0,6.36039624608968,593.947817714401,55.9290928050052,966.409971184817,20.4289120967446,146.106082230139,28.9489600349802,35.2897130588983,68.4512195121951,27.7305995828989,85.2935211424602
KGZ,2009,25.0494148008925,5.33,24.7,6.38582898852972,535.174330847579,55.3561001042753,981.220904665529,23.6357293329934,133.379153167955,27.2703554118343,35.2815523593591,69.1024390243903,28.1003284671533,85.8977915351228
KGZ,2010,26.5919253330871,5.11,25.6,6.41126173096976,503.615577108919,55.3279457768509,962.764789828724,26.2652737926744,133.232850492333,27.4015935976563,35.267768240398,69.3,28.5039572471324,86.5050830438754
KGZ,2011,33.450584373058,5.8,26.0,6.43433785192909,596.801790099001,55.3102189781022,1005.4831781815,27.4490880946162,136.179840420492,25.4729638297404,35.2466507961984,69.6024390243903,28.9185974973931,87.1151364127598
KGZ,2012,34.3817087122114,7.25,22.4,6.45741397288842,731.356416357898,55.2205422314911,985.8472865972,22.2571297250342,139.675937840309,34.961073696667,35.218916221918,70.0024390243902,29.4685922836288,87.7276670753468
KGZ,2013,33.828057010964,6.16,24.8,6.48049009384776,674.45237437711,55.0401459854015,1069.78404438716,24.843594671242,134.026785643922,33.8988355585277,35.1850529225105,70.2024390243902,30.1206986444213,88.3419389786488
KGZ,2014,30.5484635194377,6.21,26.6,6.50356621480709,691.53854362528,55.0422314911366,1088.58214229508,23.8882289228189,125.126181075833,36.7567270785188,35.1455493029297,70.4024390243902,30.7916996871741,88.9576674918841
KGZ,2015,29.7484121402712,5.82,23.5,6.52664233576642,659.12770366868,55.0375391032325,1105.65193844261,25.0780623169816,110.961570714633,34.6714692626578,35.1008937681291,70.6512195121951,31.4913242961418,89.5744309454191
KGZ,2016,29.0193222002259,5.41,22.2,6.54973931178311,624.353480068472,54.958811261731,1128.3161612818,26.5464240007793,105.823574017406,33.9391792937351,35.0515747230627,70.9512195121951,32.1967570385819,90.1919244806244
KGZ,2017,26.8562254174832,5.15,24.7,6.57280604796663,609.705598460026,54.9535974973931,1157.18275758067,27.3080934715766,100.617445813258,32.9020914624365,34.9980805726839,71.2,32.8816266944734,90.8095804433615
KGZ,2018,27.4518144818682,5.89,23.4,6.66788321167883,707.081191051891,54.0709071949948,1175.0712778747,27.4785136821163,98.8755599017608,36.0166291525462,34.9408997219466,71.4,33.5979092805005,91.4270880471421
KGZ,2019,26.7613844313409,4.97,28.3,6.76298227320125,609.881986975567,54.0583941605839,1201.87701429721,26.5803149529246,94.4302823542939,34.4462636342397,34.8805205758044,71.6,34.3598070907195,92.0438993396
KGZ,2020,24.3817252281764,5.04,30.0,6.85808133472367,562.289152674562,54.0552659019812,1093.32856461422,26.9042468476068,78.9922784304738,25.0304913984711,34.8174315392111,71.8,35.0708863399374,92.5873159897583
KHM,2008,27.7883527366484,4.76,74.1,60.2061182868797,296.389616055637,30.3365057783821,1090.57475806147,26.0495966887473,130.393510678736,23.0800200013877,19.6574509865325,66.147,79.6140890550646,63.6884209485264
KHM,2009,26.427137256084,5.07,68.0,60.0974790392024,311.4624062289,30.1876954452753,1117.25834194514,25.5665162922046,102.2879490147,26.3323279290139,20.1979728726519,66.747,80.8792771357353,65.049262160306
KHM,2010,24.8224340951565,5.05,64.8,59.988839791525,323.255970747488,30.4861262179923,1155.85236856699,26.0088985136981,109.998400607758,22.317490039603,21.1232251168762,67.311,82.1477792884659,66.3891055650022
KHM,2011,21.6807107694691,4.81,64.0,58.0146612281894,325.063800981871,30.7794912757761,1221.38839852454,26.6606926732023,109.790505166814,22.3677149230901,22.3824788531276,67.869,83.4046227056424,67.7079968252659
KHM,2012,22.9965791117395,4.68,64.4,56.0404826648538,334.025964498856,31.1509018808067,1295.25271477893,27.6110297650086,116.740233418212,24.6712332656387,23.9411047582349,68.371,84.6651087695445,69.0059822259685
KHM,2013,25.7785023524529,4.47,65.0,54.0663041015182,337.778887518004,31.4524427826875,1376.29557595926,28.9581198037895,124.887552768657,26.8520095001976,25.7644735090271,68.755,85.9404486743712,70.2828703284751
KHM,2014,22.1052880421246,4.5,63.7,52.0921255381826,359.949524640373,31.6826087695445,1464.53115866927,29.9169916479613,124.454908526693,30.0126716073678,27.8179557823331,69.117,87.2239519601178,71.539204338713
KHM,2015,21.599028896344,4.58,60.6,50.117946974847,379.745573981888,31.9960571040109,1547.32010444393,31.4639051712341,122.109596815379,29.8714938168298,30.0669222549819,69.398,88.5069737140267,72.7747960661074
KHM,2016,22.4071810127085,4.74,58.0,49.2359506004985,412.747652430932,32.2909811919329,1645.46671578126,33.0562094608004,122.704555602667,30.3850325759008,32.4767436038024,69.635,89.8074042601405,73.9897142664689
KHM,2017,20.7075312769695,4.59,56.3,48.35395422615,418.953616262105,32.7703597326082,1753.93530504662,34.2980809169165,121.155451298689,30.6334526919382,35.0127905056235,69.842,91.0569453886245,75.1838204777674
KHM,2018,22.9919425508182,4.58,58.1,47.4719578518015,440.94962587052,33.1881078631317,1884.28374817086,36.8714237524226,118.43765541305,30.7394192448512,37.6404336372742,69.993,92.1964763199638,76.3583989017941
KHM,2019,22.9738017157091,4.85,53.0,46.589961477453,489.36782496618,33.7162803081804,2008.32094006706,39.0455946521572,115.736679072448,31.3945541935104,39.5830241256026,70.127,93.3679129843644,77.5132246974306
KHM,2020,24.1436022803452,5.09,51.4,45.7079651031045,516.116717657277,34.3013919102651,1908.63427518336,37.4576122779361,122.105396346568,31.351227539335,39.832658030922,70.059,94.7511556764106,78.6484857238686
KOR,2008,22.504125458493,6.0,1.1,66.0356737808021,4512.96932152779,18.733890091762,24934.5396367691,32.5801769931808,92.0833544961819,33.7038348910437,81.8350833138518,79.5170731707317,505.770780492834,98.9084790994141
KOR,2009,21.9445322992938,6.01,1.2,65.8963527714816,4557.69756825002,18.4937152276942,25009.9148311999,33.0718219588777,83.1246099057162,29.5580079908835,81.9245045084002,79.9682926829268,508.013960436843,98.9799119351498
KOR,2010,21.7913866730167,6.14,1.3,65.7098765432099,4920.34159542887,18.2407407407407,26623.0487122927,34.4083287071276,88.0278677123124,32.7792421992313,81.9685075986486,80.1170731707317,509.815967078189,99.0513447708854
KOR,2011,24.8830450375162,6.17,1.4,65.6137462701924,5114.96282558864,18.068731350962,27393.455357272,34.8688946576209,101.68061646213,33.2613430738444,81.9615408086376,80.5682926829269,513.804280275749,99.1227776066211
KOR,2012,25.5767916080653,6.09,1.6,65.4300688521221,5122.94213308196,18.3742678039256,27944.0564190045,34.7007966708538,101.51727207905,31.2149587741292,81.9087898200378,80.819512195122,515.875583187751,99.1942104423568
KOR,2013,27.4929658439861,5.91,1.9,65.2495227146758,5108.23633855207,18.154291462238,28732.711152033,35.1987111905484,94.1675235855873,29.8990183063853,81.8269383502703,81.2707317073171,517.612269825303,99.2656432780924
KOR,2014,28.3760075385872,5.83,2.9,65.1442060966848,5136.98533019492,17.9441650415683,29470.6732991655,35.0245177739824,86.9342577972039,29.7893883422049,81.7315682816954,81.7219512195122,520.852499230217,99.3370761138281
KOR,2015,26.2899620146574,5.76,2.7,65.0315562625071,5239.00345362778,17.815177792601,30171.7906545222,35.113231110723,75.3881774564907,29.3122032932439,81.639489860678,82.0243902439024,523.525547744882,99.4085089495638
KOR,2016,26.6704344134095,5.79,2.6,64.8791145667716,5390.84042635905,17.4460708387613,31005.4072876388,35.226493712639,69.8997221316919,29.9823963274728,81.5559241797057,82.2756097560976,525.370072521002,99.4799417852994
KOR,2017,26.0043671138493,5.61,2.8,64.783099169316,5467.82224967457,17.1951594708235,31979.9027302467,35.6298842658067,73.1921408264016,31.9652912711332,81.471030429984,82.6268292682927,526.734806686494,99.5513746210351
KOR,2018,25.9343920098722,5.45,3.2,64.6739130434783,5531.77957372505,16.9401148482363,32852.8887488942,34.9767074768513,74.7075162140824,31.2486531343572,81.3823523035196,82.6268292682927,528.969011484824,99.6228074567707
KOR,2019,26.0153634264606,5.29,3.2,64.5184426229508,5334.67385872126,16.7725409836066,33496.3113815643,33.6464921028153,71.4470632403511,31.1955884616555,81.2901063535619,83.2268292682927,530.377274590164,99.6942402925064
KOR,2020,25.9439899531653,5.25,3.6,64.4159836065574,5195.91011087811,16.608606557377,33215.9298928108,33.3563261777639,65.544957860621,31.5248657192138,81.1759595622913,83.4268292682927,531.109006147541,99.7656731282421
KWT,2010,61.3527403418571,7.42,0.0,0.350729517396184,11311.9365859367,8.5297418630752,32568.4981754501,66.0655582815397,97.0280216600064,17.6584741694241,100.0,77.7262195121951,165.172390572391,100.0
KWT,2011,65.1115344079268,6.58,0.0,0.350729517396184,10504.8801729128,8.55780022446689,33545.346271839,72.7249733972566,99.1164927646913,13.5481349757935,100.0,78.052243902439,175.803254769921,100.0
KWT,2012,65.1385584071027,6.67,0.0,0.350729517396184,10424.3416746399,8.5297418630752,33578.3309651964,74.8123207433144,101.011435104032,12.8349439592807,100.0,78.3950243902439,187.267620650954,100.0
KWT,2013,66.1412461870028,5.57,0.0,0.350729517396184,9775.19621173225,8.61952861952862,32311.1800008536,73.0986938777857,97.6054913328151,14.3514402143401,100.0,78.7418048780488,196.848709315376,100.0
KWT,2014,50.028931868526,5.68,0.0,0.350729517396184,8681.35167846512,8.53535353535353,31073.1537300624,70.5483167543953,100.037189841844,16.2902579989347,100.0,79.0803414634146,205.716947250281,100.0
KWT,2015,64.5479644305319,7.09,0.0,0.350729517396184,9731.54449633626,8.38383838383838,29882.2126495698,55.9358456541559,98.6999884455485,25.4281227135199,100.0,79.3765609756098,215.183726150393,100.0
KWT,2016,59.2319560603482,7.27,0.0,0.350729517396184,9684.89135568875,8.41750841750842,29454.4426388829,52.134780154177,96.1576723758617,29.9591125059994,100.0,79.6775853658537,224.696745230079,100.0
KWT,2017,58.1291719707309,7.18,0.0,0.350729517396184,9526.71485045218,8.49607182940516,27048.3706935958,55.6192158978196,97.840046457409,27.730838747062,100.0,79.9160731707317,233.1544332211,100.0
KWT,2018,63.4583554482098,7.24,0.0,0.350729517396184,9772.0088330557,8.41750841750842,26706.0191660864,60.1276537174576,102.785630655,25.5469562847273,100.0,80.1063658536585,242.621492704826,100.0
KWT,2019,52.7825054963873,7.69,0.1,0.350729517396184,8352.78024104055,8.41750841750842,26580.2264741607,57.7186566770031,91.6857123895953,23.0019978533703,100.0,81.969756097561,249.288215488215,100.0
KWT,2020,53.7151434413218,7.32,0.1,0.350729517396184,8871.9407246336,8.41750841750842,25541.5378987908,48.4612101735294,82.0125101293052,18.6506487501557,100.0,78.7609756097561,246.928563411897,100.0
LAO,2008,26.8823653754409,3.48,69.3,73.8188908145581,406.727596705488,9.11611785095321,1381.73754223953,26.9497231702456,81.8491820941317,31.68198579384,29.4034348148069,62.248,26.6419800693241,64.6620895988517
LAO,2009,25.7049537211446,3.44,66.4,73.6089688041594,420.269670847966,9.39341421143848,1463.3379666846,25.163093788149,76.930826218652,33.9384705525426,30.0420311503825,63.023,27.0435095320624,66.4995750629687
LAO,2010,24.2304166685204,3.3,64.8,73.3990467937608,425.369477265063,9.50389948006932,1564.91068311647,30.4660210858755,84.7203378916677,27.4624877401915,30.6468600890172,63.69,27.4445147313691,68.3192708714706
LAO,2011,20.5789011650413,3.1,63.6,73.2495667244367,424.226591651912,9.61785095320624,1666.40086189871,30.815970194642,91.6986958680216,28.0678025249814,31.2146877128668,64.505,27.8448440207972,70.1211055659738
LAO,2012,22.4365696992954,2.93,62.4,73.1000866551126,430.517609314187,9.782712305026,1774.63585203672,32.4366446720109,98.1851264313662,32.504255276611,31.7422801040872,65.126,28.2451386481802,71.9052632997901
LAO,2013,24.2423626108046,2.98,58.6,72.9506065857886,446.093067662227,10.1490467937608,1890.27861294875,30.4277075542967,98.1791466159604,30.6473220372757,32.2264033448341,65.723,28.6455155979203,73.6706450859176
LAO,2014,21.3928997917018,2.93,58.2,72.8011265164645,458.192519798491,10.3431542461005,2006.31195444447,28.815000545489,99.0597382933399,29.8013514004447,32.6638235172635,66.35,29.0432062391681,75.4180039823174
LAO,2015,20.1670988613747,3.83,53.3,72.6516464471404,602.339548780014,10.4545060658579,2121.01339097363,27.6933442499915,85.798321703681,31.556651604237,33.1240204432199,66.688,29.4698656845754,77.1470405122433
LAO,2016,22.463787282601,4.75,51.7,72.5021663778163,754.130255846522,10.5112651646447,2234.76098741846,28.7595046372574,75.0918909204124,29.0076540961796,33.8267455533474,67.014,29.934150779896,78.8579483150043
LBN,2008,20.9404521878108,2.71,5.1,13.4424242424242,1061.37912293521,64.8093841642229,7701.29823027979,16.212003826201,106.625673176194,27.9963212002476,87.2769743307677,76.956,481.461779081134,87.9816486553791
LBN,2009,21.7124533506863,3.14,4.3,13.4343108504399,1336.59416990092,64.8093841642229,8375.48851252821,15.4395167882731,90.3978388619092,26.9210161655957,87.4558678091878,77.262,488.004594330401,88.4397073756613
LBN,2010,22.0305714387326,2.8,5.7,13.4261974584555,1272.70442631431,62.5610948191593,8955.54336184707,13.809376206629,95.0966529416243,24.9372585130013,87.6392192810679,77.529,492.794525904203,88.8977660959435
LBN,2011,19.3450935433656,2.77,6.2,13.4844574780059,1257.01533623898,63.6363636363636,8936.20027462737,14.506216070168,102.139882412503,26.8463657489038,87.8270813653079,77.768,498.144672531769,89.3558248162257
LBN,2012,18.7841957919463,3.05,5.6,13.5427174975562,1383.47674048903,64.3206256109482,8920.8056984673,15.4855197381508,88.5455019230591,24.7872978801239,88.0195066808075,77.941,511.802737047898,89.8138835365079
LBN,2013,20.2507464209249,2.89,5.9,13.6009775171065,1238.32383382097,64.5161290322581,8443.53856528784,16.3437962275105,86.1743285920565,27.6124294369186,88.2165478464663,78.037,561.430694037146,90.27194225679
LBN,2014,20.3631198495282,3.0,4.2,13.6592375366569,1192.55300583176,64.7116324535679,7830.4151113336,16.2094101272442,79.8171565925627,24.9671951418081,88.4182574811842,78.148,620.429130009775,90.7300009770723
LBN,2015,20.6861467732003,3.28,4.2,13.7174975562072,1284.15018153506,65.0048875855327,7714.1099998804,15.7051846447457,71.8390426347811,22.2227792570986,88.6246882038608,78.275,632.694916911046,91.1880596973545
LBN,2016,19.360236111926,3.33,4.0,13.7761485826002,1356.17702319106,65.5913978494624,8019.1416913426,15.9539038084869,67.7236177908116,23.1425713718061,88.835892633396,78.306,618.089931573803,91.6461184176367
LBN,2017,18.8914613898948,3.5,4.0,13.8347996089932,1475.80821027467,65.8181818181818,8305.57405425721,14.9268797796791,68.4554292593276,21.787935227326,89.0519233886895,78.192,602.163049853372,92.1041771379189
LBN,2018,19.9808899582131,3.36,4.7,13.8934506353861,1431.81356091147,65.6451612903226,8388.7235123835,13.8056023781184,68.2573073043718,22.4871034019622,89.272833088641,78.263,584.957869012708,92.4654818371011
LBN,2019,20.5970090578064,3.63,5.1,13.9521016617791,1486.47574871806,65.6207233626589,8064.04873416236,12.4991181838946,62.98091601016,12.3224742609761,89.4986743521503,78.208,566.431476050831,92.6
LBN,2020,19.2310172881236,4.05,6.3,14.010752688172,1249.32146308929,65.8958944281525,6440.82843092922,6.63816639544826,50.1298042879627,8.09817736631194,89.729499798117,76.299,557.419159335288,92.6
LBY,2008,48.1068393184481,3.32,2.9,0.123327687918433,2578.95942858435,8.74376257430919,13403.0004645911,85.9203928517569,103.242158045544,21.6648129995476,88.1474456787109,71.936,3.54378417086284,93.0792486754992
LBY,2009,49.5419782839306,3.82,2.6,0.123327687918433,2784.55454632999,8.74376257430919,12549.0854345521,73.7972544656913,107.620930501039,26.0180306878529,88.1345825195312,72.071,3.61838094047308,93.0792486754992
LBY,2010,50.1076375660992,4.18,2.5,0.123327687918433,3131.50608317262,8.72443934210078,12913.9334939386,75.7449869936204,98.077213074239,19.8007992326027,88.1177139282227,72.196,3.69291917205633,93.0792486754992
LBY,2011,36.5734275927941,6.91,3.2,0.123327687918433,2631.72794552167,8.72443934210078,6569.59477578957,53.8989087023988,63.0054352895288,8.44242069649716,88.0970458984375,69.95,3.60503483865101,93.0792486754992
LBY,2012,33.0392584726512,4.24,2.6,0.123327687918433,3101.47681342856,8.72671266353706,12599.258882136,73.7369299183248,98.2243189168448,15.2187654168722,88.0727920532227,72.188,3.51189970105823,93.0792486754992
LBY,2013,41.8287621297505,4.68,2.4,0.123327687918433,2747.59073791604,8.72671266353706,10126.314927806,65.1237589148371,106.334360918106,21.6855173162296,88.0451431274414,72.339,3.58311149504984,93.3521899597212
LBY,2014,36.2943652311609,8.01,2.3,0.123327687918433,3550.5742819662,8.72387101174171,7644.24843947404,46.7692775548728,76.5248826381117,26.2237211424,88.0142059326172,71.3,3.65280243700058,93.625131243943
LBY,2015,36.08680012119,7.74,2.9,0.123327687918433,3230.9775723301,8.72387101174171,7458.48917756374,34.8289693278703,56.9049073326883,17.382012837146,87.8159103393555,71.644,3.71223103765757,93.8980725281649
LBY,2016,38.1668032978199,7.87,2.8,0.123327687918433,3118.86767779323,8.72387101174171,7236.16409923502,26.0770762664238,41.1101760615135,13.8004674607543,87.8160056703177,71.799,3.76923855098492,94.1710138123867
LBY,2017,33.6859220495799,6.66,2.9,0.123327687918433,3485.70959421231,8.72387101174171,9435.60060040046,38.9800161101817,47.5489661921214,13.7077561764599,87.8166729870528,72.721,3.8298475737977,94.4439550966087
LBY,2018,41.4209740874326,5.55,2.9,0.123327687918433,3055.56390358683,8.72387101174171,10020.9165751361,49.676758007488,63.7811335968183,15.1337630488594,87.818484275334,73.151,3.89252588744786,94.7168963808305
LBY,2019,36.4844732200514,7.02,3.0,0.123327687918433,3413.9338523206,8.72387101174171,8768.4104874586,49.9776179313478,78.9939691850138,13.7553442934446,87.8220115209342,72.941,3.95048308080521,94.9898376650524
LBY,2020,32.9707065002742,4.44,3.2,0.123327687918433,1687.13966145733,8.72387101174171,6102.79864032512,15.9502036425113,50.9757934373319,9.44983047721509,87.8278267096263,72.388,4.00411414346932,95.2627789492743
LKA,2008,24.4035585686367,2.21,61.6,33.7454951363419,437.179899601695,41.4224206665604,2708.58594222506,29.3711947494741,63.369043608222,27.5523830555003,16.2762363395441,72.556,328.964726518896,85.8700345787064
LKA,2009,23.3387605668271,2.16,63.5,33.6453516185616,441.000672616531,41.6137777069048,2787.27350976338,29.6714387318411,49.1491415308235,24.4338657450541,16.7428136405592,70.298,330.990830808484,86.149546290692
LKA,2010,22.0458163253294,2.14,61.9,33.5452081007814,467.291270770327,41.7796204752033,2993.01411511147,27.7831982984661,48.77727974383318,26.07418792251543,17.2486209380693,74.463,332.946723010684,86.4291556311836
LKA,2011,19.3067208821847,2.0,56.4,33.625578057726,472.004070198765,43.5337266783607,3232.37350382301,29.0731497643121,48.40541795684287,27.714510099976767,17.7881192817964,74.74,335.019103811194,86.7091246125712
LKA,2012,20.9131853685461,1.89,52.9,33.7059480146707,481.924833084376,43.6931908786477,3484.79049033884,30.9698538096371,48.03355616985255,29.3548322774381,18.2617686748284,75.187,337.577069047999,86.9893246653002
LKA,2013,21.9721781997635,1.67,56.9,33.7863179716154,456.565215233171,43.6931908786477,3728.93586647848,30.7956807273264,47.66169438286223,30.99515445489943,18.4323136480916,75.546,328.257056290863,87.2717415635994
LKA,2014,19.7831265390581,1.69,54.2,33.86668792856,485.842992855467,43.6931908786477,3929.92062032185,30.5178954294297,47.289832595871914,32.63547663236076,18.6153877203724,75.757,331.334715356403,87.5563586215225
LKA,2015,17.9117046245301,1.69,51.3,34.3951658507424,501.472734960701,44.2699497519913,4057.7158346231,29.5354178735039,46.9179708088816,34.2757988098221,18.796256612131,75.99,338.810527846445,87.8430484990773
LKA,2016,19.521371968942,1.76,45.1,34.3441099962839,542.532333545075,44.4315189116701,4214.74117992085,30.4827177292135,46.4715370252187,36.453044458329,18.9747679368162,76.136,342.672030762768,88.13156471936
LKA,2017,18.3492016336564,1.59,45.8,34.2930541418254,514.191694784091,44.5963194545425,4436.00789945768,31.1282786464433,47.1404098004644,39.7266305226638,19.1507693078088,76.239,346.614318258931,88.4218720472391
LKA,2018,20.8478350946817,1.55,47.9,34.2580499159447,508.499276672792,45.448079658606,4493.03575444544,30.0568195254141,49.8093967521361,38.0567747750533,19.3241083384127,76.485,350.284495021337,88.7139577159347
LKA,2019,19.779803654502,1.61,46.1,34.2067102490331,523.423393496303,45.4472947072851,4455.78189608267,29.1910098710383,49.42552388546,34.1087160599303,19.4946326418437,76.698,352.431694638296,89.0074705240203
LKA,2020,19.9644408635608,1.66,49.3,34.1580989330747,511.066363818929,45.4574846427417,4227.23315306594,28.235832875126,37.089118857292,32.8711231474519,19.6621898312161,76.928,354.332363401229,89.3024800646489
LTU,2008,14.1446134543711,4.65,18.3,34.1443956920622,2978.8832571652,42.6342241723175,12324.5197331387,29.2009086287297,126.759707831841,28.2461520781263,66.7527770996094,71.8121951219512,51.0288153171121,93.3530575915625
LTU,2009,14.0443261395798,5.02,20.1,34.3837255684085,2771.81869908328,42.9038691663343,10612.9204044582,25.0207491016076,105.040251236614,12.9798453346191,66.7816619873047,72.9146341463415,50.4653530115676,93.8193881104381
LTU,2010,13.8485379434341,3.97,21.5,34.6230554447547,2276.51776090125,44.2329477463103,10884.1161852582,26.2116518144494,131.626507396009,17.8578010235461,66.7712860107422,73.2682926829268,49.418141204627,94.2758564978179
LTU,2011,12.3194519812497,3.88,22.7,34.6778568465392,2412.97760145453,44.7697609854166,11836.7200384033,28.3534317115284,149.645306927215,22.3672029077554,66.7518340055756,73.5634146341464,48.3153301209433,94.7419457559993
LTU,2012,12.373124789345,3.78,23.9,34.7321058174043,2468.16458396119,45.3489485273,12516.6184065667,28.2001999312223,156.638925650513,20.2704080461532,66.8536758422852,73.8634146341464,47.6934454478731,95.2233550480364
LTU,2013,12.4131714589563,3.44,26.3,34.7857997606701,2352.91337348691,46.1332269644994,13145.8069309969,27.6242689150869,156.626637927418,20.4182900930827,67.0092086791992,73.9146341463415,47.2477064220183,95.7024541817261
LTU,2014,12.7577404745041,3.33,27.7,34.853950518755,2376.27537817697,47.1252992817239,13753.1895982305,27.726441177948,143.290115780694,20.3004773754029,67.1514937628023,74.5170731707317,46.8835275339186,96.1793622122159
LTU,2015,11.3028578201847,3.3,29.0,34.9082202713488,2420.60555053468,47.9792498004789,14269.8039878287,26.9636978611038,138.195575009601,22.5552269115381,67.2282485961914,74.3219512195122,46.4662250598563,96.6540744092519
LTU,2016,10.2329418108878,3.29,31.5,34.9605695859008,2504.98383829705,47.1552632419144,14823.107153522,25.9974602207029,134.690449650877,20.2876398712687,67.1894226074219,74.6707317073171,45.9328405861882,97.1276074784164
LTU,2017,9.79993642739852,3.3,33.8,35.0569116074137,2653.39984329273,46.8590859022046,15695.9993288456,25.720457681502,144.918393101325,20.480115803004,67.1012954711914,75.4804878048781,45.3798470650213,97.5995795936684
LTU,2018,11.0838572805935,3.22,33.7,35.0950023950184,2711.1618678975,47.0541274149768,16604.9021440809,25.5788787201366,147.202132525221,22.4066386338902,67.1464742010457,75.6804878048781,45.0135717707169,98.0695666979738
LTU,2019,10.2465023749528,3.06,33.5,35.1325455126158,2707.60764686504,47.5087831363781,17431.7239081591,25.2564149405008,148.374996011818,19.5803862338798,67.245735168457,76.2829268292683,44.8912328329607,98.5372101703489
LTU,2020,9.21893860360944,3.0,31.7,35.1485148514851,2674.06840356432,46.9945704247844,17443.65526328,24.7876900738526,135.796565563519,16.5198227850463,67.4254608154297,75.0292682926829,44.8797349089748,98.8922199280899
LUX,2008,13.2608348415223,3.04,4.0,34.2984548215937,8625.43333557115,50.8844573230891,110094.791529429,12.8051473899025,292.21348078343,20.5796394806551,87.6037664162874,80.5390243902439,189.806794434561,99.9999980028988
LUX,2009,13.1583110063474,2.96,3.7,34.37614101598,7958.76292955031,50.7679280315095,104574.349049084,11.0066049191433,263.532701541684,16.1829007965354,88.0379076027949,80.6365853658537,193.354334501216,100.0
LUX,2010,13.0161727518124,3.04,3.7,34.4538272103664,8335.83500727028,50.8999945619664,106544.057363484,10.997972653402,293.671876906939,18.0831934936242,88.48791681658,80.6317073170732,196.916246513832,100.0
LUX,2011,12.7279864121044,2.97,3.8,34.4538272103664,8062.97911929005,50.9893336855108,105290.249021891,10.7084382796237,308.714453874162,19.2687977063888,88.9562814837254,80.9878048780488,201.342029008025,100.0
LUX,2012,11.3764588719617,2.87,4.2,34.4538272103664,7723.78432331196,51.0475983313005,104487.744312565,10.4267187903737,311.786835204686,18.7523048822473,89.4405768017292,81.3926829268293,206.235870823396,99.9999990171324
LUX,2013,11.7081477939315,2.7,5.7,34.4538272103664,7320.72167920662,50.8378456064573,105338.955521681,10.4429419766443,320.533506316768,18.1453726914237,89.9413746679705,81.8,211.05785290896,99.9999986127199
LUX,2014,9.99782870623861,2.53,6.8,34.4538272103664,6878.68145180459,50.8805730133698,105583.937273429,10.810880633632,333.42885319668,19.0935867595733,90.4577807676859,82.2292682926829,216.091529874226,100.0
LUX,2015,10.3915303158858,2.41,9.1,34.4538272103664,6548.75962101678,50.9893336855108,105462.012584423,11.539623433831,351.13197436149,18.9584857711264,90.9893679353068,82.2926829268293,221.251835336342,99.9999971975971
LUX,2016,9.61318538725802,2.27,13.5,34.4538272103664,6342.68337961913,50.7488949138849,108351.451826983,12.0959325625638,348.437409376889,17.9319132619894,91.5357090052649,82.6853658536585,226.072263698018,99.999999435156
LUX,2017,9.60846654630366,2.29,15.3,34.4538272103664,6313.35371226953,50.9458294166544,107142.126672598,10.8183368591649,353.793991980303,18.8897175502242,92.0963768119916,82.0951219512195,231.635372078028,99.9999966233411
LUX,2018,9.29178826573985,2.34,16.0,34.4538272103664,6414.36478270833,51.1015902363991,106788.728745199,10.9720784332984,361.865445198667,16.9949135422123,92.6709441899184,82.2951219512195,236.146609386046,99.9999952675499
LUX,2019,8.4591046194554,2.31,16.4,34.4538272103664,6376.86696643123,51.1106795211423,107591.965850496,11.6004638626305,382.66078058442,18.653116084379,93.2589839734767,82.6390243902439,240.827591028798,100.0
LUX,2020,8.67476189540246,2.02,20.8,34.4538272103664,5435.81570647944,51.3218694405817,105274.2471768,11.3427753359144,375.581396376432,17.9294900539992,93.8600689970981,82.1439024390244,244.874264894386,100.0
LVA,2008,17.9236469538566,3.54,33.7,53.7691998650104,2106.6010583897,29.3281051633535,12506.6945041012,22.844745207144,95.7681628438571,36.9756564896607,67.8420335208058,72.419512195122,34.9899882687579,98.2004790709608
LVA,2009,17.8556897500464,3.96,38.4,53.9799122567374,2056.15424051112,29.456666720234,10675.425174228,21.5222929684733,88.8320494963692,23.2112323411887,67.8323653539295,73.0804878048781,34.4170376203256,98.2356850389342
LVA,2010,17.7137997205206,4.25,33.1,54.1906246484645,2149.36312781374,29.0067012711524,10500.8666223014,20.8612025977954,110.86235386272,20.9313394628785,67.8270681752453,73.4829268292683,33.7081170552975,98.2717136022168
LVA,2011,15.525589653222,3.91,35.5,54.2527198804378,2066.71476050433,29.183473411863,11018.5152421583,21.418901034981,129.734758014485,26.7745639280943,67.8266897008267,73.5756097560976,33.0999244700853,98.3077017378479
LVA,2012,14.9825047352387,3.79,40.4,54.314815112411,2171.07870823934,29.5852282771144,11971.0107466522,21.4155903391561,133.211503650958,28.639673212023,67.8331638942219,73.7780487804878,32.691902228936,98.3436350689574
LVA,2013,15.4093695076531,3.65,39.6,54.3769103443843,2156.58828450936,30.1637552830765,12353.5386135301,20.8210958976358,129.677184929099,25.298238178176,67.847334482933,73.9829268292683,32.3436289713468,98.3795180177465
LVA,2014,16.0993170108535,3.58,40.2,54.4390055763575,2177.02968269444,30.0834043100262,12731.6771959342,19.6186043266703,130.042252244959,24.6659431197334,67.8686035364944,74.1243902439024,32.0404647500281,98.4153361248408
LVA,2015,13.6554000536401,3.39,38.1,54.5011008083308,2155.8522069549,30.2842817426519,13321.9753140616,19.7834567448988,126.380014406006,24.149732505911,67.8965395668259,74.4804878048781,31.7792437366417,98.4511105601359
LVA,2016,12.6030729844024,3.3,38.5,54.5632924614717,2172.43884661611,31.0315457920195,13787.3367440023,19.1654365749872,123.330518429659,21.7559480147378,67.9307110858472,74.580487804878,31.4901409356067,98.4869768488799
LVA,2017,11.6679973108454,3.31,42.6,54.6254841146126,2265.21693915892,31.0636861812397,14382.8612727134,19.7767293914993,128.714003328884,22.7120380081921,67.9706866054779,74.6292682926829,31.2123033409935,98.5228902646121
LVA,2018,14.2076039693657,3.35,41.0,54.6876757677536,2403.49981780927,31.1440371542899,15120.0698171804,19.3453568005874,128.234095559822,23.8742877736126,68.0160346376376,74.7829268292683,30.9700612274415,98.558820559671
LVA,2019,12.4865833165492,3.16,41.5,54.7498674208945,2343.51581884881,31.4975814357112,15328.3859933295,19.5988527886207,125.29163170793,23.3384745378809,68.066323694246,75.3878048780488,30.755491989008,98.5947259523274
LVA,2020,11.6020322023647,3.08,43.8,54.8094166800579,2251.38250119088,31.6406877711715,14900.7295718866,20.3341837659978,123.88319804656,22.1554259223647,68.1211222872228,75.1853658536585,30.5391129680219,98.63057400499
MAR,2008,26.858954011948,3.27,14.4,12.639399507058,507.932323340328,67.1767869146314,2648.58569335938,24.3155822554726,77.8344716425602,35.5127958030057,57.1254169272616,70.051,70.8195541115841,72.9256075527307
MAR,2009,26.984514092377,3.16,14.2,12.6770490701322,504.85859762712,67.2251848532377,2710.66650390625,22.25957486397,62.3709560152269,32.1852748633952,57.7306189138977,70.454,71.7696123683621,74.2785219849732
MAR,2010,27.0346621884598,3.21,13.9,12.7146986332064,526.098528303577,67.1931436253641,2767.04223632813,23.7119126900355,69.541979610144,31.4907166374774,58.3287516486646,70.821,72.7470669952946,75.6138635064954
MAR,2011,25.1025965770715,3.29,11.8,12.7192336993054,559.353279063147,67.4519381581896,2879.53930664063,24.5065191885483,76.8258714906247,32.9462436922694,58.902576690412,71.263,73.745435805512,76.9300832583237
MAR,2012,23.517027783633,3.24,10.9,12.7237687654044,559.656539214197,68.1223392336993,2927.45043945313,24.2659773507632,78.2221018956072,32.1793544302158,59.4348555979895,71.674,74.7372641720816,78.2275853930086
MAR,2013,22.6262616570608,3.11,11.6,12.7283038315035,554.322076671451,68.5301366793637,3008.185546875,24.1531288845084,73.8577565315318,32.0046200923723,59.9083499302469,72.117,75.7059623571589,79.5058796686335
MAR,2014,22.5756463722019,3.07,11.1,12.7328388976025,555.591040302721,67.404212413175,3051.458984375,25.8132675090419,71.8935667539398,30.7742542343433,60.3030486171654,72.522,76.6407797445664,80.7653426304432
MAR,2015,25.6535487891636,3.02,11.2,12.7373739637015,563.603106638362,67.3246695048174,3146.24780273438,25.6226817262287,67.2886759253849,30.1771882324678,60.6417124737154,72.894,77.5433295989245,82.0055254325952
MAR,2016,24.7545943744621,3.01,11.1,12.7712077078199,558.062023900473,69.1799238180596,3124.42504882813,25.685104578574,71.1226603816864,31.9579912798641,60.9657656537179,73.228,78.4751445216222,83.2267677813963
MAR,2017,28.0161565066814,3.0,10.4,12.7976473224289,577.582098917111,69.5643024871163,3242.64428710938,25.405454806575,74.1733578786573,31.658071451264,61.2761057031842,73.608,79.4227918440511,84.4286583054916
MAR,2018,23.1856283839847,2.94,10.9,12.8200537754873,577.178572918036,68.3975066099036,3304.7119140625,25.2413538068182,77.2548875243989,32.1395672992051,61.5695822753314,73.946,80.3041900067219,85.6112006137327
MAR,2019,20.9299059936918,3.08,10.7,12.8435805511987,614.502733565635,66.34978041676,3364.73950195313,25.2499524130611,75.9981158798422,30.594933523466,61.8430450233765,74.245,81.1357786242438,86.7740979476491
MAR,2020,21.3212642117301,3.14,11.1,12.8668832623796,575.699296767116,67.0205229666144,3090.89428710938,26.0436433872433,68.8438033904364,28.7769734233308,62.0933436005366,73.133,81.9722339233699,87.9176789567835
MDA,2008,20.9039198271145,5.84,4.9,11.2034052903618,1168.16512504218,75.4332623897841,2249.22589719372,19.1217348463177,134.4216013477,39.227918692985,39.3710708618164,69.0,99.8653879625439,85.9389111690626
MDA,2009,20.5443893978414,5.9,4.8,11.2949224688355,1111.42197315364,75.1596229857099,2116.94357544097,17.1628740871454,110.363326850495,23.1418973846398,39.3255348205566,69.406,99.739374107982,86.3538510383459
MDA,2010,20.4084787372334,6.45,20.0,11.400304414003,1302.53378603286,75.0380517503805,2269.51116145996,20.4338917212317,87.9378518951573,23.8517865932859,39.2804946899414,69.876,99.7787848154216,86.7693011719513
MDA,2011,20.7106966050714,6.19,20.4,11.4727549467275,1322.40704209495,74.9467275494673,2402.94446306051,20.9107204171007,98.6175965326556,24.0486714251096,39.3469161987305,70.173,99.7210931780946,87.1852515314288
MDA,2012,20.3835846673482,6.2,22.1,11.5416920267803,1316.76859981901,74.8630553864881,2389.08666147529,21.3145109050194,96.3064098336294,24.1985192443336,39.3614196777344,70.344,99.6732759521901,87.601707230864
MDA,2013,19.979486487115,5.11,23.8,11.6070559610706,1184.75017871064,74.8479318734793,2605.85029986142,21.6032575380958,95.6872968332383,24.9382002000225,39.4275512695312,70.291,99.5771842462653,88.0186693421827
MDA,2014,18.7371163449526,5.25,24.3,11.6794403892944,1277.13936379874,70.4075425790754,2737.80185056647,21.1263772009346,94.2282919690928,23.7825706600568,39.6298484802246,70.241,99.5164884911377,88.436133359262
MDA,2015,18.1478989162811,5.35,24.7,11.7518248175182,1307.99462011084,70.4987834549878,2749.55137054338,21.1076657265026,88.9664154565323,24.0620907895527,39.6954040527344,70.118,98.7560678343838,88.8523471149568
MDA,2016,17.0561198558818,5.25,25.3,11.7548661800487,1356.31269266323,70.4957420924574,2910.95486872376,21.1944646085144,89.0046837188671,21.9868853235417,39.7373237609863,70.179,97.614165825121,89.2722054309819
MDA,2017,15.1423919470871,5.1,26.1,11.7512921860748,1397.59909786185,70.456065673457,3085.33305844263,21.0188767695091,88.6233902754378,21.9389542125047,39.9736557006836,70.375,95.9093883802694,89.6950297524802
MDA,2018,17.080793755092,5.16,25.3,11.7529716925191,1495.57314367291,68.6355301608926,3267.9961042872,22.1479763600006,87.4467874275648,26.5918106703471,40.3258094787598,70.236,94.2543946689506,90.1205722454001
MDA,2019,15.7728170076841,4.91,22.0,11.7527572607105,1500.03948472062,68.7711146722455,3438.67732670712,21.9233489252916,87.6322371148906,25.1036618823408,40.772289276123,70.181,92.756093569939,90.5483180309042
MDA,2020,14.7583463021422,5.16,22.3,11.7532218728523,1461.47443268889,75.1445965588756,3188.91691602699,23.1345230028419,79.265722119158,23.8644443526077,41.3368530273438,69.914,91.7473260542588,90.9779971950064
MDG,2008,13.4665519107277,7.49,86.4,21.7624204697871,259.197265939314,70.3219039103071,490.963935389518,20.4685954426536,74.357353960806,38.7460962157139,27.31826536364,61.992,35.9800529628229,42.5424880385146
MDG,2009,13.9245557793887,8.02,87.2,21.6818258417306,253.627612930936,70.3219039103071,457.789754866068,18.8332096319198,62.4116975958196,37.2218957020948,27.5933392025561,62.304,37.0521030367644,43.3700536128356
MDG,2010,14.5239072617107,8.5,86.7,21.601231213674,255.486793083651,70.3219039103071,447.417143030687,18.0075205568584,57.8748945101807,27.0273897313715,27.8651684949103,62.597,38.1458541114971,44.1945358943364
MDG,2011,16.0170178085428,8.72,84.5,21.5690440791,259.293314846996,70.2910819102949,441.755158414121,17.8532728101343,56.4830925951893,23.3511667280009,28.1336807024963,62.86,39.2273910913638,45.0153822584225
MDG,2012,14.7009701749296,8.78,83.3,21.5463247363762,265.242059456403,70.2910819102949,442.641500123543,17.2760843242701,52.6517140811255,20.1689187861962,28.3988032871081,63.007,40.327672118186,45.8324865165496
MDG,2013,15.504951948252,8.35,81.4,21.5234204193881,268.494073877684,70.2904778274321,440.674658903628,17.9096138237139,56.3675817900932,16.5129132506109,28.6604637105393,63.161,41.4391371605363,46.645311071975
MDG,2014,15.00220058015,8.18,82.2,21.5007012719147,271.281685784756,70.2904778274321,443.343869908205,19.2497828687657,61.9694322111234,16.4906896468032,28.9185894345838,63.261,42.5650532829151,47.4541920353579
MDG,2015,16.0777176618248,8.12,83.9,21.4779821244414,275.43076854299,70.2904778274321,445.320069480568,18.950884731327,61.2203788365078,15.9918879278761,29.1731079210354,63.362,43.7035097971812,48.258173464398
MDG,2016,16.138736457425,7.9,83.8,21.4552767273977,293.322517988217,70.2904778274321,451.15659433146,19.4099444668858,60.8346984831423,16.3659933895724,29.4239466316878,63.431,44.8606943966999,49.0575914521926
MDG,2017,12.5514997924024,7.98,81.9,21.4325541423169,299.453710205685,70.2904778274321,456.851859574031,20.1123576645922,65.3434015072915,15.8063768976943,29.671033028335,63.433,46.0439584049502,49.8519386234101
MDG,2018,12.7238095692816,8.49,84.2,21.4098315572362,292.820905838727,70.2904778274321,459.330367799543,21.4819574714216,67.8415046683582,20.7029752410218,29.9181125346909,63.491,47.2583808869027,50.6411241447461
MDG,2019,12.7945386496097,8.58,82.5,21.3871261601925,313.77500218938,70.2904778274321,467.27741349648,22.445497353094,62.6013230457128,22.6840481290776,30.3046972370204,63.504,48.5038741835682,51.4242559942128
MDG,2020,12.7535199510191,9.41,84.7,21.3644035751117,301.748644745329,70.2904778274321,422.924255422319,19.4661871058768,49.0107073664371,17.7153251099228,30.7019474167548,62.706,49.7654795462358,52.2020747813196
MEX,2008,20.4969000798536,3.51,9.8,34.584695079606,1678.23287321257,53.1675197407341,9826.3421836048,34.8480623925215,56.3652818862573,24.1213158858044,76.5090428271033,73.695,56.7783574680419,95.2791786706115
MEX,2009,19.8889190384594,3.67,9.2,34.510719925924,1616.79369985205,52.8213174207156,9074.1188145564,31.9993138894743,54.5917421313503,23.2592508057594,76.5143930040295,73.628,57.6145070603668,95.5850499173434
MEX,2010,19.6596319675283,3.47,9.4,34.4367447722421,1581.82622504404,52.3712029630392,9389.06722084275,32.539487048306,59.2733845293851,23.3314894102504,76.5244441414713,73.718,58.4500090022892,95.8874978648844
MEX,2011,22.4736336205905,3.51,9.1,34.3737390364979,1632.53833582198,52.1217109493557,9575.93437788582,33.8231022149217,62.1623872764498,24.2517581318792,76.5667802279537,73.921,59.2831626327838,96.1869601419422
MEX,2012,20.1560213023659,3.48,9.0,34.3107333007536,1652.16322037583,51.7050335656781,9782.51776305354,34.0963424723894,64.2579318900113,24.3777390617044,76.6585199140734,74.128,60.0932163893104,96.483147256866
MEX,2013,20.8739317391487,3.45,9.2,34.2477275650094,1633.00512016612,51.1772422130199,9738.71059803658,32.1682751258816,62.6916747735807,22.6807316074935,76.7955768077952,74.289,60.8778893490059,96.7762637072841
MEX,2014,19.667850241261,3.3,9.8,34.1847218292652,1582.66666115179,50.7976028190025,9862.48125444199,31.9175541331636,64.0984090351215,22.2932759800089,76.9741367091766,74.404,61.6190030607783,97.0663144004475
MEX,2015,19.4864853369113,3.16,9.2,34.1217160935209,1539.13826670827,50.7626224954345,10021.2386118827,30.8402536092133,70.412974676264,23.7361297440288,77.1903854182753,74.431,62.2815946912215,97.3531385567766
MEX,2016,18.8449182383899,3.1,9.2,34.0559942385349,1525.3837445098,50.5866920445485,10100.5021214015,30.6167913981452,75.6903034088551,24.3433923355958,77.4405087351486,74.376,62.8881149206513,97.6369085403618
MEX,2017,18.3002285485373,2.98,10.1,33.9902672393837,1478.43896510686,49.8706242444507,10193.7727193457,31.9586846731805,76.9521260407254,23.8923507095274,77.7206924598541,74.261,63.4790282671879,97.9175037608425
MEX,2018,16.652186272493,2.99,10.3,33.9247408626765,1493.47882156246,49.6494251395355,10296.8690928534,32.0438654533728,80.2126616568975,23.47749306333,78.0271223924494,74.301,64.0827752771419,98.1950089060211
MEX,2019,14.7051077997851,2.97,10.3,33.858895547725,1469.65350320528,49.4385143650814,10159.4448364319,31.8382961395485,77.4619722571128,22.1485426373991,78.355984332992,74.53,64.6945559299365,98.46943436997
MEX,2020,14.9923440243315,3.04,12.3,33.7930502327735,1366.42722558757,51.5149441086448,9234.64362317923,30.9999803907609,76.8545557056016,20.2366593506907,78.677960602824,70.449,65.227528485815,98.7408072689782
MKD,2008,35.6121850379648,4.73,15.6,38.0441537851764,1540.69779663479,42.1323820848197,4392.5507164151,19.5331292631782,111.570054713298,27.9327050543518,57.9593566737547,74.4,78.1408244153785,97.1016356457898
MKD,2009,34.6946054990783,4.41,18.4,38.0706582077716,1437.83185635895,40.1665344964314,4405.20045750867,18.9727028474128,87.1767537660809,25.7424835151053,58.0280165522288,74.4463414634146,77.6678033306899,97.1812973186845
MKD,2010,34.3123770557157,4.35,22.3,38.0820777160983,1475.24277459969,44.3695479777954,4582.36517512347,21.0422688522191,97.8810691156562,24.4680948373642,58.1206815541291,74.9975609756098,77.1727993655829,97.260478214411
MKD,2011,40.0646898780776,4.64,18.6,38.3514670896114,1619.7624762799,44.3298969072165,4711.13027870081,21.5924220032487,113.19191013947,26.9131339592319,58.2409503926967,75.1,76.8199048374306,97.3392765626462
MKD,2012,35.8424435184763,4.44,18.3,38.6208564631245,1549.52343072076,50.2379064234734,4708.05168535923,21.0808587045723,112.214834702155,28.9271763841244,58.3924217811729,74.9024390243903,76.5194686756542,97.4178150815546
MKD,2013,32.7169102539109,4.0,21.2,38.8902458366376,1441.72181001724,49.9603489294211,4863.68088666968,22.1404647622691,104.857229956305,28.8080479626054,58.578694432799,75.4,76.2377478191911,97.4961912518525
MKD,2014,33.7775349314159,3.75,21.2,39.1596352101507,1404.88281081687,50.0,5053.75001236367,22.822578658191,112.537928969299,30.2952252615938,58.8033670608162,75.4512195121951,76.0331879460745,97.5745230862782
MKD,2015,31.8724776060607,3.56,23.9,39.4290245836638,1387.97962391811,50.0396510705789,5262.68671928674,23.9221832208017,113.698443879103,30.4035752494839,59.0700383784659,75.4024390243902,75.8298969072165,97.6529269300646
MKD,2016,30.0799243464009,3.5,21.4,39.7172878667724,1408.22019004476,50.1586042823156,5429.94678358359,23.9630460915105,116.185408418026,32.5096882119049,59.3823070989891,75.4,75.5873513084853,97.7315020702952
MKD,2017,30.4645094005313,3.52,19.0,39.7101506740682,1438.49195928251,50.1982553528945,5510.81862920922,24.2589458765972,124.13728389629,32.2729434757145,59.7437719356273,75.9536585365854,75.2837827121332,97.8103630941709
MKD,2018,31.0045303573284,3.25,20.9,39.7101506740682,1370.12165061411,50.1189532117367,5698.39334484489,24.0504298826712,133.215207648008,32.3288110664903,60.1580316016216,76.6487804878049,74.9028945281523,97.8896166330973
MKD,2019,25.8786881284068,3.4,17.0,39.7101506740682,1503.51336885666,50.1586042823156,5961.58475399191,23.7034834116039,138.576231840539,34.2601160992835,60.6286848102132,76.6024390243903,74.3957969865186,97.9693792101594
MKD,2020,26.118651401474,3.26,20.0,39.7101506740682,1388.54646388838,50.0396510705789,5743.72649424581,22.7433958881186,128.241244322257,29.9173738943342,61.1593302746435,74.3951219512195,73.5973037272006,98.049753932852
MNE,2008,24.7700784087494,4.72,38.8,58.4981412639405,1965.21593409043,38.1412639405204,6149.68558098863,18.134854953618,132.48054069386,40.8364739584696,63.8414387962647,75.1365853658537,45.8713011152416,95.7432123993098
MNE,2009,24.246118769847,3.98,49.2,59.9925650557621,1555.00501749061,38.2156133828996,5768.65709477479,17.530109017069,99.8255760432413,26.6711101832825,64.1131468872325,75.1439024390244,45.969814126394,96.0257884355961
MNE,2010,24.0263937599847,4.54,49.1,61.4869888475836,1820.45249352265,38.0669144981413,5917.91788713074,17.1885067406217,98.8684992495822,22.2701240129796,64.3069625751293,75.990243902439,46.054126394052,96.3080710826968
MNE,2011,26.8096357329836,4.38,42.8,61.4869888475836,1811.21612476135,38.1412639405204,6110.66013917018,15.1880842120516,106.752728264703,19.1045005763001,64.4210914835811,76.0829268292683,46.1223048327138,96.5900878676882
MNE,2012,25.152725645633,4.24,45.9,61.4869888475836,1701.46827930736,38.1412639405204,5948.3791195297,14.8926108798408,108.779987603414,20.0742817028936,64.5244008658951,76.3,46.2020817843866,96.8718312757474
MNE,2013,23.0328197648844,3.8,49.3,61.4869888475836,1574.55136957284,16.5895910780669,6138.25153608056,15.5405922471564,103.785966371179,18.8466986569303,64.6252987959653,76.490243902439,46.2889962825279,97.1533140949299
MNE,2014,22.8933751545525,3.64,46.0,61.4869888475836,1532.34279533634,17.1241635687732,6272.09116381077,14.3320646687925,100.438431458711,19.4950094143958,64.7232143772459,76.3390243902439,46.3750185873606,97.4345288246908
MNE,2015,22.5226135295586,3.68,43.0,61.4869888475836,1599.59389155142,17.2044609665428,6421.00307345999,14.4315421692779,104.12510886943,19.7357949684861,64.8181652937171,76.6024390243903,46.4424535315985,97.7154742169306
MNE,2016,20.7818361159159,3.47,43.9,61.4869888475836,1552.23307233486,19.0111524163569,6634.38508838803,15.5802198596652,104.135954584294,24.9598939884942,64.9101692293409,76.5414634146342,46.4946468401487,97.9838031663894
MNE,2017,21.1885834911776,3.47,37.8,61.4869888475836,1625.4960826549,19.0557620817844,6840.91155440218,14.8316847329192,106.711366689116,28.6467194795715,64.9992438680584,76.6853658536585,46.5414126394052,98.2281722973241
MNE,2018,22.0010575045609,3.42,40.6,61.4869888475836,1679.55976366983,19.092936802974,7159.47114735985,16.1079670855784,111.098935509174,31.3513275722887,65.0854068937869,77.8853658536585,46.5753159851301,98.8789249228913
MNE,2019,18.3231957596321,3.4,38.7,61.4869888475836,1737.5931990158,19.1078066914498,7470.29588471711,16.435437285219,110.0161238696,30.9122493495261,65.1686759904159,76.6829268292683,46.5987360594796,99.0815729243166
MNE,2020,17.9824100566499,3.76,39.6,61.4869888475836,1625.86284952725,19.17843866171,6351.95486320483,17.6118147973713,87.8612027134909,30.0875172767022,65.2490688418027,75.9317073170732,46.5866171003717,99.2839751783308
MNG,2008,23.4954758255364,7.77,4.7,9.11731512861835,1326.19423088287,73.5213912374525,2576.71295838607,30.8510356631246,121.198013401183,43.5661414829151,66.4693095486742,67.2460975609756,1.69711733640935,73.0207899506692
MNG,2009,25.4221556112408,8.24,4.4,9.11217830189963,1354.68916905218,73.3692547623991,2498.72967493254,30.0565585316106,107.813757166177,34.3709459159075,67.3659050254095,67.9690243902439,1.72788137676538,74.2336967289894
MNG,2010,27.9160191026285,8.13,4.5,9.10805179300629,1411.62669168414,73.3388467572954,2611.67326563924,33.1942474892146,103.350031656557,42.0869542882428,67.8298018313254,68.5056097560976,1.75857916493112,75.4224593493441
MNG,2011,35.8767855032703,7.59,4.0,9.1075731369755,1521.09353741373,73.3264775940588,3010.81642672623,31.3337485626924,126.999228633482,58.1507247959228,67.9196058798676,69.109268292683,1.78925253897917,76.3129761358457
MNG,2012,38.2318589751567,7.02,3.0,9.10685777424814,1558.69025216769,73.2494851072419,3318.16496597089,30.7715931133163,109.588564338415,55.8986192180437,67.9522782537785,69.500243902439,1.82353600871754,77.0456343168303
MNG,2013,36.1190861922145,7.2,3.0,9.10613594411107,1750.80216193822,73.2252730410926,3628.90708069575,30.5068923847448,100.311989662943,53.2757084028233,67.9776750055915,70.0980487804878,1.8616184405066,77.7798259632281
MNG,2014,32.6310214465256,6.87,3.3,9.10542135370957,1763.80524679078,73.001629001279,3830.35892049593,31.4976232744188,109.322311877187,35.1752976434075,67.9941357229626,70.5831707317073,1.90278211075515,78.5150961295777
MNG,2015,33.6018162552522,5.9,3.5,9.10469149761818,1516.3411002122,72.990217275856,3838.92126989984,31.5158775834209,89.653663477814,24.5138485191018,67.9999999906095,70.810243902439,1.94371713207737,79.2523120738023
MNG,2016,34.394850770545,6.21,3.4,9.10397870509873,1588.34126525003,72.9236771309318,3817.91962716702,33.1780715301999,101.055237224997,22.6294099437432,67.9776754820979,70.2239024390244,1.98352563105577,79.9910274586386
MNG,2017,31.4066965937798,5.97,1.8,9.10326591257927,1603.82155065689,72.8635713833453,3956.2049437134,37.4184116118863,115.932901867963,27.4062542965908,67.9260583223672,70.5434146341463,2.02209412791248,80.7307985361717
MNG,2018,30.340789040395,6.24,2.1,9.10255545816196,1772.47014509365,72.8416347996956,4183.85566447661,37.975670332755,126.355873241513,39.3779275132102,67.8683444833372,70.8270731707317,2.06015649331677,81.4783824183296
MNG,2019,31.0839271991388,6.86,2.3,9.10182513109581,2018.31091722035,72.6641956567248,4337.8167085432,38.0926977643653,124.396514621165,35.591845156927,67.8277299551557,71.0531707317073,2.09835043390369,82.233221224194
MNG,2020,29.6547866481682,6.42,2.9,9.09965848797644,1771.64405621298,72.2189891455646,4066.03410882791,37.0496708511527,112.838647629317,22.3835976647751,68.0894771770775,71.3490243902439,2.13623721809195,82.994734823721
MOZ,2008,20.2960902622309,14.49,88.1,50.1224751392457,338.661664169014,49.8775248607543,460.94729485679,17.1677445681711,64.981416499828,22.0302459322751,30.5625357695184,53.799,27.746173605636,35.2815210331491
MOZ,2009,20.6673716344898,14.82,86.1,49.8406953381317,358.879859852038,50.1593046618683,475.788178051193,16.9004327987887,67.898572768141,19.7560524022268,30.7715592059159,54.4,28.4744589129937,37.0713316939985
MOZ,2010,20.9810311228238,12.66,84.9,49.5589155370177,317.88123068391,50.4410844629823,494.162859074785,16.8681862980766,73.8373532681892,23.195521262122,30.9861779822921,55.04,29.2469734733844,38.8870842432342
MOZ,2011,21.3180610647849,14.14,85.4,49.2964114041557,370.87053828392,50.7035885958443,514.869957191994,16.5093372512898,84.4062119333019,29.4060839527514,31.2062230032794,55.733,30.0732966250413,40.7272349107275
MOZ,2012,21.4882091792626,13.35,84.5,49.0339072712938,364.828669567004,50.9660927287062,540.2945177803,16.8740038772507,105.934588060511,50.5904295928331,31.4315251735105,56.46,30.9492179353493,42.5912317568362
MOZ,2013,21.704486846149,13.4,83.1,48.7714031384318,380.582419725311,51.2706884712226,559.393953685688,16.4457246085988,109.38537659913,56.3958108944659,31.6619153976179,57.189,31.8568770823266,44.4785109091444
MOZ,2014,21.6145857091373,12.94,81.2,48.5088990055698,383.322635419103,51.5212390956026,585.266716133984,17.4884683555603,116.356855242217,53.6431747577994,31.8972245802342,57.965,32.7939100689234,46.3885053370703
MOZ,2015,21.5758950473476,12.54,80.1,48.2463948727078,385.146567058837,51.8231643734581,610.563774706589,18.6152107018236,98.7612036510901,42.245787501845,32.1372836259918,58.711,33.7592156463796,48.3206421640835
MOZ,2016,21.069117727762,12.29,77.4,47.8500089015489,380.805586001126,52.2482896309672,620.779714954555,20.5669830121929,110.394358201481,46.2803958702032,32.3819234395234,59.455,34.7632251583204,50.2743318960673
MOZ,2017,18.7547986602318,11.92,78.2,47.5680968488517,371.739125451598,52.5799231923498,618.397694360334,23.6070708049686,105.745640702087,32.2043068430655,32.6274411492675,60.148,35.8177891095908,52.2485430306556
MOZ,2018,18.8259193532117,11.7,79.0,47.3361072255144,366.241452353018,52.7751621353544,621.153734194787,25.3339200589579,124.607457525372,45.9807658182121,32.9902559073541,60.79,36.9015539561026,54.2431367591977
MOZ,2019,19.5945644695986,11.56,77.5,47.0079478114906,359.75326082609,52.7979246674636,617.13932000195,23.8882628185244,105.591171401921,40.8461199313593,33.4177241517032,61.306,38.0024670006867,56.2587719909351
MOZ,2020,20.0802484321177,11.5,80.2,46.7251964699,342.945651556548,52.7793585798215,591.804059985932,21.7539907155538,99.906146051979,44.8266764679686,33.9044006416285,61.39,39.1460718736489,58.2943448564578
MYS,2008,19.9427014967672,5.65,3.0,58.1232384720743,2678.81949826316,21.7635063156293,7976.11785374773,45.1050654004356,176.668324785148,21.4583043811993,69.5438130147565,75.151,83.9143478922538,96.894523797627
MYS,2009,18.6838844595312,5.42,2.3,57.8968802313194,2483.79273364834,21.9753462182316,7700.46111294033,40.9678238412473,162.558970452699,17.8356949570531,70.2462628363839,75.269,85.6027332217319,96.981531661434
MYS,2010,17.5673365579308,5.23,2.0,57.6705219905646,2529.59168934211,22.4906406939583,8118.92270511981,40.4989323548818,157.944764886771,23.3865410976414,70.8625314831025,75.376,87.2189194947497,97.0660732321152
MYS,2011,16.5543727413676,5.18,2.2,57.9849764115051,2591.22470848139,22.9207122203622,8400.32248683558,39.8242687277964,154.937684607226,23.1882579658738,71.4245166681964,75.488,88.7598204230711,97.1420179422796
MYS,2012,17.9101382186238,4.99,2.5,58.2994308324456,2587.43170352026,23.8295541013544,8710.52671359902,40.1350010090069,147.841754766013,25.7486213670602,71.9680127926087,75.552,90.2840693958302,97.2149965525313
MYS,2013,18.7954198873143,5.38,2.8,58.6138852533861,2869.7691156446,24.529904124182,8964.80724896203,39.8853736547897,142.720991464873,25.9371066959614,72.4882717118078,75.464,91.8407091766854,97.2860389333655
MYS,2014,17.1052502297433,5.18,3.0,58.9283396743266,2879.92352228516,24.6203013239994,9341.73055971278,39.9244244845871,138.312231176843,24.9776084262813,72.9802206910773,75.345,93.4291188555775,97.3553157635016
MYS,2015,16.9297330913892,4.72,3.4,59.2427940952671,2706.92696275778,26.0842185359915,9648.6797937523,38.4497222119902,131.37007244526,25.424263277142,73.4387869957006,75.288,95.0625414700959,97.4227111540385
MYS,2016,16.3864419259472,4.69,4.4,58.7875209252777,2759.17228283076,26.0873535230558,9901.47960179812,37.6832749440922,126.8990100257,25.9955119994004,73.8588978909614,75.371,96.7575254907929,97.4883578339003
MYS,2017,14.9450075810201,4.28,5.2,58.6348805356871,2617.76462271235,26.0873535230558,10293.7629205362,38.114672270307,133.155173371956,25.5473434515187,74.2354806421432,75.542,98.4801217470705,97.5518244346184
MYS,2018,16.6541753286852,4.5,5.3,58.4822401460965,2839.45244829846,26.0873535230558,10610.1950240479,38.2914253580498,130.402625502126,23.8974199608763,74.5634625145296,75.734,100.170345457312,97.6132438171196
MYS,2019,17.8197510834605,4.44,5.7,58.3295997565059,2878.2988852867,26.0873535230558,10902.9834855856,37.4765336887335,123.028562027943,21.0482403944815,74.8377707734042,75.9,101.782364936844,97.6726796234952
MYS,2020,16.1938532237922,4.49,7.0,58.1769593669152,2722.6031659631,26.0873535230558,10171.4657842762,35.9347266201835,116.788182437638,19.6580082281542,75.0511895575672,76.057,103.148860143053,97.7301935332944
NAM,2008,20.6567204685379,3.62,32.5,9.09887014296299,758.358730645424,47.1377036038334,4036.38187484707,34.1905617107713,119.644498184785,27.4739234636227,39.8328120256318,54.74,2.48643369893962,79.9311134554851
NAM,2009,21.1776013619098,3.73,33.4,9.01261936863074,775.797259491324,47.1377036038334,3989.20711387651,28.7519450755932,123.762844292976,26.1159251664954,40.8524900328246,55.347,2.52328341167754,80.3834346901376
NAM,2010,21.7959533803297,3.57,31.2,8.92636859429849,653.126574566651,47.1389182426605,4165.12990200988,27.429068418358,108.072477173606,23.7799989593426,41.7946176561991,56.093,2.56265835853709,80.8294504898485
NAM,2011,23.0948112524998,3.47,31.6,8.84011952046059,657.483471069973,47.1389182426605,4302.72451368462,29.3288911804647,102.189147754138,22.0540088688971,42.6276075621535,56.647,2.60700968067145,81.267654864296
NAM,2012,22.5559756572042,3.42,31.9,8.7538704466227,667.49179496424,47.1389182426605,4420.96741373862,29.9807546724013,100.2134087743,26.7226689596707,43.3804079185694,57.733,2.66571196054853,81.7057329100665
NAM,2013,21.57098939708,3.39,30.7,8.6676213727848,671.777544627526,47.1389182426605,4549.26759093897,26.5483435015895,97.7249042303832,29.3954197576571,44.1106769079132,58.468,2.73598367525416,82.1358474215349
NAM,2014,21.055359356351,3.31,30.2,8.58137229894691,691.051616995773,47.1389182426605,4701.95694189098,26.630102972046,103.080137009254,34.7765509650404,44.8214248210559,59.311,2.80841380315563,82.5578966769433
NAM,2015,22.11922822913,3.28,29.3,8.49512322510901,716.980313790667,47.1401328814877,4774.10650865775,27.5636536225028,97.2390317873478,30.5564396891943,45.5103554445325,60.008,2.88391696728978,82.9710417542827
NAM,2016,21.0604148441707,3.38,29.2,8.40887172199347,759.461668268778,47.1401328814877,4648.62713460213,27.5134032744188,93.966187960162,22.0299428254904,46.1751725648784,60.81,2.96276281747622,83.3709791418252
NAM,2017,19.7391225085732,3.42,30.2,8.32262021887792,714.96952269735,47.1413475203148,4476.73324402105,26.0770180870695,81.2196661011436,17.7664956160323,46.8135799686288,61.661,3.04492098774429,83.756921632109
NAM,2018,19.9748546561693,3.45,30.9,8.23636871576237,733.192598513029,47.1413475203148,4400.47537705743,26.869904619845,81.7138652963804,14.9163471003735,47.4232814423189,62.579,3.13052144444849,84.1291083222967
NAM,2019,19.3878496864904,3.48,30.2,8.15011721264682,718.386643363248,47.1413475203148,4243.09274481966,27.0505811124767,82.9011507426355,15.3291127102813,48.0019807724839,63.546,3.21939292351419,84.5549009012644
NAM,2020,19.9945355710926,3.54,31.2,8.06386570953127,678.332492787498,47.1413475203148,3787.49943973286,25.8187349480714,76.9252424036465,13.9292034235476,48.547381745659,64.071,3.31446027523716,84.9689182481296
NER,2008,88.1868966414272,5.3,86.1,0.970032367569274,127.065414057313,34.5638272677035,429.195542798877,21.2545623661563,39.7112440540383,26.4435525343116,16.2586706998252,55.852,12.1275084866188,42.4900876989759
NER,2009,88.0349462944483,5.51,83.2,0.960227362437831,129.776980682561,34.5638272677035,421.650901333136,22.3397565462644,49.5122567031625,28.4722719649335,16.2511180003032,56.487,12.5867806110366,43.1966321655043
NER,2010,87.9840126481428,5.47,80.7,0.950422357306387,134.74599121352,34.7217178495303,441.079166112039,23.0003411876002,51.9459863027627,32.6404605165102,16.2416301279116,57.08,13.0645259335281,43.8964824399921
NER,2011,90.9681910382043,4.65,77.2,0.940617352174943,112.879803532778,35.1164443040973,434.986264873953,22.7795105220039,50.2463951569345,31.613128828242,16.2303066053496,57.6,13.5598665824584,44.5891012347432
NER,2012,88.5686252870793,4.97,72.7,0.930812347043499,128.362752529408,35.3532801768375,463.066265496402,26.5372397334702,45.08596447308,29.3142436915252,16.2141284004355,57.987,14.0812891766006,45.2755729615711
NER,2013,74.5895053226238,5.9,78.7,0.921007341912055,154.81219945793,36.063787795058,469.690214200878,26.0465019475956,46.2951491493291,29.7124814690798,16.2162595696064,58.364,14.6205873529644,45.9553436655962
NER,2014,71.6549794121069,5.63,78.1,0.911202336780611,151.6969478462,36.063787795058,482.74524741946,23.6059602383299,45.7416008365932,31.1100819925506,16.2450424611665,58.693,15.1700552617036,46.6360032875155
NER,2015,107.144665250434,5.49,78.9,0.901397331649167,148.786532469365,36.0740506828768,485.662574175279,22.5383286848915,44.727430371186,32.3568228692158,16.3035606587493,58.85,15.741294702771,47.3180912197977
NER,2016,104.911460730569,5.34,80.2,0.891592326517723,147.452096053348,36.6266677192705,495.017437216008,21.2451950725883,36.4881092245519,27.5210696310413,16.3898280543236,59.228,16.3304278834768,48.0001316756614
NER,2017,88.7878831964248,5.14,82.0,0.881787321386279,143.831599652126,36.7845583010973,501.615305462902,21.0721536929256,39.0711117370149,26.0152521380461,16.5036987906896,59.524,16.9222752032841,48.6826437620777
NER,2018,86.0227651747159,5.05,82.0,0.871982316254835,146.101584927786,36.7845583010973,519.546993483886,19.6976779523853,37.5388483992356,28.9187722247215,16.6449011799221,59.765,17.5164356201153,49.364204791619
NER,2019,72.4703210969872,4.99,80.7,0.862177311123392,148.122869205689,36.7845583010973,532.186024570389,20.5861804923542,37.1025664250801,30.6723209374769,16.813146499685,60.031,18.1161735217494,50.045306277114
NER,2020,85.1223455605238,4.97,81.9,0.852372305991948,147.817388244639,36.786689823952,533.194328910254,20.2387849491464,35.5129906570841,28.4897323087862,17.0081420003794,59.89,18.7239385805637,50.7254664539795
NLD,2008,16.6547053728472,3.68,3.9,10.9799763033175,4755.09420293282,57.1475118483412,46227.211156219,20.7836953534398,130.152049980117,22.2059299952863,85.6149582464487,80.2512195121951,487.132494075829,100.0
NLD,2009,16.4692227209156,3.77,4.4,11.0311888526534,4665.86427744867,56.8455380966499,44304.4119317351,19.5831938213792,115.109660363107,20.5767305168581,86.2223179632671,80.5487804878049,490.079691669137,99.9999979513678
NLD,2010,16.3015198382221,3.99,3.9,11.0726356359324,4978.86938849852,55.5084494515268,44659.272839058,18.9533173048512,130.081707935343,20.0371060399178,87.3502790247129,80.7024390243902,492.599881411207,99.9999991848021
NLD,2011,16.1617295903622,3.65,4.7,11.0246144721234,4611.91453819796,55.1126927639383,45239.7318887962,19.3209585785648,141.757099325776,19.9116480923396,88.0059204972573,81.2048780487805,495.049644128114,100.0
NLD,2012,14.3672482834675,3.7,4.9,10.9733096085409,4599.20591866701,54.6174377224199,44631.8745388789,19.3226704262327,149.393223058131,18.5826577863124,88.5342462391333,81.1048780487805,496.884994068802,100.0
NLD,2013,13.2849780292156,3.62,5.0,10.9317304838231,4488.60406405713,54.8411991688928,44487.03063469,18.6870743291059,150.651850226949,18.3607360340882,89.1749992370605,81.3048780487805,498.795844464233,100.0
NLD,2014,12.61325866781,3.37,5.6,10.8803799346987,4215.35262065709,54.5888987830217,45042.0669545832,17.6818782630222,151.715891056501,17.7066341303839,89.8364787097165,81.7073170731707,500.593885425942,100.0
NLD,2015,13.1341450114978,3.38,5.8,10.8354618354618,4298.59287050144,54.8262548262548,45793.8135434697,17.4148103121536,160.325812564809,22.1699860549934,90.2787737214621,81.509756097561,503.116216216216,99.9999977623031
NLD,2016,11.9585215795702,3.37,5.6,10.8630828630829,4352.44653138733,53.9055539055539,46655.0363382039,16.9640712326865,150.96552921165,19.7764432256049,90.5803239452777,81.5609756097561,505.800831600832,99.9999992507495
NLD,2017,12.7176558041706,3.3,6.4,10.8910008910009,4365.20385335267,54.024354024354,47670.1057253297,17.1210117451832,159.646059656847,20.2151929584837,91.1219700676602,81.7609756097561,508.8,99.9999992668183
NLD,2018,12.0708917579666,3.16,7.4,10.9186219186219,4251.16716726453,54.1431541431541,48463.0299739951,17.3241048530815,163.559146573044,20.4804432515785,92.6062472401044,81.8121951219512,511.779744579745,100.0
NLD,2019,11.3641419467189,3.03,8.6,10.9465399465399,4129.40909477343,53.959013959014,49254.0158854264,17.1127557495056,160.676671884999,21.7580356895369,93.8898028856479,82.1121951219512,515.143272943273,99.999999064505
NLD,2020,10.8892498470498,3.05,10.7,10.974160974161,3975.37813564997,53.8892188892189,47086.5804192702,17.3794770859182,152.233230409706,21.3519779830807,94.2532277765935,81.3585365853659,518.013068013068,99.999999064231
NOR,2008,8.00676104351433,4.27,58.5,33.1400378924774,6412.35151011432,2.80579557775076,75535.2118003041,40.8115905550248,74.7852799340995,25.7831499903704,78.7541006020666,80.5926829268293,13.0548674310872,99.9999977163504
NOR,2009,7.89254973194028,4.26,56.7,33.1370262071382,6200.50244551882,2.77693815641051,73141.3073299889,34.8690747104576,67.4643154601855,24.2956955575084,79.0570820210427,80.7951219512195,13.2205484552792,99.9999984427173
NOR,2010,7.85010783433474,4.46,56.0,33.1340145217991,6455.3166845378,2.75404934783323,72804.3956188398,35.3094842115323,68.2395193584281,24.9886867450873,79.245002746582,80.9975609756098,13.3862623342204,99.9999997403377
NOR,2011,8.65989791417676,3.81,56.0,33.1553701087492,5501.9559356258,2.73515786706969,72660.6754124944,37.6245805499,69.5987336334833,25.4459810194492,79.311620451463,81.2951219512195,13.5610386481366,99.9999978903117
NOR,2012,7.30698815670179,3.96,56.9,33.1767256956993,5805.46758867551,2.71818291334012,73661.6785830334,37.4765762389368,68.4985528389766,25.8720343590957,79.4905925441617,81.4512195121951,13.7403297521657,100.0
NOR,2013,7.02749190738719,4.14,56.6,33.2090866046879,6047.18057523381,2.70359004539183,73515.9144917472,36.2739314669769,67.9727925936832,27.3276198211521,79.9723980455359,81.7512195121951,13.9120886837683,99.9999992599067
NOR,2014,7.09267324687363,3.75,55.8,33.2318108614437,5525.57603893844,2.7026523658753,74180.3238731011,34.6738352116026,69.1373772209037,27.2099921057026,80.6117159535579,82.1,14.0704449094514,100.0
NOR,2015,6.75214227846257,3.31,56.5,33.2456439881958,4930.48137593923,2.70004137564292,74809.9658049898,31.5986317732861,70.431856540017,26.9188414862645,81.2378240971353,82.3048780487805,14.2079384825517,99.9999975725988
NOR,2016,6.23059189808068,3.6,57.7,33.271099733249,5368.57647170474,2.69388608214041,75017.4944769055,28.5306166329967,69.1168423974699,27.7264215581661,81.6800003051758,82.4073170731707,14.3354243797401,99.9999982841092
NOR,2017,6.52155808218128,3.74,58.9,33.2945336229161,5673.5093152418,2.69802778789613,76247.4116445341,30.4933671932528,69.1087817621061,27.5528323979124,81.9699745912375,82.609756097561,14.452576255125,100.0
NOR,2018,6.69607752509394,3.65,58.9,33.3172650284299,5539.19011908654,2.70133768638321,76373.6474606092,32.6446122707692,70.0031957894984,27.7268430380858,82.2452112401723,82.7585365853659,14.5488896436123,100.0
NOR,2019,6.38122446338577,3.43,59.8,33.3399069828592,5220.68866140147,2.69589201685045,76712.2871160349,29.8244589771798,70.8958205272987,29.611444403947,82.4935894878281,82.9585365853659,14.6479975020132,99.9999973521183
NOR,2020,6.05589724673443,3.44,60.9,33.4353596771758,5145.72221927617,2.70656765993659,75287.2059527598,26.8831673443447,65.3539790413323,31.3521157276673,82.7029885700532,83.209756097561,14.7672152298338,100.0
NPL,2008,52.2512026076732,6.07,90.5,41.3378165329613,356.984304444032,28.9640739448901,666.865095417138,16.049986636556,46.0362063511913,30.3156469991099,56.9108061152324,66.442,188.28069061737,84.5508362701857
NPL,2009,49.5198948265099,5.97,88.9,41.464269271015,365.025112738645,28.8803627485176,692.400000816919,15.0668034711092,47.0794477633688,31.6743770945651,59.8638612146309,66.6,189.557272410185,85.158729874995
NPL,2010,48.378383727955,5.87,87.3,41.5907220090687,373.442181313024,28.782699686083,721.265221364302,14.2007622567226,45.9849057742707,38.271206448162,62.0156581578338,66.772,190.73562608999,85.7617588960131
NPL,2011,57.7405744835303,5.87,87.0,41.5907220090687,384.882490354394,28.7868852459016,742.617252662576,13.393470598846,36.296758890097,27.8102444789254,63.139949798584,67.123,191.59047087548,86.3599023849968
NPL,2012,71.4060546576235,5.39,84.7,41.5907220090687,368.950606819553,28.5151398674573,775.310578479839,13.9771618084251,37.921906058758,28.6027052400212,63.6558406194333,67.364,192.081723055459,86.9532837280701
NPL,2013,71.4182305954874,5.86,86.0,41.5907220090687,413.994708557044,28.2957244506453,801.039060847856,13.7983375627601,41.8653757376722,29.6766090195384,64.1314570156048,67.598,192.465964422742,87.5415795968781
NPL,2014,75.117974167847,5.77,84.0,41.5907220090687,431.030290984188,28.1675388908266,846.665541773599,13.5645652301586,45.9826416115927,30.9860882268693,64.5640847098488,67.812,193.040599930241,88.1248062062868
NPL,2015,70.9361955250807,5.52,85.2,41.5907220090687,426.325523071049,27.9640516219044,875.543635474862,13.1616546296789,46.6657303895158,31.2774348208688,64.9510094249155,67.374,194.095772584583,88.7026979901049
NPL,2016,72.4074854195922,5.93,79.4,41.5907220090687,458.265548485248,27.7312179979072,875.188943730855,12.6554177701811,42.115486124737,28.2409991995242,65.2895168835553,68.444,195.015430763865,89.2751913988418
NPL,2017,64.6442716077629,5.76,76.8,41.5907220090687,484.157515782647,27.5400788280433,951.857298563641,12.8625858899927,44.6424106224996,37.3250540060946,65.5768928085184,68.74,195.404659923265,89.8420840030234
NPL,2018,64.2108322791754,5.6,75.0,41.5907220090687,504.622833977068,26.9733247296826,1021.91492204011,13.2006396343014,48.4473869461067,39.5478003355175,65.8104229225551,69.036,195.882029996512,90.4032337065468
NPL,2019,57.2750179345088,5.08,78.2,41.5907220090687,482.761158642892,26.7748852459016,1077.11796498188,13.0106754142894,49.2495265874454,41.3787409108185,65.9873929484157,69.299,198.214607603767,90.9584624626018
NPL,2020,45.7207706412594,5.76,73.1,41.5907220090687,524.601266425712,26.5011008022323,1031.53618783934,12.047319925355,40.9188741243442,30.4402815098213,66.1050886088505,69.106,202.068880362749,91.5076217588488
NZL,2008,6.82821205375524,4.52,26.1,37.4030002658463,4100.75606551399,43.1962325775702,35739.3584607571,23.4180182363135,64.2611448527979,22.9039037931743,85.9144723093505,80.3512195121951,16.1778891800539,100.0
NZL,2009,6.93534102480686,4.6,28.5,37.4021191751168,4073.03697683547,43.6367779423493,35370.585185302,21.5920234531835,55.0143501856026,19.926477761063,85.8918345477824,80.7024390243902,16.340435228438,99.9999975383469
NZL,2010,6.96830513959859,4.68,29.4,37.4012380843872,4147.30616096111,43.3253579431089,35489.7631519026,21.3739109959972,58.1047406012087,20.3756573267404,85.8614043258228,80.9048780487805,16.5231096426266,100.0
NZL,2011,6.74391297899936,4.6,30.3,37.4000911473169,4108.26383266428,43.1848391629638,35957.523248516,21.0821962770197,59.1724105593848,20.6489426548507,85.8233151875134,81.1560975609756,16.6495765447571,99.9999988858894
NZL,2012,6.77378849107112,4.73,28.8,37.3989442102465,4280.5653723436,42.571113896168,36607.1493914827,21.0796325358149,56.9087671962042,21.2760294778962,85.777700676896,81.4073170731707,16.7411036420949,99.9999978085497
NZL,2013,6.77775160923795,4.68,28.3,37.3977972731761,4298.71533674262,42.1784208727356,37267.6586997514,20.3295523823426,55.9861241102171,22.1773812692661,85.7080129786455,81.4048780487805,16.8702290076336,100.0
NZL,2014,6.59603176441408,4.74,29.0,37.3966503361057,4476.80712476497,42.2163989214234,38056.2646732554,21.4447733176352,55.0986550961851,23.059728219927,85.5076659530411,81.4568292682927,17.1527856898713,100.0
NZL,2015,6.57020164227168,4.62,29.3,37.3955033990354,4422.74264118048,40.6820857544339,38665.3723018158,21.2079712328178,54.851331734287,23.1953014645751,85.1518763760531,81.6124390243903,17.5056017621815,100.0
NZL,2016,6.63410190310228,4.4,30.1,37.396035091717,4265.93839527509,40.3099008772929,39235.3695566636,20.173239535132,52.4062478142589,23.1657261077796,84.691365594,81.6585365853659,17.9032319319433,99.9999978251524
NZL,2017,6.82907618571061,4.25,28.4,37.411606091679,4200.71262692085,40.4238350233565,39722.6068434219,20.5291845375564,54.1432970416804,23.70401682613,84.1701025874108,81.8585365853659,18.2811135163875,99.9999952214353
NZL,2018,7.21258721355312,4.04,28.9,37.4279366526148,4109.2206852685,39.8693555125138,40371.5456268118,20.3819514710778,55.7664814899437,23.9860432020994,83.8017846685577,81.7073170731707,18.6115225399719,99.9999959549403
NZL,2019,7.42296671535298,4.05,28.0,37.4673198891041,4170.80496267642,39.2882913675895,40727.8822513384,20.3679361122366,54.4542971758367,23.7676954815243,83.804965871667,82.0560975609756,18.8762295393263,99.9999954101942
NZL,2020,6.48591499675774,3.94,28.7,37.5701264669021,3862.58510163497,38.5629106376514,39785.473128643,19.977838930424,43.9772422862431,23.1117429315929,83.8138977095908,82.2560975609756,19.2639854164293,100.0
OMN,2008,44.0650405651187,6.02,0.0,0.0096930533117932,5927.85053888478,4.70823909531502,22007.7338963517,63.599715349163,94.7619029877161,42.0046274389994,73.807772368029,76.124,8.48636187399031,87.1393591808879
OMN,2009,42.9936108717757,5.79,0.0,0.0096930533117932,5912.23573208102,4.69919224555735,22819.1977324647,57.5656243990977,91.6279353346997,34.0609039447334,74.5338635149003,76.631,8.67418093699515,87.4916215447679
OMN,2010,42.5453623091529,6.61,0.0,0.0096930533117932,6736.89412726066,4.66300484652666,22766.0503620721,63.2733093237295,96.3865546218487,29.3865546218487,75.1579724666274,77.184,8.90935702746365,87.8404432564797
OMN,2011,49.2481622561594,7.61,0.0,0.0096930533117932,7155.54208650969,4.64232633279483,20993.9079436935,68.1872487230601,101.641731939942,27.6617736879904,75.6585803514688,77.74,9.94107592891761,88.2854889503874
OMN,2012,52.3107821072608,7.55,0.0,0.0096930533117932,6702.98586928623,4.60032310177706,19824.1215485946,67.5378696587491,102.0747604043,30.2100349016772,76.088156621068,78.187,11.4607625201939,88.7987968638673
OMN,2013,47.6490783670685,7.35,0.0,0.0096930533117932,6348.55461173282,4.58642972536349,19299.9400516869,64.9283987461105,112.543521763774,32.3564793929509,76.4914234214313,78.633,12.3874410339257,89.2944813891267
OMN,2014,41.256352667596,7.25,0.0,0.0096930533117932,6076.17706116413,4.58739903069467,18726.2026946971,62.0562918738146,102.27872108813,28.6217693334979,76.8892576748951,79.03,12.9319515347334,89.7744741935216
OMN,2015,47.9189950499705,7.16,0.0,0.0096930533117932,6027.44597600521,4.63327948303716,18808.3077921839,53.0988656602003,96.3775801852347,36.3715664991426,77.3025363037955,79.346,13.5214701130856,90.238487505215
OMN,2016,45.4803385490064,6.59,0.0,0.0090468497576736,5557.31259783447,4.63974151857835,18830.6057208608,47.9402499394191,82.8642642018901,36.0864748848963,77.7521362304688,79.581,14.1870016155089,90.6874222506819
OMN,2017,48.7046852088573,7.05,0.0,0.0087237479806138,5765.1904185145,4.68794830371567,18277.945563615,49.5943955174432,88.9531480182956,33.8433678359827,78.3142260040136,79.748,14.6604071082391,91.1148946068941
OMN,2018,49.6250528984572,6.78,0.0,0.0084006462035541,5543.48208572922,4.71369951534733,18269.6769435562,53.893815370623,89.2792178262847,31.675193269668,78.9655839720276,79.864,14.8558222940226,91.5230946241618
OMN,2019,44.8977643665473,6.31,0.0,0.0080775444264943,5104.14096385215,4.71369951534733,18089.586668488,51.3792329456517,86.4782010313236,26.8649178662351,79.5780017545962,79.946,14.8343812600969,91.8882619028406
OMN,2020,39.5835768902765,7.18,0.1,0.0080775444264943,5696.16549726549,4.71382875605816,17743.8858800477,47.1477222892227,91.8758908014472,27.6206693345028,80.0176378922722,77.763,14.612268174475,92.1680305395851
PAK,2008,50.7539150601749,4.39,46.6,5.41878891656289,437.793091427855,45.8086861768369,1258.05188934452,21.1955484525846,34.3489608135242,17.996422608907,34.4460387735948,64.002,245.821804950187,88.4820319386941
PAK,2009,47.7996621859414,4.41,46.4,5.36462614155251,433.232502017003,45.7619863013699,1269.07432116444,20.3372467582902,33.3268872863988,17.5777374307953,34.6280259603331,64.206,252.148886986301,88.6492343131649
PAK,2010,46.5708385959715,4.37,47.4,5.31046336654213,429.290150470498,45.7165836446658,1256.69482201323,20.9650197800876,31.9890020462315,15.9615524272363,34.8159187475539,64.378,258.456630085098,88.8147345072875
PAK,2011,55.754979166674,4.27,46.8,5.26865919468659,422.806783066711,46.6168534661685,1261.83161907857,21.1864809532945,32.3626382751438,14.6316275197265,35.0113675889897,64.659,264.303218399751,88.978515573403
PAK,2012,66.8719540673752,4.19,47.2,5.22685502283105,419.511994101923,46.781600249066,1275.48806898966,21.9583720724829,31.3189732760076,15.1689869381562,35.2160229383731,64.883,269.389691002491,89.1405658210321
PAK,2013,68.5813248667094,4.13,48.1,5.18505085097551,421.547198130113,47.063096720631,1309.70080446386,20.8910295084645,30.8902743401844,14.9823804459246,35.4315352494366,65.129,273.809124636779,89.3007289268109
PAK,2014,71.7121701033462,4.17,47.2,5.14324667911997,433.41831568369,47.0267745952677,1343.30778121043,20.8659912298838,29.4698256903998,14.9075542099107,35.6595549759128,65.374,277.948120330012,89.4591472805659
PAK,2015,68.0068767608943,4.13,45.9,5.10144250726443,437.113254936443,46.9619136571191,1380.47020838317,19.602614668814,26.6881860172247,15.8109305453177,35.9017325715342,65.641,281.873810450394,89.6158196961384
PAK,2016,68.5228297189002,4.17,43.7,5.01795350767954,446.831497143007,47.7298671647987,1452.18658269177,18.1501179723214,24.7015780480573,15.9357468463989,36.1597184900333,65.943,285.568271326276,89.7707150440618
PAK,2017,61.7967274713574,4.17,42.1,4.99418845994188,456.017360937059,48.0009858862599,1495.26187528032,18.0993270885214,25.472035002344,16.3328910849517,36.4351548223399,66.223,289.635179275633,89.9237776878555
PAK,2018,62.3894976390133,4.02,43.4,4.94056143628061,453.513978590289,47.9361249481112,1561.68169819559,18.5890515927482,27.6260570796337,17.0682908414203,36.7478511550359,66.481,294.376416562889,90.0758470234098
PAK,2019,52.8571976958305,3.83,45.9,4.88693441261934,431.515757251107,47.0553134080531,1573.8330826937,19.5638945814483,28.9055769867032,15.4996449690024,37.1091631735769,66.729,299.399256693649,90.2267743289886
PAK,2020,42.9981734249878,4.17,42.7,4.83330738895807,454.250317980901,47.572903694479,1526.00597486307,18.5894635445816,26.7162807328814,14.8155399944077,37.5080192948099,65.701,304.848674242424,90.3763302585524
PAN,2008,15.8317581488557,1.57,23.4,58.5259617971482,806.672089232316,29.986548291633,10288.1549774225,19.4422776642603,164.586286421944,41.3904764890482,64.8088713516952,75.937,47.0896959913909,91.6329440597259
PAN,2009,15.3300654912291,1.71,20.4,58.3724105461394,871.526813807763,30.0188323917137,10267.0633132424,18.8451292858244,137.046021377188,30.856549564699,64.9730405510737,76.228,47.9470137207425,91.8164868861301
PAN,2010,15.1289454814112,1.79,20.6,58.2188592951305,948.304837724795,30.4868173258004,10698.0717490512,18.7740620895039,145.448718647896,37.34120254137,65.0926097647906,76.417,48.8099946193167,91.9966294834708
PAN,2011,15.8945138063768,1.79,19.7,58.0652945924132,1037.63156478608,30.4412160344364,11761.4988389067,19.3755839924897,158.20839556043,37.618517893377,65.1896678664818,76.659,49.6839521119182,92.175026614494
PAN,2012,14.6776716917331,1.68,21.2,57.911729889696,1052.69925949498,30.3066989507667,12668.2945402358,20.9812468831741,153.208620289839,42.5040223606148,65.2829468288151,76.877,50.5684153887544,92.3514556960261
PAN,2013,15.3884130435778,1.53,20.7,57.7581651869788,1002.33596439162,30.1721818670971,13236.8306490828,24.4155078532725,133.071568994167,43.0705309243778,65.3709770103365,77.129,51.4572101156847,92.5258725116137
PAN,2014,14.8554074199235,1.53,19.8,57.775580140313,1035.01293838968,30.1268213707501,13611.5490656071,25.7779037541134,114.970604967371,43.5746775001882,65.4531164770096,77.365,52.5108067997841,92.6983815513135
PAN,2015,14.7706187901647,1.45,22.0,57.6215596330275,1024.97759926054,29.9919050188883,14082.6548434996,26.578949117256,96.5791573893461,42.2663686447881,65.5287232947981,77.583,53.4273475445224,92.8686371033942
PAN,2016,13.8724498973293,1.44,22.1,57.4676200755532,1045.76582937315,29.8569886670264,14474.124340577,27.4158212440648,84.3959718486228,40.2623341033399,65.5971555296656,77.772,54.3589584457636,93.188819816336
PAN,2017,13.844753026596,1.37,23.6,57.3135456017269,1035.95086028489,29.7220723151646,15045.545619615,28.2545621203247,84.0475372059131,41.4845748182451,65.6577712475758,77.901,55.298259579061,93.5073884501397
PAN,2018,13.2136956449094,1.34,24.5,57.1133728767862,1026.38990550231,29.563224588838,15375.6434854475,28.3264605966594,86.1309615270001,41.1990909850311,65.7099285144924,78.266,56.1857643569695,93.8241340868165
PAN,2019,11.8842931085395,1.48,19.0,56.9594230250741,1162.83608429865,29.4284173631707,15602.5420714581,28.4159326937794,80.4286505707227,38.0674658664723,65.752985396379,78.514,57.0868158533297,94.1389735045272
PAN,2020,11.4700607490209,1.46,28.5,56.8056079805878,936.065449427601,29.3084389323268,12647.0826553801,23.4387808011432,68.7004234799646,23.9546077936228,65.7862999591993,76.33,57.87626044756,94.4306492571863
PER,2008,48.3321548571422,2.56,33.7,58.0464109375,581.604189028885,18.496336640625,4778.52642172313,36.3269344719167,58.4337673899053,26.178345935433,76.2744879116779,72.743,22.43675078125,86.1388730860252
PER,2009,40.1890044536392,2.56,32.9,57.94890859375,583.138420968196,18.57030484375,4801.17153740507,33.551682543695,48.1119296153519,19.9786779797935,76.822147540745,72.631,22.57563359375,86.7621628336496
PER,2010,34.7111781547367,2.46,32.2,57.85140625,603.455432475802,18.644273125,5167.39259325937,35.7720066029406,51.6728089370033,23.7605090406542,77.4020936833934,72.886,22.72345234375,87.3815093121049
PER,2011,32.0639653460543,2.66,30.6,57.7177703125,688.059834224801,18.718241328125,5453.45718713631,37.2361002771383,55.9882802838607,24.200875596397,78.0118164985462,73.327,22.8938171875,87.9963640224872
PER,2012,33.9046061596244,2.69,30.8,57.584134375,731.975608324875,18.792209609375,5740.04346272472,35.5335533553355,52.6198952632294,24.6060563122502,78.6488061451268,73.979,23.0862234375,88.6072952219099
PER,2013,32.0778901377032,2.44,28.4,57.4504984375,698.053820478867,18.76575328125,6021.46142765232,33.8594367461678,49.7871424471444,25.5741818690255,79.3105527820586,74.591,23.29524921875,89.2138017423285
PER,2014,32.9197109468005,2.51,28.6,57.3168625,728.635674022974,18.75578140625,6103.91864749969,31.701403934103,46.8531210912899,24.6661205071214,79.9945465682649,75.26,23.5279890625,89.8161834428489
PER,2015,32.8751693157181,2.51,27.4,57.1832265625,743.011209215106,18.995159375,6231.71150338894,30.3378798708175,45.1627686891148,24.3051143583227,80.698277662669,75.732,23.795,90.4146720652742
PER,2016,33.739432290958,2.52,27.2,57.03928125,764.054757957891,18.75,6392.25474941014,30.5565505783828,45.3888411964154,22.0213133889585,81.4192362241943,75.951,24.1144484375,91.0088509037893
PER,2017,32.7083066880238,2.49,27.6,56.902171875,762.042756190787,18.945396875,6457.41940254721,31.2978841231473,47.5135503619971,20.7118137063238,82.1931650502403,75.958,24.47237265625,91.5989672683032
PER,2018,30.6265686811297,2.5,27.9,56.77815625,783.890205846973,18.82389765625,6593.14437459526,31.6240835005495,48.631470171736,21.3111751422932,82.6854929960921,76.018,24.9199875,92.1863171590782
PER,2019,29.1117854585642,2.54,27.1,56.643125,798.439603977568,18.6431953125,6626.26083494969,30.4491957836385,46.9435053754409,20.8336395514866,83.1033003087105,76.275,25.35101796875,92.7704924879638
PER,2020,27.0356284968814,2.41,31.6,56.5081015625,666.666363333809,19.125773046875,5831.83024758521,30.3192857092121,44.245967197744,18.1912588877919,83.5267437189637,73.832,25.65513984375,93.351440846039
PHL,2008,26.5791929727268,3.34,33.9,23.2539423818627,439.081886950045,40.2790354495757,2264.9462907288,32.765288410954,67.6810707730401,18.9671469154789,43.1547492407016,68.643,310.893433276319,89.5006950192922
PHL,2009,24.8862804012556,3.21,34.1,23.0964684575913,420.717035027758,40.580876681088,2256.72554835463,31.5225426812628,60.8865907869758,17.4317211991991,44.3356772609527,68.631,316.545091726196,89.8798092589211
PHL,2010,23.0284261383751,3.13,32.7,22.9389945333199,431.460692039266,40.580876681088,2373.14312064664,32.3395560456604,66.1042785137797,20.4417711390659,45.5208176726647,68.883,323.094627226079,90.264011405217
PHL,2011,20.2762007200701,3.05,33.8,23.055994902237,428.32978664067,41.1174833148875,2416.75212064542,31.3386827828469,60.7958366999075,20.7399365678349,46.6833632464759,69.096,329.505362712547,90.670107052381
PHL,2012,21.8351961883251,2.97,34.1,23.172995271154,437.466406247307,41.6876278632995,2533.74141964959,31.3994933632444,57.8420055133082,19.5607279687897,47.9182784810426,69.237,335.96777677164,91.0748919479401
PHL,2013,22.7402636854564,2.87,33.1,23.2899956400711,443.26971934561,41.8184257302881,2654.41506933978,30.7754466314331,55.8247812320298,20.642224107669,49.1313688766206,69.283,342.342744072174,91.4784521468904
PHL,2014,20.3368824432152,2.89,32.4,23.4069960089882,465.625886441589,41.9156856826642,2776.92005909479,31.0474444753394,57.4681720875945,20.9239704373705,50.2392400212368,69.311,348.013314552101,91.8806100613092
PHL,2015,19.7079275985218,2.95,30.8,23.5239963779052,499.070776259238,42.0129456350404,2909.85818010301,30.4819509834967,59.1415921053094,21.3409478711064,51.1549047745227,69.45,353.197813327967,92.2815392767777
PHL,2016,19.9069716374648,2.91,28.6,23.6410101619881,520.980850770081,42.1102055874166,3076.3374186759,30.2859171672694,61.7760657653871,24.618503101685,51.9114748151175,69.49,357.969342992253,92.6811507144986
PHL,2017,18.3327018141416,2.89,27.8,23.758023946071,544.47519980766,42.224234497099,3247.4503878362,30.1265505767725,68.1683697426727,25.5587738639602,52.6010482354344,69.966,362.61090317604,93.0805992720253
PHL,2018,20.5885077839401,2.8,27.6,23.8750041922393,554.498283533215,42.3013717007077,3410.93647976109,30.5637401548214,72.1633982990273,27.1505820415621,53.2088897464754,69.761,367.123744843546,93.4798496793252
PHL,2019,21.5254371973976,2.66,26.9,23.9920179763222,551.866549795025,42.3785089043163,3575.88170922922,30.3275078794624,68.8418422595678,26.4018084647284,53.7157859948017,69.68,371.615799711574,93.8786426296812
PHL,2020,20.2887417122616,2.78,29.1,24.1090317604051,518.156775784154,42.455646107925,3198.66690008413,28.3999175850521,58.1695603022281,17.4333790282876,54.1077719895977,70.097,375.897186168964,94.2767858134665
POL,2008,27.4309285084638,4.79,8.0,30.2807704864512,2563.58518489618,50.9337251061051,10187.2017910883,28.8165316846699,80.5746815569207,24.7561450970576,61.1258760375274,75.5439024390244,124.471952334313,98.2292078050967
POL,2009,27.2131986939225,4.48,8.8,30.3709024422097,2463.27043395388,50.9958208175526,10446.5289138524,29.9613126651954,74.9685965264269,20.7579141114998,60.9800753477,75.6951219512195,124.564460624265,98.2259217196512
POL,2010,26.9664708685675,4.65,9.5,30.4590570719603,2642.06881241023,47.1757868616952,10808.3975674238,29.6974993930566,82.2258523219922,20.8586688863455,60.8474783987677,76.2463414634146,124.209200731357,97.6879584408668
POL,2011,26.5458489052773,4.45,10.4,30.5234627567515,2652.99080592091,48.2611109296934,11370.313427173,30.3941659979475,86.9236892837618,22.3450463094694,60.7357090652544,76.6951219512195,124.296296901022,97.1483620185882
POL,2012,24.1304928281428,4.24,10.9,30.5838939324669,2563.69089214526,47.4462804519626,11542.2353368014,30.2281657114043,88.8299033066583,20.8019518666142,60.6341632788866,76.7463414634146,124.300058781268,96.6064109843745
POL,2013,23.1892115212622,4.2,11.4,30.6443290552235,2567.18208491979,47.059207733255,11628.2286809525,28.6768333488015,90.4175072415629,19.1280449978263,60.5333187465323,77.0,124.229110740995,96.0626756426039
POL,2014,23.433827803997,3.9,11.6,30.7057709265489,2473.79770713362,47.1080048336001,12093.1622787394,29.9351239778153,92.0340197113178,20.8272789201168,60.4340063344328,77.6024390243903,124.144273163722,95.5170444873157
POL,2015,22.4139830731908,3.77,11.9,30.7652111434077,2498.7740659386,46.9349096965936,12637.5220324406,30.9939300295541,92.2554272741942,20.8016958781231,60.3362886805635,77.4512195121951,124.061569613639,94.9696427851433
POL,2016,21.2485092459447,3.83,11.3,30.8142003331265,2614.97160490538,46.9447075345374,13026.1858988718,30.6734871058329,96.8659028060623,20.0873009067718,60.2402284228997,77.8512195121951,124.008253045495,94.4224326184484
POL,2017,22.2631718698092,3.81,11.1,30.8533916849015,2734.42727608835,47.2321107808877,13695.6452848724,28.8090759581658,100.56589524628,19.9081446848915,60.145888199417,77.7536585365854,124.0237303635,93.8761307350633
POL,2018,22.4094051941271,3.77,15.1,30.8946010386387,2865.52683144763,47.39850409903,14551.0850277089,28.8614617242515,102.442462168005,21.443880969665,60.0533306480907,77.6024390243903,124.031583760656,93.3312333762882
POL,2019,18.7701954101512,3.48,15.6,30.939858220901,2761.07246212926,47.4437293783281,15221.3090624454,28.8315242170352,101.581033817373,20.7076794491101,59.9626184068963,77.9048780487805,124.025595374212,92.7883142536668
POL,2020,17.9583314936851,3.44,16.1,30.9770358997811,2710.95606232103,48.1266128768824,15090.2228440113,28.5669486213815,99.2590912303436,18.8394051569485,59.8738141138092,76.4,122.548420605625,92.2480567425882
PRT,2008,11.4411407098565,3.03,23.2,35.6160489778069,2337.4925314705,40.7331365475019,20014.4749330004,20.3862797641316,72.0757429221604,23.5794931626439,60.3510029424595,78.5243902439025,115.427757734776,99.1647380215386
PRT,2009,10.9800301103829,3.08,24.9,35.5377224587837,2304.1784841547,40.3491647559777,19371.1318876855,19.857190463856,61.4926935267759,20.8425074783613,60.8066368745822,78.7268292682927,115.386472322306,99.163049429434
PRT,2010,10.7935723715541,2.92,27.8,35.5060596134949,2222.62833547109,39.8970411616989,19698.6836791397,19.9335310982463,67.6892401927983,21.1994526798182,61.0788867241731,79.0268292682927,115.439458456163,99.1627697149576
PRT,2011,11.5157580200238,2.89,27.2,35.6370782836554,2164.03219875257,39.8445245114095,19389.6395896162,19.3319728029358,73.0075756700531,18.6613799007397,61.1410698395502,80.4707317073171,115.269789278305,99.1638655691721
PRT,2012,10.1151524382993,2.83,25.5,35.7680969538159,2039.16999711033,40.0088437602358,18679.7626789594,19.0867583864245,75.9411067187813,15.7536608050077,61.1409793914666,80.3731707317073,114.803406485424,99.166331194383
PRT,2013,9.76832048738232,2.86,30.2,35.893158903643,2055.58816601984,40.4027282294018,18597.7214623964,18.8830973772949,78.0305056874282,14.6835299275763,61.1405315215642,80.7219512195122,114.156128691384,99.1701146660996
PRT,2014,9.50576236832378,2.8,30.5,36.0239985328408,2035.41142547114,39.996244771062,18836.8967978906,18.9850440099134,80.220669072079,15.3444039472278,61.1394537361116,81.1219512195122,113.541770372117,99.1752179705085
PRT,2015,9.64253451834766,2.85,27.2,36.154994891142,2121.0872664787,39.7222440549486,19215.7813014347,19.5938498258589,80.6346756266443,15.9379888733382,61.137469211538,81.1243902439025,113.072519583956,99.1816068105742
PRT,2016,8.83773210008347,2.77,29.0,36.154994891142,2111.0971132123,39.5066458819112,19662.82312462,19.448178094831,79.5223464844001,16.0283624571119,61.1343011242723,81.1243902439025,112.716384151187,99.1892660271038
PRT,2017,9.2551980440464,2.8,24.4,36.154994891142,2209.9813508898,40.1000899508327,20364.1962735946,19.2493833127062,84.8077923069539,17.44628649988,61.1296726507436,81.4243902439025,112.441815784188,99.1981706237111
PRT,2018,9.02601451562929,2.63,27.5,36.154994891142,2140.97558921814,40.791900276839,20997.7745987013,19.3820435381975,86.7356954918399,18.5247214985093,61.1233069673808,81.3243902439024,112.261935951514,99.2082778688964
PRT,2019,7.98256121876526,2.53,28.2,36.154994891142,2115.18570481977,43.1253165745326,21569.1874752919,18.886083188208,86.7709889083586,18.76826598288,61.114927250613,81.6756097560976,112.288582794065,99.2195921254353
PRT,2020,8.45242266236737,2.56,31.3,36.154994891142,1957.30550192994,43.1660902826901,19778.7139525722,19.3945333422241,76.5086407209215,19.4185791809348,61.1042566768691,81.3292682926829,112.406676011074,99.2320711795606
PRY,2008,12.3711832339251,3.18,65.8,50.980362446514,795.13978096029,46.683370249182,4788.66318778074,36.7688484491586,80.7775746572591,22.2482943437117,59.2442256780564,72.047,14.1293078278379,86.2343916183711
PRY,2009,12.3469879747333,3.25,65.4,50.1191895293229,803.842403165747,46.8934983639567,4727.59685811389,37.38083932116,70.8419818624334,18.9159699698811,59.3666109432844,72.282,14.2744424867858,87.3701346043735
PRY,2010,12.3630674150856,3.12,63.6,49.2580166121319,845.813455856112,47.4473657186006,5191.05014254362,34.6039155110683,81.2575233746789,23.834958440668,59.5122792618786,72.551,14.4424137931034,88.4925524343049
PRY,2011,13.0739532959182,3.04,62.5,48.2153435690914,846.378069858717,47.9879557009816,5342.19015717538,34.0345623930043,78.4921238489902,24.6615700086338,59.693499539898,72.787,14.6353536370501,89.6017300612008
PRY,2012,12.3612452179307,3.07,63.4,47.1726705260508,838.725851852828,48.5392985149761,5230.26244858989,34.5140981436728,74.7649574561086,21.2642113310265,59.9212909454702,73.105,14.842708280896,90.6978954700582
PRY,2013,11.7070023253943,2.86,62.5,46.1299974830103,834.864412287503,49.0869360684621,5583.12274473566,33.232924993924,73.369871384133,22.0169832494221,60.2375315600901,73.292,15.0577523282155,91.7766282217671
PRY,2014,11.4592064094704,2.84,62.5,45.0873244399698,859.864131506698,49.6341485023911,5794.47644689985,33.6080758464952,69.0837249630891,22.6588064100141,60.7101965948157,73.415,15.2776516486282,92.8421252536178
PRY,2015,10.4338184152061,3.01,60.5,44.0446513969293,925.193411629783,50.1495819280141,5879.33792308762,34.582253753407,66.9150655259457,21.878682412934,61.3302768533263,73.454,15.5023986911654,93.8962871621524
PRY,2016,10.4105012225018,3.4,62.5,43.6273093380317,1072.60628446376,50.6678494840171,6041.95879367349,34.4967803217785,67.7593152322119,19.806173956137,62.0827613208606,73.487,15.7289856531588,94.939272291061
PRY,2017,10.2879780314547,3.42,60.1,42.6384847722124,1116.33946333541,51.1846647369746,6243.1336313903,34.3937589134318,71.0801344038459,20.6000429017992,62.9526389826574,73.45,15.9543418071986,95.9709683490468
PRY,2018,10.4898126276478,3.4,59.2,41.9353888749056,1130.48367815286,51.7095343569091,6354.2392005316,33.556175213621,72.0692236259495,22.7820847953359,63.9248988239553,73.627,16.1776541656179,96.9920505649968
PRY,2019,10.1222564891858,3.39,60.1,41.2323181474956,1105.56253694542,52.2353553989429,6243.53620897823,33.4893114330734,71.2221617342433,21.6853116218499,64.9845298299929,73.668,16.3983337528316,98.0247086553271
PRY,2020,10.0891599097852,3.32,61.5,40.5292222501888,1056.5406299527,52.7540030203876,6109.19608100826,34.2042992219391,62.7602174748575,20.0414603496263,66.116520986009,72.72,16.621542914674,99.046227094695
QAT,2011,87.9624107804434,5.55,0.1,0.0,16473.4269691009,5.92592592592593,81608.4080652473,73.2142681700731,98.7216351018991,29.0318354942345,98.6300610210909,79.994,139.94496124031,99.9213635076417
QAT,2012,95.6228667032868,7.32,0.0,0.0,21456.0669284592,5.98621877691645,80621.7554942834,73.4692107035411,105.746286433535,27.1443989918744,98.7428010471968,80.499,148.358139534884,99.9275097471044
QAT,2013,88.6466197970471,7.42,0.0,0.0,20642.1423232651,6.04651162790698,76486.9151226864,71.768350592851,102.383154379024,27.8278903298317,98.8357621827901,80.974,165.066838931955,99.9336559865671
QAT,2014,75.1764824465315,6.83,0.0,0.0,17814.5431104326,6.1792863359443,71756.0265797248,69.7579989822263,99.0343138952759,31.790053219975,98.901627838826,81.395,187.271105308964,99.9398022260297
QAT,2015,97.7000280042596,6.55,0.0,0.0,16427.7565434994,6.1792863359443,68985.2433380102,57.4408093312248,93.7076739370818,37.067203825843,98.9382407681154,81.785,204.051958224543,99.9459484654924
QAT,2016,83.6854921169063,6.2,0.1,0.0,15178.8562114172,6.1792863359443,67294.3517688172,53.2053847059143,89.5476231430097,48.8690827894008,98.9855265345423,82.147,215.588598781549,99.9520947049551
QAT,2017,83.268990615565,7.13,0.1,0.0,16718.237047918,6.26631853785901,64497.6242543737,56.6880001909956,91.4945574785855,42.6113473715086,99.0310125265978,82.458,221.568320278503,99.9582409444178
QAT,2018,93.3069571843647,6.9,0.0,0.0,16139.7708310186,6.44038294168842,64410.7171628721,60.3815146701831,91.838343273294,40.6590534659993,99.0755684762244,82.714,224.606962576153,99.9643871838805
QAT,2019,81.0088337801126,6.82,0.1,0.0,15760.736902246,6.44038294168842,63430.3717285437,57.1645752595048,90.0462934117559,43.7353659391394,99.1191696672067,82.945,229.648128807659,99.9705334233432
QAT,2020,75.6630329481338,7.07,0.0,0.0,14869.2501075493,6.44038294168842,57769.5836053284,52.3332661159918,90.0189857283633,43.8491508547382,99.1617913833034,80.409,243.180852915579,99.9766796628058
ROU,2008,20.523004802707,3.61,20.4,28.2087864288821,1925.09359481658,59.3040452370596,8318.00342795388,36.7743706646186,65.1752009979412,33.0936844355478,53.6297858153706,72.5658536585366,89.3339495432797,100.0
ROU,2009,20.1691050030713,3.37,22.1,28.2539337564114,1707.81228256351,59.2062940102582,7924.87058070212,36.4231420350652,58.4700583666529,27.2026875632393,53.7875150259042,73.309756097561,88.5311962096844,99.9999988230142
ROU,2010,20.0206954096756,3.52,24.1,28.3199304499022,1724.69848692837,61.5344490328189,7660.70667630517,38.3073286489437,69.9549354932718,27.1890794202952,53.9038227941329,73.4585365853659,88.0107411432297,99.999996291155
ROU,2011,21.3631759849928,3.44,21.1,28.6405352565495,1771.70358553223,60.7464048312117,8044.57194920892,40.2099159620935,76.271356441629,27.809701397226,53.9608874244169,74.409756097561,87.5332493374462,100.0
ROU,2012,19.4249667326641,3.29,21.5,28.9948004521346,1736.57620479665,59.7035040431267,8234.28553425194,34.4276463515754,76.5943239913672,26.7222427286412,53.9563092496073,74.4121951219512,87.201265107382,100.0
ROU,2013,17.8711054888739,3.0,23.1,29.3291135938791,1590.19381302075,60.4486371342868,8287.95844089676,32.072608504292,81.3976131747183,25.2514905784046,53.9101758034365,75.0634146341463,86.8742903099596,99.9999994937801
ROU,2014,17.9898360506608,2.85,24.3,29.6582406119611,1579.40659793132,60.1095271210014,8661.47397274241,32.5700211539755,83.3751429575201,25.2257196462876,53.8267187624053,74.909756097561,86.5306806328234,100.0
ROU,2015,17.4955175712912,2.78,23.7,29.9937413073714,1598.69179785792,60.2312239221141,8977.01748158196,30.811807082352,83.5205767017155,25.4960152893431,53.7071839518893,74.9121951219512,86.1248956884562,99.9999977589851
ROU,2016,16.5983385295736,2.7,24.4,30.1158292767733,1604.62335040687,58.7665159944367,9286.87678236598,30.1213847463155,85.8925282906884,23.6646873522112,53.5528171972639,75.209756097561,85.6322453059805,99.99999889392
ROU,2017,17.0446117524786,2.62,23.4,30.1158292767733,1693.37364201715,58.1449930458971,10106.2269557253,29.1130933187854,87.1560645667801,23.9867377562262,53.3648643239046,75.209756097561,85.1387126216968,99.9999969050607
ROU,2018,17.1719925973938,2.49,23.0,30.1158292767733,1717.11748022415,58.3014603616134,10714.1701157127,29.1075109238852,87.0911701095809,23.0435742456948,53.1445711571868,75.3585365853659,84.6399947844228,100.0
ROU,2019,15.0073403663299,2.37,23.5,30.1158292767733,1705.25777604649,60.0921418636996,11197.3162915853,27.7745670712094,84.9063630584793,24.4073793139433,52.8931835224862,75.6073170731707,84.1952712100139,99.9999999599391
ROU,2020,14.8501731264834,2.39,24.1,30.1158292767733,1669.6382293589,56.7150556328234,10854.049431887,26.6218787803176,78.3616463562709,24.3319634913981,52.611947245178,74.2536585365854,83.7328320584145,99.9999987108397
RWA,2008,30.3940359476901,5.88,90.6,10.9201459262262,347.008912213796,76.2059181191731,538.325372065592,16.2638385339331,37.6045108548055,21.3446999189279,16.9170867063804,60.641,397.416659910823,52.431851071574
RWA,2009,30.5922082743006,5.73,90.5,10.8309687880016,350.122128007432,77.2598297527361,557.397804859216,15.6885811871245,36.8056280084816,21.0151940236714,16.9206894426355,61.813,407.800243210377,52.9687937725955
RWA,2010,30.785874923407,5.56,90.5,10.7417916497771,349.056987418247,77.9083907580057,583.371416419483,16.328981915635,37.2788790923351,20.5325011611394,16.9255580310614,62.804,418.222659100122,53.5059466163751
RWA,2011,31.1412402470636,5.36,89.7,10.7823267126064,350.444162856993,78.759627077422,614.539650123021,18.1678448507507,39.71610247751,20.9013969880418,16.9323586881273,63.476,428.606931495744,54.0436163513461
RWA,2012,31.5360758844851,5.14,88.8,10.8228617754358,354.165609155772,79.4081880826915,651.852818665834,18.2255034210874,40.5408629987193,23.3041445547138,16.9410248882148,64.189,438.990717470612,54.5821211607428
RWA,2013,30.6283384511231,5.08,88.5,10.8633968382651,354.886177609396,80.2594244021078,666.408788783175,17.6168559784511,42.6934924295362,24.4311537415127,17.0742206053612,64.651,449.669233887313,55.1208311821785
RWA,2014,31.8689793191915,4.87,88.0,10.9039319010944,352.158641161359,81.3133360356709,690.610394944356,17.5513834863908,43.902733691075,23.2290320311828,17.5020716539756,65.088,460.671139035266,55.6650639617623
RWA,2015,31.2574810856465,4.57,86.3,10.9444669639238,350.169173195487,81.3538710985002,733.998629882494,17.4466631881327,45.2019756159103,24.240978094561,18.1953149858416,65.419,471.829023104986,56.2151798036552
RWA,2016,31.6862299869281,4.35,85.5,11.0255370895825,347.74298432412,81.2728009728415,759.606288155109,16.8369912939315,49.4849071069892,25.8958453602119,19.1213951786548,65.733,483.144831779489,56.7706115569257
RWA,2017,30.3553527446531,4.28,84.5,11.0660721524118,352.157966903596,81.2728009728415,771.069237513582,17.2842232487373,53.6752674177253,23.8350248025789,20.2477568101111,66.14,494.611268747467,57.3320450944617
RWA,2018,30.1816687853678,4.03,82.8,11.1066072152412,355.698420076335,79.0028374543981,817.578437300032,17.3499797528636,55.7841263739603,22.3221933243073,21.5418444579064,66.354,506.201702472639,57.8995436163309
RWA,2019,30.0071642427631,3.72,81.8,11.1471422780705,357.419084978587,77.1787596270774,874.639658935978,18.8647459714312,57.9756628637954,27.0287152007204,22.9711026997362,66.691,517.880137819214,58.4728536131809
RWA,2020,31.2882654917538,3.86,81.7,11.1876773408999,358.132557033915,79.3919740575598,826.391307701022,18.6382750394843,55.1879515519855,23.7346563348968,24.5029761132966,66.953,529.624523713012,59.0523587439994
SAU,2008,59.5066506638847,5.72,0.0,0.454484134921779,6980.05897029755,80.8328759960739,21629.8405734551,66.4293431587112,96.1026308742185,27.2957945617723,81.6441431042994,75.301,10.8331326842475,99.06590853272
SAU,2009,59.6227043484328,6.32,0.0,0.454484134921779,7125.05300494705,80.831344752034,20577.5453445336,54.6450009539393,84.8583415624843,31.7152823567211,81.8644480116889,75.447,11.2656494657369,99.064350805569
SAU,2010,59.8441227942823,6.7,0.0,0.454484134921779,7965.26121862505,80.8209750708242,21830.1424272816,58.0314401714882,82.5496850227537,30.9262320159049,82.0791668544465,75.616,11.1543929589848,99.0628033442544
SAU,2011,61.9036201963126,6.3,0.0,0.454484134921779,7979.3799657336,80.8180482767283,23314.5576023168,63.0803869808085,84.3594342438995,26.765793867763,82.2543876159947,75.808,11.6723187994548,99.0612486326725
SAU,2012,65.8136535735159,6.18,0.0,0.454484134921779,7862.42354103658,80.8132607957426,23643.0358324647,61.9428982819125,81.74067854616,26.4578386746131,82.4311918025358,76.09,12.1733184784783,99.0596929684961
SAU,2013,64.2495664318178,5.94,0.0,0.454484134921779,7401.17130265584,80.8084732682387,23057.3494468535,58.9702568849547,80.2515014286783,26.2949562527888,82.6071884619102,76.517,12.8502267768841,99.0581282049423
SAU,2014,51.0877522409227,6.32,0.0,0.454484134921779,7959.81351652344,80.7661454907452,23404.7306039825,56.1653404810043,78.000111117736,28.5328325808043,82.7822571294871,77.116,13.1690025073383,99.0565545012609
SAU,2015,65.6121801282607,6.17,0.0,0.454484134921779,7786.91651664863,80.7626139582917,23256.1549553531,44.6011697093878,67.1052692300592,32.4339384933454,82.9562773406163,77.776,13.8700845238151,99.054985329852
SAU,2016,57.2721294327821,6.07,0.0,0.454484134921779,7521.58911581712,80.7596872107141,22783.0328538685,42.5305962013279,57.9216635110364,28.1170520868555,83.129128630626,78.354,14.399377584675,99.0534091692416
SAU,2017,59.4402484783372,6.18,0.0,0.454484134921779,7707.05632967392,80.7591328517135,23035.1199977707,44.8899324686986,59.5319791578229,25.4757265766537,83.300690534822,78.721,14.4101498355577,99.05183493953
SAU,2018,61.9886640504678,5.81,0.0,0.454484134921779,7650.66372475004,80.7582529108848,24393.5188306638,49.0147439495304,59.1029104697141,22.3727056762612,83.4708425884849,78.75,14.0468072140634,99.0502504705906
SAU,2019,58.6225928552836,5.76,0.0,0.454484134921779,7668.22165933444,80.7636691802074,24905.6697428558,45.7234459871756,56.7938204886513,25.5522842268021,83.6394643268678,78.313,13.9851787932213,99.0486721197549
SAU,2020,53.1486013629285,5.95,0.1,0.454484134921779,7170.88694947248,80.7734077936819,22827.671935548,38.3004545080469,47.533159225048,23.3158218039549,83.8064352851942,77.596,14.6777023663877,99.0470900170106
SEN,2008,56.5965036620253,3.92,39.8,44.3835246455098,259.2346121475,48.1743104970654,1138.66883930214,22.0817260947223,62.7617698176319,26.2267083321653,42.867747101036,63.201,62.5822417285618,69.2939508159691
SEN,2009,56.7983500914545,4.59,51.3,44.1835558094842,304.736226945897,48.1898924842882,1142.65317233964,22.0007291744608,52.3072908773365,20.3974883741685,43.23773199459,63.751,64.0803459201163,70.5013902121975
SEN,2010,57.0129259980585,4.68,49.5,43.9835869734587,313.396782040786,48.1898924842882,1153.53431121583,21.7761763055679,52.4578551962948,20.0869466642817,43.6371785059692,64.221,65.6282813068093,71.7047289784237
SEN,2011,59.1412397618774,4.79,48.0,43.7758271438217,317.49118236804,46.5641718173791,1139.74447892639,23.3061329625455,57.5768785989578,21.0003400122128,44.0689668509475,64.799,67.3084558250662,72.9034178534763
SEN,2012,71.9845097478197,4.51,49.6,43.5680673141848,302.418621518753,46.5641718173791,1154.05677992367,23.1117975253125,61.9753040040375,24.6240972538796,44.5359772452989,65.229,69.1346543395834,74.0969620089046
SEN,2013,50.7740625879857,4.07,42.7,43.3603074845479,271.06546719919,46.5797538046019,1147.3859217191,24.294212523467,60.6267663596737,24.0663485140699,45.0398750539456,65.638,71.2140913104451,75.2855370773077
SEN,2014,54.8894665378893,4.15,42.5,43.1525476549109,284.845981855555,46.6005297875656,1180.7987108505,23.1526032786161,58.4425289760992,25.8807867671935,45.6020905341588,66.001,73.5059575131148,76.46896680992
SEN,2015,70.740985096638,4.19,39.1,42.944787825274,296.775621300382,48.4495922713343,1218.00613555438,23.5966085082289,58.1103376742017,25.8333087504104,46.2747669629858,66.451,75.7976990598868,77.649320243194
SEN,2016,62.2452907130405,3.93,36.7,42.737027995637,287.042022425235,48.2418324416974,1257.40906915928,23.3440535101312,54.1081692072139,25.3616730282266,47.0553579909929,66.724,78.0892380408248,78.8258139339832
SEN,2017,68.9961611199396,3.65,36.8,42.5292681660001,278.019674604295,48.4236222926297,1312.10932776049,23.2776942790053,57.7052798455617,29.8155743419591,47.9338349639053,67.059,80.3770944787825,79.9984726874606
SEN,2018,61.8009740540162,3.48,34.2,42.3215083363632,274.379032674082,48.605412143562,1355.09610863712,24.0134453886227,61.7898394793183,32.6479409412239,48.9001692274485,67.379,82.6598348309354,81.1662422601817
SEN,2019,60.3429016299635,3.72,36.2,42.1137485067262,298.559525125339,48.7975899859762,1379.60875249861,23.5728096206578,64.2362506061005,31.9656603434826,49.9443321273477,67.668,84.9370072196541,82.3288600505419
SEN,2020,63.7402211262202,3.55,38.7,41.9059886770893,280.607903309744,48.9793798369085,1361.79143748646,23.2090411645804,60.0468716137065,35.632965093467,51.0562950093282,67.496,87.2031319794318,83.4855735664121
SGP,2008,14.3741516426824,2.9,0.5,25.1357142857143,4958.46248257993,1.0,44601.5799302699,26.4153381596662,437.326714891057,30.1596763689779,100.0,80.790243902439,6913.42285714286,100.0
SGP,2009,13.9559537939949,3.13,0.5,25.2395714285714,5321.08304981114,1.0,43331.8746638962,27.0163193688262,358.192811828842,27.3701152111674,100.0,81.2414634146342,7125.10428571429,100.0
SGP,2010,13.796807103582,2.55,0.5,25.2712250712251,4856.84920025022,1.05413105413105,48752.0515441859,26.6358717243037,369.685555787646,27.6582275190447,100.0,81.5414634146342,7231.81196581197,100.0
SGP,2011,15.5030932335334,2.13,0.5,24.8389204545455,4086.3260711538,1.03693181818182,50713.5326393594,25.2595925808817,379.098631377539,26.6919943455279,100.0,81.7439024390244,7363.19318181818,100.0
SGP,2012,16.9223599271481,2.37,0.5,24.4090651558074,4787.02308838074,1.03399433427762,51679.352717333,25.0222021555412,369.212965787665,29.2629426703058,100.0,81.9951219512195,7524.69830028329,100.0
SGP,2013,18.076662563077,2.54,0.6,24.015558698727,5273.75292208676,0.947666195190948,53298.9728558286,23.4427286283197,367.041780049019,29.9795021855415,100.0,82.2463414634147,7636.72135785007,100.0
SGP,2014,17.2816885850335,2.68,0.6,23.5898448519041,4986.32779651842,0.930888575458392,54681.9336458253,24.1685192477514,360.467319166237,29.4300082792766,100.0,82.4951219512195,7714.7023977433,100.0
SGP,2015,17.1833032960407,2.74,0.7,23.2318758815233,5242.6504334371,0.930888575458392,55645.6068614606,24.2880229055028,329.471398940262,25.353193018866,100.0,82.7439024390244,7806.77291960508,100.0
SGP,2016,15.900294890346,2.73,0.7,22.9696755994358,5449.41985010808,0.930888575458392,56986.7853102911,23.2029524941107,302.839656046574,26.3971777576543,100.0,82.8463414634146,7908.72073342736,100.0
SGP,2017,16.0768840541767,2.77,0.7,22.626404494382,5799.39529471808,0.926966292134832,59485.3015873921,23.4966352857041,316.794409287568,27.2765104656237,100.0,83.0951219512195,7882.37780898876,100.0
SGP,2018,15.9768571619193,2.47,0.8,22.3109243697479,5692.66564748734,0.92436974789916,61250.3476672302,25.3804206689349,326.59658728675,24.7748536752848,100.0,83.2975609756098,7897.30532212885,100.0
SGP,2019,17.0759063187283,2.61,0.9,21.9972067039106,5565.91519291042,0.921787709497207,61345.5291820062,24.07072940872,324.394985115301,24.5014074011136,100.0,83.5951219512195,7965.87849162011,100.0
SGP,2020,13.8691955865476,2.71,0.9,21.6852367688022,5538.12371561154,0.919220055710306,59189.70385743,23.24167197361,332.040805481913,22.8053955630909,100.0,83.5439024390244,7918.95125348189,100.0
SLV,2008,24.7662234674635,3.91,31.5,30.7857142857143,702.300695812568,59.7249034749035,3420.44927357444,25.8812946540508,80.6659739399085,20.1725812522343,63.6372503452723,70.138,290.989237451737,82.7117169093002
SLV,2009,24.09020900599,3.93,32.2,30.5685328185328,689.42246753204,59.5415057915058,3337.81150878211,24.9700311675857,66.0711911744487,14.0546154274436,64.5299047495248,70.359,291.905357142857,82.3920893796231
SLV,2010,23.8295394601694,3.91,32.6,30.3513513513514,697.036927315506,59.3581081081081,3398.49346060363,25.2759118643186,73.5372876725398,16.6715814032151,65.4327927543162,70.909,292.86916023166,82.263858914026
SLV,2011,27.5567469396669,3.75,29.5,30.1341698841699,692.505312990967,59.1698841698842,3514.069144355,26.1954132809565,79.2766437025052,17.7899287016523,66.334413642034,71.192,293.925048262548,83.1302988113916
SLV,2012,24.2617826031933,3.71,30.3,29.9169884169884,701.457404594185,58.9864864864865,3601.44222914588,26.589358065851,77.6485716222883,17.7095456638993,67.2232666950659,71.42,295.076013513513,83.9776688792965
SLV,2013,25.8009636408055,3.43,27.5,29.699806949807,660.094150213557,58.8030888030888,3665.1547327058,26.1216427113687,80.4511944908271,17.0194025181256,68.0878511957995,71.225,296.276013513514,84.8055371617931
SLV,2014,23.5624481373706,3.33,24.0,29.4826254826255,649.043175650273,58.6003861003861,3713.94992016222,26.0135339989829,78.1044257477935,16.397215655674,68.9166664266223,71.144,297.439913127413,85.6145492076128
SLV,2015,23.9410831694199,3.39,21.0,29.265444015444,674.353996656659,59.0250965250965,3790.34089108162,25.2889295441979,76.5602707370519,16.0169876236441,69.6982116699219,70.952,298.439961389961,86.4045677725112
SLV,2016,22.7554051143461,3.38,20.7,29.0482625482625,686.997805008996,58.5955598455598,3875.84691357954,24.8348278708617,72.8190933731491,15.967514115536,70.3990173339844,70.908,299.266409266409,87.1729025989856
SLV,2017,22.1065954946575,3.25,25.0,28.8310810810811,674.665441622059,58.1660231660232,3954.84014277572,25.1714727339037,74.3046511916519,16.6770019364119,71.0856704711914,71.007,299.880936293436,87.9197798964632
SLV,2018,21.0853412269847,3.27,23.2,28.6138996138996,694.567755248769,57.707528957529,4046.16291720583,25.0755067570813,75.6336168879956,18.3715366715538,71.7577209472656,71.384,300.183735521236,88.6461069503319
SLV,2019,18.2675885826061,3.38,19.4,28.3967181467181,734.803208380046,57.707528957529,4143.11437097867,25.3481437171191,76.0420130991468,18.3447949008115,72.4148941040039,71.725,300.304922779923,89.3527800998874
SLV,2020,20.0287144500145,3.35,23.7,28.1795366795367,669.910725026867,57.707528957529,3808.53195436409,23.7247499015898,66.4595069497083,17.2116179042815,73.0570220947266,70.244,300.901206563707,89.9923610939187
SRB,2008,32.0171315291319,6.53,15.5,30.441344614681,2292.38992431852,41.2028355819803,5735.94772695749,27.5052601244094,75.7432462868839,25.9133962645148,58.8944613226962,73.8853658536585,84.0409558655385,90.7220873327348
SRB,2009,31.5150525046159,6.05,20.7,30.7306197118683,2073.56720979204,40.2241024468328,5578.0119741931,24.3265430810242,63.5017226157541,18.554576515854,59.1643483956067,73.9853658536585,83.7046306883147,91.0750720753655
SRB,2010,31.3045032362704,6.19,20.5,31.0198948090556,2145.49144722672,40.2652641207409,5690.70327182682,25.0306267248726,73.7088615865295,17.3241841893613,59.3505550689338,74.3365853658537,83.3688085982163,91.4295629669581
SRB,2011,33.95588567108,6.29,17.4,31.0348273496456,2241.32678165321,40.3407271895724,5737.00120175811,26.27931177307,75.7493613069523,18.149940401775,59.4349187787267,74.5365853658537,82.740898696547,91.7854914551611
SRB,2012,30.384649168974,5.69,19.5,31.0497598902355,2023.83135868927,39.5906700205808,5739.3075023532,26.5789003129754,82.0766814348254,18.8103783793047,59.3468437194824,74.8365853658537,82.3404642122113,92.145298947486
SRB,2013,28.4561350651549,5.66,20.0,31.0646924308255,2082.01493164812,39.9176766521839,5793.33614525565,27.8782873721815,84.3322563766638,17.1235575159888,59.6111068725586,75.1853658536585,81.9409215641436,92.5067790597268
SRB,2014,28.0367329195926,5.12,23.2,31.0796249714155,1861.59680519425,40.0914703864624,5716.54047153506,26.5460326998823,88.3815023270446,16.4778532272023,59.8779373168945,75.3365853658537,81.5434141321747,92.8689758961741
SRB,2015,27.8632692496949,5.59,21.2,31.0945575120055,2080.59060078258,39.8010519094443,5820.3215576888,26.6399519622231,93.5281477663237,18.5143098449514,60.1388092041016,75.2878048780488,81.1271781385776,93.2319494038819
SRB,2016,25.5339499000416,5.6,20.9,31.1019894809056,2165.83889288491,39.5152069517494,6024.95754653784,26.5319225334739,97.6906940431804,18.1669241245312,60.3853870034026,75.6878048780488,80.7034301394923,93.5956537011763
SRB,2017,26.2823086047504,5.61,20.0,31.1211982620627,2224.78515305498,39.0921564143609,6200.26118592152,26.6030717363846,102.740445166934,19.7183969139317,60.621208190918,75.5390243902439,80.275074319689,93.9598808103349
SRB,2018,27.1283419584164,5.28,21.0,31.1227989938258,2200.40410311437,39.6066773382118,6524.08029755191,25.809720124861,105.563713028559,22.4992604945944,60.8433609008789,75.890243902439,79.8376857992225,94.3248090621333
SRB,2019,22.6362588980641,5.03,21.4,31.1253144294535,2201.72012144367,39.5609421449806,6870.75810896296,25.5321158663518,107.577309546092,24.9266250234247,61.0492248535156,75.9365853658537,79.4104161902584,94.6906306889653
SRB,2020,22.5075355689004,5.25,26.0,32.3778094898323,2291.6081874127,41.4080152217862,6850.96742168834,24.2814549023693,100.324460810129,24.0974936172696,61.223201751709,74.4780487804878,82.0445475086217,95.0575271243011
SUR,2008,25.1445967600364,2.88,26.2,95.3728112953648,1176.34643873161,0.441100580838504,8129.11464659446,40.0701175500103,109.166838523407,44.3081047638688,66.5776961831642,68.873,3.34716216882178,92.6609808211452
SUR,2009,25.0104206234369,2.79,26.5,95.3472611049408,1163.89303819747,0.500910829087792,8276.69079768793,34.2921601804851,87.9206617785298,50.1880052641474,66.5058869102882,69.323,3.3865559396218,93.098083849425
SUR,2010,24.7300040259854,3.12,22.1,95.3217109145168,1351.36214118486,0.48782733728326,8603.90786745855,35.1705161344117,90.9613941465855,36.2044525973484,66.4338443691967,69.626,3.42614907791599,93.5361705637667
SVK,2008,22.1387064906928,5.45,7.6,39.8047817047817,3406.38372204535,40.2702702702703,14497.1114407172,32.9163890677556,162.464472991641,29.292929955951,54.895930446636,74.7048780487805,111.834365904366,97.9573332015085
SVK,2009,21.6659233760675,5.27,10.0,39.8473695154918,3107.87988439735,40.1330838012061,13680.7537106597,29.2871824292761,136.714352092364,21.4028753757641,54.7260356993483,74.909756097561,112.006778956124,98.2516516843309
SVK,2010,21.4676594892892,5.26,10.3,39.8808508868603,3441.25647593511,40.4379197770893,14596.1477776887,29.956654996582,155.108497681586,25.3783368279954,54.5650740704331,75.1121951219512,112.108876920838,98.6223366381553
SVK,2011,22.5558562408852,4.98,10.4,39.8993095990684,3339.0873887237,40.1285143902845,14950.8735178599,29.9295585244148,169.178076311066,26.5333923090075,54.4167387988534,75.9585365853659,112.260522375645,98.9975424818939
SVK,2012,20.342178101972,4.72,10.5,39.9152803194144,3220.5055262121,40.0806854100815,15159.6570420004,30.0711048440783,176.968958181431,21.474904237703,54.2764528316182,76.109756097561,112.451734320413,99.3758319231796
SVK,2013,19.5808878710842,4.78,10.7,39.9312510397604,3260.4443972295,39.3736483114291,15249.8824513785,27.9562731617683,180.903136491458,22.1131489252307,54.1384024098892,76.4121951219512,112.572637664282,99.5201711980616
SVK,2014,19.2661010504213,4.38,12.2,39.9538685524126,3013.30293850524,39.2970049916805,15647.6491763517,29.8948137660441,176.756316098132,22.7798159146212,54.0029125499893,76.8121951219512,112.700686356073,99.7867504210911
SVK,2015,19.1867476350431,4.28,13.4,39.9681793602596,3131.86282925931,39.2787321658833,16442.0760860018,29.9318952287768,179.42602289503,25.7777282551685,53.8700628001622,76.5634146341463,112.803148787488,99.7871905460043
SVK,2016,17.8788004543361,4.22,13.1,40.0035357737105,3159.56804668402,39.2262895174709,16740.7413996428,28.6704533371343,182.757379596201,24.5392697834922,53.7399327086517,77.1658536585366,112.953369384359,99.7875130290361
SVK,2017,18.1847497519631,4.33,12.4,40.05615640599,3316.8259702586,39.0806988352745,17195.2888721963,28.0768009837999,186.644687399549,23.5559590901028,53.6126018237016,77.1658536585366,113.128785357737,99.7877332249029
SVK,2018,18.678784905987,4.14,12.4,40.05615640599,3269.57251976129,39.2886855241265,17869.0149173679,28.5930165310765,188.732964699496,24.2014212638106,53.4881496935559,77.2658536585366,113.285586522463,99.7878360952322
SVK,2019,15.8371166474072,3.98,17.6,40.05615640599,3128.36337933814,39.2054908485857,18250.9802475637,29.1467840646082,183.722608631236,24.0619105210669,53.3666558664583,77.6658536585366,113.43899750416,99.7878205729011
SVK,2020,15.3916194257365,3.99,17.6,40.05615640599,3032.64269516845,39.1638935108153,17763.8563847352,28.5377275498817,167.534173320366,20.2268098788151,53.2481998906526,76.8658536585366,113.536335274542,99.7877016868458
SVN,2008,20.0510777467089,4.57,17.6,61.7585450357884,3952.12209658593,30.7035569983421,22175.2369557321,29.7553678451099,135.387093664802,33.1452787386717,50.3620036820409,78.7658536585366,100.332370372576,99.6493562868679
SVN,2009,19.2695114667176,4.43,19.6,61.829264660624,3514.07527225462,31.0297928104121,20307.6188322273,27.3824377206038,114.482301023638,23.7456185537015,50.2439782050416,78.9707317073171,101.245371243634,99.6443721478104
SVN,2010,18.9417578654309,4.49,20.1,61.8975290625527,3589.60869535534,30.9666339061461,20444.1201295876,26.3518668029855,128.606575425363,22.5601344858632,50.1194862794826,79.4219512195122,101.685826607499,99.6393880087529
SVN,2011,20.6973508722527,4.45,19.1,61.9080710811079,3580.6936485935,30.8056189814355,20535.4155754108,26.5487234278155,140.332355750319,21.8690049997807,49.9463818748723,79.9707317073171,101.898292465005,99.6344038696953
SVN,2012,18.3430191214734,4.38,20.2,61.9189206629703,3428.89786152681,30.36826717364,19894.8697964548,27.0724390429475,143.656448572975,18.8609355850954,49.7619476318359,80.1243902439024,102.114049151928,99.6294197306378
SVN,2013,18.16324478528,4.31,22.5,61.9463753723932,3334.75901290152,30.298411122145,19704.2186005128,27.136357331722,145.168789432403,19.7842267864778,50.0466580754027,80.3219512195122,102.281678252234,99.6244355915803
SVN,2014,17.79704248843,4.08,22.9,61.9563058589871,3236.59020668788,30.5283018867925,20228.7081986391,27.773620382746,146.471705096746,19.7452653119649,50.983470916748,81.0780487804878,102.382323733863,99.6194514525228
SVN,2015,17.7209260643327,3.94,21.4,61.9582377647374,3195.47512285174,30.6062772432556,20697.2748530619,27.6272123283146,147.218367714503,19.4686216573949,53.6612160294144,80.7756097560976,102.446109241111,99.6144673134653
SVN,2016,16.4517774590328,3.94,21.0,61.8592989772614,3296.73500361863,30.6563399860987,21309.7122138949,27.5997956172164,148.238448080388,18.8479088939625,53.647274017334,81.1756097560976,102.52417833383,99.6094831744078
SVN,2017,16.502696435309,3.86,19.7,61.7699782998396,3390.66281580197,30.5411136105194,22397.7634988337,28.0311742193249,158.70213584467,20.2503347880345,55.2451133728027,81.0292682926829,102.610871929328,99.6044990353502
SVN,2018,18.1801552844915,3.66,20.6,61.674380723466,3341.09971545865,30.3927216384259,23293.966665323,28.0718729650095,162.613493975851,21.5608446841882,55.1913430955675,81.3780487804878,102.992292564709,99.5995148962927
SVN,2019,13.9082165762349,3.48,20.9,61.5730716513379,3267.29671944784,30.4066268051886,23943.1800949889,28.5562740977565,160.044275685249,20.8345240702316,55.4523277282715,81.5292682926829,103.711934605987,99.5945307572352
SVN,2020,14.2911527506818,3.44,22.7,61.4722591923085,3068.8193959428,30.3177330605272,22811.8050540778,28.9448814140077,147.549008584942,20.1896719461532,55.384391784668,80.5317073170732,104.408881428657,99.5895466181777
SWE,2008,7.955908814386,4.63,43.2,68.962097237269,5383.76479707233,7.55094580763918,48428.6587081751,24.1454500212714,92.8083687095596,23.9610681178216,84.7517366727063,81.1,22.6337796193202,99.5824390950452
SWE,2009,7.85892940513784,4.43,45.7,68.9400026562596,4891.39219246248,7.52983320800796,45974.3911151254,22.3348931376132,81.958313967393,20.4603001983975,84.9341031919813,81.3512195121951,22.8274214371936,99.5949006103398
SWE,2010,7.82247575410873,4.7,44.7,68.9179080752502,5443.32366800687,7.54579040540365,48205.5492512742,23.8590077358558,85.0914849272733,22.4219023210946,85.1334228515625,81.4512195121951,23.0228627359425,99.6072194103312
SWE,2011,7.91243933234096,4.45,45.4,68.8722459411641,5281.40096330574,7.51976789888145,49356.5905257047,23.7337228802394,86.3907448060188,23.2373150954555,85.3600748880524,81.8024390243903,23.1973780115221,99.6200368706399
SWE,2012,6.6090550437011,4.52,48.3,68.826583807078,5295.92806615816,7.44219137000395,48789.7906883637,23.1051457982894,85.2980605424359,21.9937736525354,85.6250668883122,81.7048780487805,23.3696200002111,99.6332110988659
SWE,2013,6.56222856877152,4.41,47.3,68.7809216729919,5178.9349383913,7.4534350567843,48928.4994141291,21.9846853173318,81.6402521329964,21.899375975039,85.9249771259894,81.9560975609756,23.5684835040631,99.6460882913132
SWE,2014,6.77228861428546,4.19,48.6,68.7352595389057,4997.87990362276,7.45341050724985,49557.6183647959,21.6084554046683,83.8229810483527,22.8644895912017,86.2563838747314,82.2536585365854,23.8034986523533,99.6586774345315
SWE,2015,6.30260504424704,3.7,51.9,68.6944981353789,4573.58907986933,7.43498868578537,51188.1652120493,22.2743619851494,84.1730765958171,23.7906694877918,86.6158654081858,82.2048780487805,24.0582617728817,99.6710064082341
SWE,2016,5.69783329212579,3.9,50.9,68.6944981353789,4858.89940544006,7.41674708031197,51626.3235312369,22.0060731182678,83.4519478574149,24.3491111935187,87.0,82.3073170731707,24.362449750883,99.6830482298688
SWE,2017,6.06180356722068,3.91,51.8,68.6944981353789,4926.81117539334,7.39330060221358,51894.3748177808,22.1839062370905,86.0693088740521,25.0919649215298,87.237373786911,82.409756097561,24.6929419766692,99.694829304649
SWE,2018,6.29086232136503,3.91,51.6,68.6944981353789,4966.26111814633,7.36634329022193,52203.0872589761,22.2729867092578,90.4087142361701,25.3360254860097,87.4737430925296,82.5585365853659,24.9814588688378,99.7063476379423
SWE,2019,6.06869269595507,3.73,52.9,68.6996660773915,4781.87568337501,7.37821646042035,53024.4099494317,22.3760709701034,92.7511390290561,24.4772455073125,87.7088420242759,83.109756097561,25.2378879395011,99.7175968808231
SWE,2020,5.63670790600148,3.44,57.8,68.6996660773915,4284.99805555044,7.38067177371833,51624.5811789573,21.8184248297627,84.4745958141618,24.4207542408468,87.9424046895699,82.3560975609756,25.4209438224317,99.7286050632105
TGO,2008,46.3427937229179,11.29,76.5,22.8863541092113,402.378522599678,66.8321382607097,610.405413708475,23.8623598669256,62.3076674472105,17.0859273927781,36.6808327233827,56.651,117.095274866703,54.5651625096366
TGO,2009,46.7044905531623,13.02,63.4,22.8319433719434,475.809640060012,67.1998529141386,625.711511370434,20.6628801268805,62.210419994299,14.4916428488121,37.1195037247939,56.927,120.46083838941,55.3677359070846
TGO,2010,47.1272031157292,12.3,65.8,22.7775326346755,462.98057269746,67.3837102408531,644.5632812645,20.3367703008535,66.7974885937104,15.8404247844887,37.5545882975638,57.227,123.783599926457,56.1360720615008
TGO,2011,48.2695276844169,11.7,69.1,22.723110865968,453.365161767995,67.3837102408531,663.96334052788,21.7641490273027,77.732312664143,19.9043015015358,37.9872305648732,57.612,127.164441993013,56.877895720393
TGO,2012,53.6407922683827,10.97,72.7,22.6686890972605,440.167543009316,70.7850707850708,687.495464571464,20.0154635557205,75.7132085684163,17.6964729054914,38.4194359598204,57.94,130.55223386652,57.5887896171643
TGO,2013,43.0219165772312,10.07,76.2,22.614267328553,416.704251255243,70.2334988049274,709.09186114976,22.1985252830239,82.1477877564195,22.1146688275227,38.8516767884103,58.345,133.948189005332,58.2632949727303
TGO,2014,43.0636342660236,9.93,81.4,22.5598455598456,423.574336787573,70.2334988049274,730.291049611232,23.8476899946971,70.9156517502517,22.3769666612391,39.2839506458368,58.766,137.386468100754,58.9022839214157
TGO,2015,67.316079169015,9.17,81.0,22.5054237911381,400.729144636073,70.2334988049274,751.051987587248,22.8664405321196,69.1281378813376,25.1850151673938,39.7162551272934,59.22,140.893454679169,59.5058666846818
TGO,2016,60.2898429310496,9.34,80.7,22.4510020224306,422.806732967677,70.2334988049274,763.276185353302,20.8834101208291,66.4450409805081,20.1572457451871,40.1485878279739,59.669,144.480400808972,60.0753126449292
TGO,2017,58.2450494555721,8.27,78.4,22.3965802537231,403.914387052726,70.2334988049274,774.274897347436,20.4016230144725,58.2088602526732,16.8360654544298,40.5809463430719,60.135,148.136422136422,60.6102462342239
TGO,2018,55.1042380453434,8.51,76.7,22.3421584850156,411.046357385599,70.2334988049274,791.592405216309,21.0297583235942,57.5737388499452,19.1360002540754,41.013328267781,60.601,151.843684500827,61.1106166110229
TGO,2019,47.6290664711767,8.3,78.6,22.2877367163081,414.030094273623,70.2334988049274,810.512262603518,19.3444197845633,56.3421740349757,18.6016944291693,41.445731197295,61.055,155.599705828277,61.5763879815796
TGO,2020,51.6661369398223,8.76,76.2,22.2333149476007,424.622212633086,70.2334988049274,808.300697079208,20.0749387018129,55.0659513954403,19.8105297114895,41.8781527268075,61.123,159.399154256297,62.0075237539343
THA,2008,37.3495127087413,4.99,22.6,38.8694239464464,1596.82835450256,44.3109084147272,4805.76393990836,39.4796129651304,140.437011540931,28.2264349517752,41.8954507430475,74.221,132.356926148486,96.5089112924914
THA,2009,35.5786281029176,5.0,22.8,39.0798410616767,1578.76107269732,44.4929436865079,4737.45679763314,38.6085988884387,119.269418854589,20.6363983767118,42.9991311200422,74.669,133.338057116013,96.8196905562878
THA,2010,33.4690505539545,5.1,22.8,39.290258176907,1718.62118368043,44.6749789582885,5059.35747831657,39.9217256985357,127.250522638251,25.3566546340746,44.0018736622496,75.012,134.235250249564,97.1240162959277
THA,2011,29.0591951880929,5.05,23.0,39.2855604924739,1704.82334080525,44.6828084323436,5070.23740191942,37.9813982711097,139.675407224576,26.7914582468449,44.8048723557374,75.302,135.072536162383,97.4082908052725
THA,2012,31.5886298984382,5.05,23.6,39.2808628080409,1818.19204308684,44.6906379063986,5403.87846036273,37.343694137461,137.67493851024,28.0241657146011,45.373565813715,75.59,135.912031944254,97.6857256811255
THA,2013,34.4883511418629,5.29,23.2,39.2761651236078,1943.92303978228,44.6989868660573,5516.61164164135,36.8985884648101,132.462274174269,27.4571011829666,45.8321343847773,75.96,136.712626984282,97.9592475537445
THA,2014,29.9705384622081,5.22,24.4,39.2714674391748,1926.22582617648,44.7102115915363,5541.46599361845,36.7630403655124,130.905495444398,23.9190195478501,46.3138799467897,76.279,137.439305917125,98.2288774371451
THA,2015,28.1544413826202,5.07,22.6,39.2667697547417,1932.67390968815,44.7180410655914,5688.85335397884,36.1791773262667,124.839662152526,22.3556406383245,46.9521043776171,76.563,138.07433106931,98.4945735276121
THA,2016,30.3985996204755,5.04,22.4,39.1806455401358,1985.00530928348,44.7102115915363,5857.78052935926,35.586765405076,120.57522728913,21.1054892015174,47.8801095551247,76.769,138.698821664155,98.7563664509808
THA,2017,27.1006744719071,4.82,22.2,39.1101802736401,1988.13781529099,44.7199984341052,6076.74307700082,35.018759526322,120.891427433638,22.9342956887695,49.2311973571777,76.989,139.286709467791,99.0141678969544
THA,2018,30.0080973964844,4.53,23.7,39.0397150071444,1951.8556356188,44.7174470042475,6314.19948412043,34.7424896675041,120.841864730984,25.2195901594439,54.5843734741211,77.19,139.709289670966,99.2453414879961
THA,2019,30.382756547172,4.53,23.9,38.9692497406487,1989.81234226863,45.019475816712,6434.53770518034,33.5939105133265,109.689514715166,23.8147525746375,55.9266166687012,77.197,139.995441288731,99.4287701898312
THA,2020,31.0072016277159,4.59,20.9,38.8987844741529,1884.35073727402,45.5516837283955,6035.18627737077,33.2907229678575,97.8007432465178,23.7553851722696,57.2358779907227,77.331,140.228785061364,99.487572734038
TJK,2008,35.3955700122009,6.32,54.6,2.92940840240069,334.362637299147,33.7739354101172,726.185491338269,24.5575196250071,114.480149093579,26.5087253628508,26.5306015116451,67.924,52.4321448985424,67.4802180746637
TJK,2009,37.256516551989,5.28,60.6,2.92940840240069,284.651561490729,34.0054301228923,739.212878526331,24.5088106260756,85.9781370434108,24.8447536175679,26.529186594207,68.248,53.5169334095456,69.0142603257663
TJK,2010,39.7949542469115,5.06,61.8,2.92940840240069,284.331249350809,27.2092026293227,770.604105393791,24.9766261519968,73.493044509473,23.8461818667509,26.5274312963978,68.37,54.6737710774507,70.5556572457132
TJK,2011,53.195882702872,4.73,60.0,2.94627036296085,278.854522985683,26.8076593312375,809.368229154093,22.4687490647166,79.7842446734572,29.2094402931719,26.4792213439941,68.698,55.9072949414118,72.1041170163843
TJK,2012,51.3794263594159,4.76,55.8,2.96313232352101,294.855655829726,26.2146327522149,849.519080831738,22.0426346192666,83.1759445401528,23.2673636939311,26.4102249145508,69.13,57.2598170905973,73.6660677042202
TJK,2013,51.0460904062202,4.45,55.1,2.97999428408117,288.394960596269,26.4568448128037,889.882383099979,23.1151646451446,71.7437428882341,24.9057147542124,26.4883155822754,69.579,58.7076593312375,75.2394845284164
TJK,2014,46.6700130134501,4.47,45.9,3.0222068508351,301.614964923042,26.800974161659,925.970961482804,22.6047415105536,54.6071596053705,26.5156987249439,26.5633735656738,69.697,60.7089475883735,76.8237114189289
TJK,2015,45.5749888542868,4.57,48.1,3.0391238561856,318.698277378179,27.076158224656,956.916310930656,30.220213504702,49.9378160689555,44.6894530560362,26.478832244873,69.665,62.2799913538439,78.4172891677318
TJK,2016,44.7655503683053,4.49,43.7,3.0391238561856,326.569218788739,27.3643634267599,997.352614556708,32.2133662345342,55.7246446907573,40.5223187316003,26.3718509674072,69.982,63.8780243533396,80.0192106177573
TJK,2017,42.5053360629934,4.33,44.2,3.0391238561856,328.781768931872,27.6799481230636,1042.26391757642,31.8468579622965,53.7861046057767,29.9295561525461,26.2731513977051,70.524,65.4654225808776,81.6282043537707
TJK,2018,42.3335064710739,4.36,41.6,3.0391238561856,347.711461590981,27.7728943007421,1094.8002018221,34.3983608033865,55.8461114113303,37.2634366837792,26.2338752746582,70.737,67.060544707832,83.2428335664729
TJK,2019,40.2890496610835,4.43,40.1,3.0463289862382,370.778875737531,27.8406225232365,1148.34676712493,33.0621490637064,56.0450159145896,35.3886623401905,26.1300735473633,70.962,68.6646444268319,84.8621252488683
TJK,2020,37.0534062306267,4.4,38.8,3.0535341162908,375.367379182413,27.8312558541682,1171.90127480359,33.7965394725715,55.7491040194954,33.4749512555638,26.1925442328719,68.605,70.2450464730888,86.2958090457045
TKM,2008,18.3677588125312,15.48,0.1,8.78215904496414,4237.18811987589,73.0959930202371,3504.34843278483,60.5457853244391,94.7240751970891,31.7,46.8658106736347,67.584,11.3740961419786,93.5202593447869
TKM,2009,19.719153577589,12.81,0.1,8.78215904496414,3648.03950949321,72.7874364267018,3645.43522420841,60.9102428355696,104.95217927132,46.6,46.8925342953825,68.155,11.6008597025089,94.0160473149034
TKM,2010,21.4722278171731,12.58,0.1,8.78215904496414,4077.8138474231,72.3512012427383,3900.14237925855,59.1311643516361,96.8630558404027,51.8808271961717,46.9171732247121,68.608,11.8408188453599,94.4138672514986
TKM,2011,27.2198985157372,11.97,0.1,8.78215904496414,4315.10295190096,72.0064690485817,4379.74943394339,65.8692912440737,111.062833823441,51.9318442057253,46.9397537877858,68.87,12.0941778562765,94.9164818491611
TKM,2012,27.0209714658228,11.27,0.0,8.78215904496414,4232.43008359245,73.5761177196604,4761.0792759807,66.5798559141072,109.333652637251,47.2,46.9603023107661,68.961,12.3604494286383,95.4189411344182
TUN,2008,26.2739796190147,3.69,14.6,4.39954943357364,894.304160812003,63.6006694129763,3760.11828478704,31.44941852471,114.343660218696,25.52358104832,66.0676053984361,74.192,67.8593910916581,89.8868255561027
TUN,2009,26.8930005665779,3.48,16.1,4.41215242018538,859.962925384995,63.0084963954686,3835.25011939301,28.0412153272481,93.0168787876722,24.2886504468516,66.3362197875977,74.32,68.554846807415,90.3433938079576
TUN,2010,27.1525896814577,3.77,12.6,4.42475540679712,955.707047372167,64.6112255406797,3906.90625867605,29.5235517709565,100.151009836799,25.8362686991415,66.6280059814453,74.438,69.2969876416066,90.7959166490344
TUN,2011,23.7968442569893,3.68,13.2,4.4346035015448,902.903041115908,64.8300720906282,3784.7412903401,30.54812597421,100.106379304237,25.0372425723868,66.9191886197857,74.471,70.069741246138,91.2448200352834
TUN,2012,22.6944628193599,3.68,13.0,4.44445159629248,930.16863461378,63.8645726055613,3900.04620132702,30.1215368230456,101.550723929668,26.0970264685305,67.2098922729492,74.599,70.865390061792,91.6898273701058
TUN,2013,22.1415749104783,3.66,13.2,4.45429969104016,935.797099690451,63.9997425334707,3947.58763533174,29.1379467288349,98.9549566862038,23.8678486722665,67.4999542236328,74.674,71.713188722966,92.130516839447
TUN,2014,25.1638447684439,3.61,12.9,4.46414778578785,939.769133002953,62.8282698249228,4021.59954703591,27.1288836396189,96.1071038558701,23.8646110150307,67.7524643379101,74.784,72.5687950566426,92.5674570508114
TUN,2015,23.6344412527314,3.66,12.5,4.47399588053553,952.983955126789,63.2981462409887,4014.94773686432,24.8970515198959,87.2485306596052,21.7389997127019,67.8807907104492,74.875,73.3925334706488,93.0017471400427
TUN,2016,24.8089216632322,3.67,12.4,4.48384397528321,955.176493865808,62.45236869207,4015.28893802703,24.0076023041992,87.0926643641466,20.4750075823644,68.0623356528248,75.007,74.2061920700309,93.4329020352708
TUN,2017,22.571757071458,3.7,11.8,4.4936920700309,973.953481456321,62.7117662203914,4062.80606534519,23.624101204276,95.8091979825804,21.294559927067,68.2877807617188,75.177,74.9903321318229,93.8606207367796
TUN,2018,25.5228520953696,3.64,11.9,4.50354016477858,973.074341333009,62.4388516992791,4127.97005697994,23.6862252235906,103.871824260635,22.9635661213165,68.5485240272509,75.37,75.7306513903193,94.2847367416076
TUN,2019,23.7714034054098,3.53,12.2,4.51338825952626,950.614263724593,62.4388516992791,4153.27978615515,23.2353115777678,102.332614725789,19.803398083912,68.8206382576031,75.599,76.4358972708548,94.7047945067718
TUN,2020,24.1829826735327,3.68,12.9,4.52323635427395,896.515593998175,62.4388516992791,3749.26841452928,21.5120069019708,84.3333297071767,12.6882289097848,69.1043166438476,75.004,77.0729724510814,95.120374054685
TUR,2008,23.5308222381306,2.91,12.5,27.1508828917792,1385.17801532797,50.8322180788171,8447.93976396947,26.2111946844741,50.7612500066681,29.7262007474574,66.513650890377,74.38,92.3192677000637,93.9967938201436
TUR,2009,24.3090940355664,3.06,13.1,27.2723347582605,1364.09730379872,50.5580603666697,7925.30110421185,24.0534082630626,47.0391385732199,23.6948756749495,67.8401432171223,74.679,93.6023881605447,94.1796628732745
TUR,2010,24.6357302627663,3.03,14.2,27.3937866247418,1445.41016354332,50.6892922573184,8472.57809050119,24.5086143505767,46.9433366709891,28.4520777825517,69.3471253941487,74.964,95.0354715902447,94.3588134972971
TUR,2011,23.7473685846179,2.9,12.7,27.535990021179,1515.88033612695,49.6953081350779,9265.85910238578,26.8475365830986,53.651583897618,31.958286232969,71.0028723528334,74.823,96.4406649948677,94.5342469768029
TUR,2012,23.2440162263121,2.9,13.0,27.6781934176163,1567.31606123672,49.9032002390759,9588.32066531438,26.6835564000517,53.3277612968607,29.421538205313,73.7788680234324,75.552,97.6778802801346,94.7061073056509
TUR,2013,23.5023978223691,2.61,13.8,27.8203968140535,1510.79118967025,49.9239894494757,10269.4489140773,27.7513691316392,53.0683530043043,31.3649431990856,78.5218368384696,76.171,98.9405610488157,94.8740402203655
TUR,2014,23.4874858374985,2.57,11.5,27.9626002104908,1543.09095693879,50.0942011096241,10597.9801881716,28.1981753928692,54.30677404128,30.2115390664919,83.6024850744433,76.452,100.284401595572,95.0383332367469
TUR,2015,24.5603763797256,2.62,13.3,28.104803606928,1646.83631130339,50.0903031326741,11064.6494504662,27.9632974104138,51.8749252596832,30.062899150791,87.2167107972537,76.539,101.631276067721,95.1990408276222
TUR,2016,23.83379270795,2.7,13.2,28.104803606928,1724.54363987712,49.8005535127269,11279.6169531569,28.3385128402288,48.870183807987,29.8288300175216,88.1020958581776,76.595,103.007889505347,95.3562997823
TUR,2017,22.1031402126985,2.69,11.4,28.2635292283305,1828.02986770908,49.3275989761314,12005.6459824832,29.0347245862534,56.1356585158689,32.7946921972451,88.0320472717286,77.037,104.352348531112,95.5101526427098
TUR,2018,22.8252290987339,2.57,11.8,28.4660940971636,1771.33742856964,49.1171082208334,12255.0082146169,29.1851848904908,62.8251323851165,31.3408009091416,88.1655749576173,77.454,105.774468250978,95.6607630886075
TUR,2019,23.6946115800374,2.59,14.1,28.6687888985616,1774.19625722275,49.0053662149344,12238.2950220128,27.0679926930773,62.5784589326239,27.5058303832163,88.6618152857124,77.737,107.297584553617,95.8081999457908
TUR,2020,21.6120469179783,2.55,13.7,28.8714836999597,1762.01062220058,49.0651351948339,12338.643833135,27.7974533640579,60.389853117297,34.1540560799477,88.9303114965222,76.525,108.343853540013,95.9525757495893
TZA,2008,22.1260766903794,9.68,90.3,57.2296342289456,414.898580843046,41.7412508466923,752.540466308594,23.7375391938967,49.0265445510865,37.4895216967723,26.7851328989335,59.896,48.0590742831339,39.9290568171928
TZA,2009,22.5253075669631,9.41,91.0,56.8096748701739,414.932104149828,41.9809212011741,772.929565429688,21.6769086388074,43.5326006456317,34.3556768729289,27.498387547781,60.494,49.2594061864981,41.4454872812529
TZA,2010,23.1053112582158,9.2,89.4,56.3897155114021,420.666337595531,42.2205915556559,801.29931640625,23.5561736572068,47.6404394295683,32.0172443063631,28.1968953939105,61.127,50.5288868819147,42.9702242043012
TZA,2011,25.1532727025899,9.02,87.6,55.9697538947844,432.748223094232,42.4602619101377,838.999267578125,26.3820840879185,56.1661241821809,34.7360333035223,28.865726405543,61.618,51.9636114247008,44.5013525843349
TZA,2012,25.5667487604226,8.67,85.2,55.5497922781666,424.81151927742,42.3318965906525,851.910705566406,25.3994987211663,54.3689490815138,34.8451015083251,29.4878764597911,62.286,53.4818920749605,46.0392257141693
TZA,2013,24.5340682116755,8.51,84.5,55.1298306615489,432.006442053335,42.9396026191014,882.8115234375,25.4467450324696,48.6316275295495,37.470607348423,30.0725108782502,62.788,55.1186814179273,47.5819698290827
TZA,2014,24.2244900980476,7.89,84.7,54.7098690449311,414.591294842767,43.1792729735832,913.811218261719,25.1415034758525,45.3560223433065,37.6539665632561,30.6443077170742,63.364,56.8429803567397,49.1277716374045
TZA,2015,25.1682619442571,7.77,82.8,54.2899074283134,419.719594250318,43.418943328065,939.127319335938,24.4873501095853,40.7576808778314,32.7586922845607,31.2061566592472,63.928,58.7276608715286,50.6761681803936
TZA,2016,25.3938175391915,7.47,81.7,53.7604425378189,416.315699078634,43.6586136825469,970.156127929688,24.8583993681558,35.4204704002636,32.1747860509655,31.7577303242916,64.404,60.7631666290359,52.2258564710625
TZA,2017,21.0006603142176,7.06,82.0,53.2309776473245,406.2529829944,43.8982840370287,1001.55895996094,25.0421511861537,33.1125919853124,32.354141404315,32.2987013317296,64.963,62.8278279521337,53.7768153446022
TZA,2018,21.2944892567993,6.75,81.3,52.70151275683,402.924862138835,44.1379543915105,1024.01525878906,27.0077655110967,32.6426099043737,38.3765744836496,32.8287423010834,65.488,64.842114472793,55.3281861083023
TZA,2019,20.7785687915826,6.69,80.4,52.1720478663355,414.545616952925,44.3776247459923,1051.7666015625,28.6718333565052,33.0185892502311,39.7264057276571,33.3475258518752,66.007,66.8038959132987,56.8787467857379
TZA,2020,25.081431153535,6.44,80.8,51.642582975841,405.685641474926,44.6163919620682,1041.25964355469,27.0844502877132,27.9630151969884,38.7464874924603,33.8547246036273,66.771,68.8335944908557,58.4288709914851
UGA,2008,31.3844233698563,10.81,94.1,14.1780991942345,402.698980928732,69.6374055352585,722.565167003452,25.768110035453,56.2582682050634,22.9777738426393,16.5070641943955,58.253,152.842965817527,37.2887308722368
UGA,2009,31.8724312239187,10.45,94.3,13.9716380561533,414.792171517828,70.6421100045043,749.342865535423,27.2861852856713,47.0638780748379,26.6160387564841,17.6123523369348,59.157,157.405290025524,38.7739967915564
UGA,2010,32.517551165181,10.2,93.6,13.7164372631159,421.142950548341,71.1400359066427,768.624091660131,27.5918336188994,38.2692490371291,27.1039553534011,18.7990645544572,59.959,161.534021543986,40.2802562427772
UGA,2011,35.0271400705232,9.9,93.3,13.5107121484141,429.271141094876,71.6387392778775,816.516366587228,27.5582956754514,39.7552255606122,26.7549805283512,20.0561028736631,60.791,166.340230400958,41.8062522892618
UGA,2012,35.8905665839316,10.03,93.4,13.3049870337123,436.121048102054,71.8880909634949,823.580468285493,27.1786073378959,43.5021371397314,26.1771756452378,21.372369321253,61.579,171.241960901656,43.3515394345294
UGA,2013,34.8200496489628,10.13,93.1,13.0992619190106,449.382170398049,71.8880909634949,828.988669729986,25.4646646803777,43.1091548734687,31.9739798099079,22.7367659239271,62.353,176.227019748654,44.9140772703055
UGA,2014,34.111616669843,9.98,92.4,12.8935368043088,456.037640791645,71.8880909634949,845.978664791099,25.222682012996,36.0144010819085,26.853454663727,24.1938503391826,63.057,181.505779972073,46.4945464801436
UGA,2015,36.4158643204587,9.71,91.7,12.687811689607,470.560471935976,71.8880909634949,862.934610355811,27.1098848763257,37.6892983324358,23.8597944507535,24.9777856560427,63.831,187.170586475165,48.0912598324733
UGA,2016,35.1867637433366,10.06,91.4,12.4820965489727,473.604213435105,71.8880909634949,874.648370639216,26.1664603884593,31.2093620232119,25.4152882648293,25.6953567134098,64.494,193.49267903451,49.7026063632453
UGA,2017,32.2396992843572,9.87,91.3,12.2763814083383,468.55301936099,71.8880909634949,871.093880017151,26.0309948147929,36.8370529334101,24.6140426859449,26.4139260579546,65.174,200.365988430082,51.32772813986
UGA,2018,33.1279166723642,9.88,90.5,12.070666267704,468.502676315592,71.8880909634949,895.07512785438,26.2360116484378,36.6384055999567,24.3285989781833,27.1280475018884,65.775,207.290200478755,52.9651082839112
UGA,2019,31.4850134786862,9.52,90.5,11.8649012567325,455.421313903164,71.8880909634949,920.939101515671,26.6204366953482,39.3610539647435,25.5294607796946,27.8369781799403,66.354,214.440639337722,54.6148662999288
UGA,2020,33.8077192571642,10.72,91.6,11.6591861160981,475.325187025973,71.8880909634949,917.0350317644,26.4905245869762,37.0006923916369,24.2159505553913,28.5399752271502,66.41,221.709315778975,56.2751724073816
UKR,2008,20.4173975516395,9.23,2.7,16.4682731478285,2875.89657843683,71.2766691983705,2567.69409179688,28.083434007624,94.1718921417534,27.3925913814733,68.3752085755346,68.262,80.8174670303114,95.8796583793092
UKR,2009,20.0369040390596,9.23,3.0,16.4748325623144,2453.43957426865,71.2490506110613,2188.17016601563,24.759831137373,87.4761626200316,17.0684087928518,68.5251442249547,69.159,80.480099081682,95.3939041570529
UKR,2010,19.7107703520874,10.26,2.9,16.4813919768004,2848.78160077932,71.2335151556998,2285.93383789063,25.6492814021248,95.72973045329,18.3723680042121,68.637397133357,70.188,80.190573430919,94.9072076432708
UKR,2011,19.4406675178444,9.31,2.7,16.5190223020093,2732.88427034676,71.2576814195954,2418.12084960938,24.8391242667758,104.805073904259,20.4440036822421,68.7234299826222,70.711,79.9348425740523,94.4191011377328
UKR,2012,18.6766503847272,8.99,2.9,16.5566526272181,2650.99861590717,71.2853000069046,2426.92944335938,24.2660524050508,102.622788356626,19.6146792260413,68.8241983107739,71.09,79.7660291376096,93.9295625796783
UKR,2013,18.8833614430176,8.52,3.5,16.594282952427,2517.91132267143,71.6805910377684,2432.41625976563,22.4302649907366,94.0016694501782,16.4257610216877,68.9326288082226,71.474,79.6222640336947,93.7584244839538
UKR,2014,18.4263235330655,8.3,3.5,16.6327746033938,2298.60778628289,71.658409432236,2308.6435546875,22.8189915653958,100.691782483624,13.3964957165318,69.0554339301313,71.803,79.3598715669181,93.2856866411736
UKR,2015,17.7919818389331,8.08,4.2,16.6704068773844,2027.641681734,71.6532306789345,2094.47387695313,21.7279577419459,107.806616298156,15.9333160342442,69.1587317201337,72.686,79.0362271055948,93.3187311569397
UKR,2016,16.2426825956045,7.79,5.5,16.6824906350878,2007.97794185628,71.665314436638,2156.0830078125,23.1783620717483,105.521204913122,21.7241623615989,69.2102241609089,73.389,78.7461064406429,93.3513783452098
UKR,2017,15.6585428515819,7.42,6.5,16.6942862074918,1967.83535233788,71.6191955808735,2217.7529296875,23.2888002154817,104.034982911399,19.9647326419625,69.2633108489282,73.993,78.432661833247,93.3837080756642
UKR,2018,17.1041368062157,7.5,6.9,16.7034863652054,2068.75608372619,71.3306869175009,2308.6669921875,23.2933329813033,99.1998150718675,18.5883388544006,69.3157992777909,73.569,78.0271090783569,93.4145409496179
UKR,2019,15.5795007311465,6.95,7.4,16.7138419054194,1987.62473314258,71.2996202968588,2398.07836914063,22.5804196823995,90.5112342910763,14.8903574828309,69.3527648708735,73.92,77.5931273731446,93.443715883617
UKR,2020,14.90010098879,6.98,8.7,16.7241974456334,1932.92182292303,71.2996202968588,2324.107421875,20.7999429657705,79.1564523761815,8.93229932738453,69.3839100516745,73.283,77.1142802899551,93.4712072863379
URY,2008,10.4304960908687,3.02,44.1,9.4780025139984,1274.16949472415,83.8418466460976,13165.83628166,22.7673513144942,65.2080950071821,23.2080945884283,93.45975578621,76.275,18.8674265798194,98.0813881282661
URY,2009,10.1523439730869,2.86,44.6,9.68500742772255,1254.7362886566,84.6417552279739,13691.71420689,24.0794070442123,53.3944192683736,19.6247745177406,93.9337324320314,76.67,18.9126442692264,98.2501537538036
URY,2010,10.0305604083746,2.6,53.3,9.89201234144669,1226.9840852731,82.4648611587247,14722.3780081191,24.5288557176886,51.6990372012256,19.4076054759968,94.3333219475319,76.691,18.9611472974517,98.4126195447571
URY,2011,10.0509517421341,2.68,49.7,10.1076448405896,1327.77878788273,82.9962290023997,15443.9961926395,22.7051202439987,53.2470340109018,20.8823110125109,94.6036824756941,76.614,19.0082561992915,98.5688827788453
URY,2012,9.71687395840984,2.76,47.9,10.3232773397326,1407.51757319789,81.3449891440978,15949.3176985435,22.8622289256151,55.0611541633768,22.9153797295437,94.7606597546186,76.691,19.0572563135642,98.7111485515081
URY,2013,10.8314475554018,2.59,51.9,10.5389098388756,1378.79092656473,81.9717746543252,16639.4054750651,23.6692403427945,49.7178464746233,22.4844120119644,94.8844735142936,76.953,19.1140269683465,98.8475729341286
URY,2014,10.4423977068601,2.55,56.7,10.7545423380185,1397.55777562001,82.7054050965604,17122.0364563225,24.7006411459084,49.0876240632174,21.2028122395297,94.9897821210514,77.194,19.1768597874529,98.9811512329588
URY,2015,10.4692129562066,2.72,59.4,10.9701748371615,1491.04897158511,82.6625528511027,17125.9016800298,25.4417580545225,45.3282408087534,19.7053903958941,95.0800002298303,77.285,19.2436121586104,99.1119536315353
URY,2016,10.2628739093634,2.79,60.3,11.1244429208091,1550.98299580242,81.5066849502914,17357.2349992841,18.8673144534742,48.4705583785623,17.3891577314177,95.1585424955685,77.351,19.3079819449206,99.240133418196
URY,2017,10.0613622046924,2.68,60.8,11.2444292080905,1512.8381875657,81.2644269226374,17611.6036701032,18.0319037217202,46.3780042035515,15.9240356668873,95.2288235732042,77.618,19.3602902525426,99.3656002482881
URY,2018,10.1340724978496,2.77,60.8,11.364415495372,1560.97897875852,81.0810193120786,17608.9441195037,18.3333886744675,47.7913104806475,14.8534986544499,95.2942581176758,77.527,19.3951205576506,99.4885272637331
URY,2019,10.298591147894,2.71,59.3,11.4844017826534,1540.78251179675,80.7182036338704,17758.4384372986,17.5601694192064,49.7448341159636,14.1208503918774,95.3479309082031,77.503,19.4103873842989,99.5545465859782
URY,2020,10.5717923259135,2.88,61.2,11.6043880699349,1531.60055590501,80.3531025025711,16443.3635000843,16.9555909661564,47.7318733182088,16.2336764872534,95.3997650146484,78.381,19.4204548051651,99.5703038278437
USA,2008,10.0093748880401,5.65,6.8,33.6360635020585,7484.83268900712,45.3549551239585,53442.7136899777,20.793507368224,29.8677957945319,21.0374941906914,80.6219682896606,78.0390243902439,33.2436868537795,98.9173671062071
USA,2009,9.48739149036763,5.52,7.3,33.6927352193296,7053.35846690965,45.576134822715,51611.3217087719,19.2684772980173,24.7595311689876,17.7687557814347,80.6850378350499,78.390243902439,33.5363992251367,98.92408685212
USA,2010,9.27587988353719,5.5,7.4,33.7494069366007,7162.55933024159,45.7973145105396,52555.7695134023,19.3102572393851,28.2198952346731,18.6722216698461,80.6997744673366,78.5414634146342,33.8213646033526,99.0106474401103
USA,2011,9.36462744857706,5.34,8.4,33.7794700582241,7009.64607964907,46.0184942092962,52956.6630340962,19.407502343174,30.8424862411943,19.0335432552974,80.6957554256024,78.6414634146341,34.0904277927547,99.0963699785745
USA,2012,9.01055428019472,5.13,8.5,33.8095331798474,6820.46062064875,46.2396739080528,53738.1476714593,19.1626113169507,30.6818353657295,19.950723147015,80.6837493386238,78.7414634146342,34.3636893244215,99.1811105889535
USA,2013,8.74620817680451,5.12,8.9,33.8395963014708,6888.38143742637,46.3330187965568,54462.6252412407,19.2416260217373,30.0079539684645,20.4246273846192,80.660889281215,78.7414634146342,34.6246572257533,99.2648895869455
USA,2014,8.5101265108009,5.07,9.0,33.8696594230942,6915.64165280321,46.4263636850609,55394.4510435329,19.3315152083176,30.0044781614855,20.969620342419,80.6242231779766,78.8414634146341,34.9013776562134,99.3476415086967
USA,2015,8.19074183499752,4.88,8.9,33.8997225447175,6789.64733291075,46.519708562633,56572.9188996063,18.5871320435183,27.8235649187872,21.5198755166573,80.5707989535091,78.690243902439,35.1809713558577,99.4293350987693
USA,2016,7.40835009300858,4.75,9.3,33.8997225447175,6663.4963294418,46.613053451137,57151.4708448372,18.0422212818459,26.6079620604584,21.0106376645574,80.4976645324131,78.5390243902439,35.4584505795077,99.509898178586
USA,2017,7.79040584360488,4.63,9.7,33.8669264120375,6590.83509745633,46.7063983396411,58151.7021391854,18.4354240836094,27.3130208877206,21.3021477015707,80.4018678392891,78.5390243902439,35.7049975840182,99.5893429085867
USA,2018,7.8220065111125,4.62,9.9,33.8669264120375,6738.27272433986,46.5817145490204,59526.665698712,18.6308982431189,27.6103792720958,21.6987608435503,80.2804567987377,78.6390243902439,35.9149986553586,99.6675822614626
USA,2019,7.17602147949022,4.51,10.2,33.8669264120375,6700.93033990565,46.4570307583996,60750.9898621637,18.2804280414808,26.4537594940475,21.8309630674538,80.1304793353594,78.7878048780488,36.1004771837305,99.7446316773149
USA,2020,7.81485752365112,4.27,11.0,33.8669264120375,6141.53125755889,46.3323469677789,59194.6665172031,17.5084284843618,23.4015629969394,21.7174460747964,79.997451762548,76.9804878048781,36.248222996211,99.8204204612721
UZB,2008,30.2231236564234,15.57,0.8,7.50509144040719,1656.55650065035,59.5457913098927,1904.45855506712,29.0650709010567,79.7479920348578,32.0363460936417,51.7943572998047,69.035,63.0661816146635,91.1153784744922
UZB,2009,31.7083160274671,13.15,1.2,7.59450412322655,1488.61678124243,59.1336063035475,2025.04298646098,30.3526438159739,68.673142199791,29.9477879762474,51.6105041503906,69.517,64.0891121586439,91.5696691723267
UZB,2010,33.7300329449397,13.35,1.3,7.6844723004781,1592.96476589268,58.7255558716379,2144.6400056546,21.2295148101409,49.2689977994484,27.1781979326708,51.3321647644043,69.836,65.1205023262643,92.0192259978027
UZB,2011,44.1982936152516,12.79,0.9,7.77762735510281,1603.22239464061,58.3214206223369,2271.00936223002,19.7779804592697,49.6542884929351,26.7079576787677,51.3395500183105,70.143,66.1372206631804,92.4356757645122
UZB,2012,43.9047519110738,10.42,1.3,7.86948141349243,1387.65012211387,57.907296925195,2395.84036755728,20.427938155189,44.2393191333204,30.0719329557159,51.3359680175781,70.411,67.1452569986232,92.8244223164543
UZB,2013,42.947720361075,9.6,1.2,7.96137580342781,1350.32249660587,57.5048934231933,2530.68447898703,21.2945196362137,42.3779149727359,27.4742199751097,51.1276969909668,70.692,68.207469669955,93.2160214919193
UZB,2014,39.4888403264479,8.38,1.4,8.05307155527101,1240.29664862077,58.6109332727536,2659.99075095273,22.0708925481202,36.3570546649043,27.9591702320365,50.8868713378906,70.973,69.3523563008704,93.6104838496586
UZB,2015,37.8356286365777,7.47,1.7,8.05583295506128,1165.60752398201,57.984566500227,2803.19018021751,22.520460823215,30.7561914307089,26.3433388950891,50.6597328186035,71.33,69.7897094870631,94.007820761431
UZB,2016,37.5481850195136,7.45,1.6,8.1397486557828,1209.61523440111,57.9805306962693,2918.67725852903,22.9212712989472,29.1922970388042,25.7592542108704,50.6572189331055,71.58,71.0059170523229,94.4080443889354
UZB,2017,35.2121570323591,7.51,1.7,8.19844389770035,1253.44940769753,57.9525543137807,2995.76761437743,24.7253778434458,42.5595081895217,27.2291863632714,50.6787376403809,71.737,72.2198017195203,94.8111572515512
UZB,2018,34.8354317604587,8.59,1.5,8.25712061408984,1272.07621933957,57.9234067278426,3108.1618786112,28.6428986359695,64.1381394985773,34.9925116035851,50.5814971923828,71.999,73.4780871882284,95.2185733603862
UZB,2019,34.1331992575325,7.93,1.6,8.31637366503615,1285.18444128817,58.0070592775022,3259.36964632494,31.9991183695607,64.9639227632407,39.1565362701328,50.5920104980469,72.093,74.8253929702307,95.6274388152752
UZB,2020,31.9604294559849,7.47,1.0,8.37322137751049,1351.37520056543,58.2832179734483,3249.05191094018,32.0252433250071,56.0515308349971,37.5933580339099,50.7670402526855,71.461,76.2200658118688,95.9578060001248
VEN,2008,20.5138774533666,4.93,16.4,54.2307125446403,2346.77022538359,24.4884076866391,4665.9531880382,50.6124593374834,51.8290123789932,26.8261258775663,88.7615723567652,72.578,31.8051085539369,95.8109390288342
VEN,2009,20.2590189230141,4.91,16.2,54.0441018082875,2234.25825126867,24.3750354288306,4455.4532320933,40.8120935299234,38.5209296583297,25.7969460220917,88.7865574027187,72.785,32.2411405249136,95.6338441688768
VEN,2010,20.159103445557,5.93,13.8,53.8574910719347,2621.33385247062,24.3750354288306,4332.02681796507,48.4086022795909,46.1368935240203,21.9716579748512,88.8026372923982,73.092,32.6660631483476,95.4567493089194
VEN,2011,21.6871225595847,5.08,14.8,53.6711070800975,2309.22244633281,24.3750354288306,4455.41063337951,48.6321324133785,49.6381215967995,23.0723970782658,88.8079278904659,73.09,33.0879337906014,95.279654448962
VNM,2008,25.4734887212418,4.14,39.3,41.7762218982583,572.099542305108,32.7399677741119,1856.00519883979,37.0776963788801,154.317479627758,36.4931217965814,29.2198330128693,73.455,272.308076932914,87.1265536349234
VNM,2009,24.3688895766214,4.29,37.0,42.2930662932198,615.142147070174,32.9068109297165,1927.13427057454,37.3881863793419,134.706317721758,37.1625554335215,29.7581347355675,73.525,276.440290060813,87.9033221889861
VNM,2010,23.0762596678067,4.44,34.6,42.7332154461943,670.10802910064,34.3450560815081,2027.58184375924,33.0228771360005,113.977687539714,37.0990761715168,30.2504027258526,73.611,279.147229120251,88.6734023519778
VNM,2011,20.4905765848944,4.18,36.3,43.1647323195567,663.574440140704,34.3732843043373,2132.90453762087,34.580408780539,125.260577940829,32.3711434429224,30.6996041680996,73.713,282.390144405715,89.4349602173231
VNM,2012,21.5116439458873,4.01,37.9,43.5708247064191,664.347312614103,34.4331120376958,2224.11404253256,35.8602323946766,123.224116745985,30.5592897696566,31.1222779403029,73.762,285.558644407367,90.1878966419353
VNM,2013,23.2274925075316,3.91,37.4,44.0639521125592,674.678165107275,34.6726704451298,2320.08431444934,35.575150437736,130.846354866743,30.2129034609593,31.5334201724543,73.821,289.364162813695,90.9316441418206
VNM,2014,20.4035064934273,4.11,36.7,44.4428488915694,745.633531778112,34.6991265943562,2439.28655744423,35.2985684880333,135.410521454361,30.2890267860991,31.9480269945454,73.886,292.559228518274,91.6663943913083
VNM,2015,19.377014054477,3.54,27.8,44.8711640388917,679.445923972947,38.7634300520449,2577.56885340113,34.2665466382117,144.914228195237,32.1089158178217,32.3810945365679,73.955,296.1974772084,92.3918615614749
VNM,2016,20.3304456216218,3.65,26.8,45.8783548775157,738.879533385899,38.8407942894887,2715.57887431272,34.1152288612372,145.409507973118,31.7245390951042,32.8476189285136,73.984,299.948999160782,93.1077859229268
VNM,2017,18.5797797556674,3.55,28.3,45.9963369846492,757.479979941312,38.8279627189274,2868.13680013379,35.3903640729728,160.98008365887,32.305300920099,33.3625963003742,74.026,303.688787280275,93.8136963360805
VNM,2018,20.1630176303186,3.9,24.3,46.2346815387217,885.646841787765,38.7344502263671,3048.28327602145,36.5424334086447,164.663936775893,32.019502902433,33.9410227821412,74.1,307.046632570694,94.8327946840432
VNM,2019,20.8317868906878,4.09,20.4,46.4768416451573,987.27147244039,39.5241027473527,3241.07648966529,36.8031368977554,164.704215031408,31.9799606565797,34.6239134999511,74.211,310.034412897339,95.6342556825242
VNM,2020,20.8010641731194,4.03,18.9,46.7190017515929,991.281232485165,39.4347683207361,3303.16949807493,36.7437132938801,163.245862814935,31.915688393806,35.5706676299742,75.383,312.923153250018,96.2941639364055
YEM,2010,39.1673543166565,3.12,0.8,1.03983180862549,291.861999994351,44.6597344546092,2356.19960422096,52.9607477523107,64.3856367797178,11.66108310249,30.6232848305331,67.223,50.6740667083357,51.787883376695
YEM,2011,43.2315095806882,3.03,0.9,1.03983180862549,240.192428627502,44.4191904843078,1994.83663337222,53.1065650909838,63.0594579549043,5.5005264777992,30.9237389467026,67.412,52.2433035967953,53.3817845403545
YEM,2012,53.6338333840879,2.68,1.1,1.03983180862549,210.827759194461,44.5119987878099,1981.45800046603,39.7484554361741,61.3616371825683,8.70430583413214,31.2031839858628,67.569,53.8546640907627,54.9887784253918
YEM,2013,48.4247878548182,3.52,0.8,1.03983180862549,281.953182312038,44.5082106937894,2014.7289059487,38.9944141504647,52.5118781367089,8.1057860253692,31.4427187944215,67.961,55.5201090971078,56.6085662979194
YEM,2014,38.0825068778276,3.35,0.8,1.03983180862549,259.815942651214,44.4184328655037,1950.1625450589,39.8882580148089,48.2430405122774,6.69826178718153,31.8626162180918,68.003,57.2500501922458,58.2398155721422
YEM,2015,44.0661314855842,2.22,2.0,1.03983180862549,119.994093431265,44.382445972309,1362.1738120601,33.866159352981,30.3676590844637,1.65634244893033,32.3883178702702,66.761,59.0173286360967,59.8822273662307
YEM,2016,40.7241168220245,1.75,2.6,1.03983180862549,83.3695325901369,44.2938045722295,1197.95865971172,25.9022680665842,31.0815442908559,1.42925784388708,32.9512008005236,67.105,60.8159743924844,61.5348134587161
YEM,2017,42.1204805186376,1.81,3.0,1.03983180862549,71.9650301584181,44.4191904843078,1103.45634849842,25.9240409654207,42.9699046721967,2.07229521886868,33.5586912522175,67.12,62.6757599863629,63.1969435270972
YEM,2018,43.9103483345439,2.24,2.9,1.03983180862549,93.9408794935562,44.4191904843078,1079.32938366255,25.4429978433173,56.0778227215077,6.17671942043548,34.2106045810864,65.915,64.5589370608179,64.8676643206495
ZAF,2008,23.8990840855684,8.59,9.7,14.4151629310274,2738.08467369962,80.0501199416366,6009.71963138635,26.9415561091344,65.9745237996233,21.2872491181391,61.7692983894896,55.982,42.1358670832337,89.895824706748
ZAF,2009,24.4990896109155,8.84,9.2,14.385156913337,2735.00618529644,79.9511990041959,5847.05811084505,25.7430761887593,49.5875353278801,18.7669441984248,62.2592839131287,57.413,42.6419441261572,90.3498541806487
ZAF,2010,24.861273041525,7.98,9.4,14.3551508956467,2518.44190314477,79.871237913098,5953.94506512821,25.3034630993363,50.4060871625999,17.5956446037105,62.6299120560569,58.886,43.1493549530538,90.7948993263466
ZAF,2011,24.9968845183073,7.87,9.0,14.3251448779563,2536.41417638413,79.4450535409574,6067.12482726885,24.8394911507999,54.6363504358971,18.8532376550132,62.850627754452,60.602,43.6861279872062,91.2307992186561
ZAF,2012,24.6444105011731,7.35,8.3,14.2951388602659,2394.39798705356,79.4178502831612,6121.55783860713,24.4686002355753,55.5826171933345,18.5845354435045,62.9616560303263,61.737,44.3351828800831,91.6578231075925
ZAF,2013,24.1607460915842,7.12,7.8,14.2651328425756,2341.17923180198,79.4178502831612,6170.87670863373,24.5517417673484,58.875027630051,19.1687625943111,63.0524024097034,62.388,45.0739771987239,92.0754416048639
ZAF,2014,24.5484834922425,7.43,7.6,14.2351268248852,2438.67891656885,79.4178502831612,6155.00589462516,24.3052820058227,59.4995740550593,18.4879638168327,63.1352327065742,63.184,45.8291124318888,92.4843371456174
ZAF,2015,24.5964053006527,6.93,7.6,14.2051208071948,2257.19467617813,79.4178502831612,6112.27382485974,23.7323079746326,56.7266761447156,18.6332066638376,63.2096349937231,64.053,46.7595454582925,92.2766813341795
ZAF,2016,24.1476891116721,7.14,7.8,14.1751147895045,2311.76901865151,79.4178502831612,6095.295060428,23.7825372977493,55.8612575048782,16.9604522948246,63.2750973439347,64.749,47.2014038529705,92.0633898282653
ZAF,2017,23.754937395964,7.02,7.9,14.1451087718141,2283.45815447669,79.4178502831612,6125.6920507497,23.6105564955695,53.5359318293741,16.6107340612402,63.3311078299936,65.422,47.5110354549127,91.844654961916
ZAF,2018,23.8122504048776,6.72,8.0,14.1151027541238,2184.87777550689,79.4178502831612,6117.2701406047,23.5370608392744,54.4855451276341,16.1705829786619,63.3771545246841,65.726,48.3171083761304,91.6208678269317
ZAF,2019,23.1897720637682,6.72,8.7,14.0850967364334,2231.91074710296,79.4178502831612,6032.82972598668,23.6220152843652,53.8979964081406,15.8207933783179,63.4127255007908,66.071,49.1207453692636,91.3923995625225
ZAF,2020,23.753069242361,6.9,9.8,14.055090718743,2037.46194166103,79.4178502831612,5569.58483319272,23.3394384079582,50.7596590804177,12.3455441478462,63.4373088310982,65.15,49.9240625180325,91.1598368082793
ZMB,2010,25.4210227502292,8.31,89.2,62.8149423586543,629.082900793812,31.5258478053243,1183.41712409199,32.2389147610701,65.0147025206122,29.8740056918705,39.9558857709992,56.896,18.7863624746096,58.0990602531588
ZMB,2011,26.565488543498,8.28,87.9,62.5618047054709,646.079173071802,31.7948855916814,1208.46424569634,34.4442819243584,72.7954324384283,32.889211245159,40.3684491825881,57.843,19.4215633785765,59.2434638607951
ZMB,2012,26.8710302496189,8.07,85.4,62.3086670522875,662.330990673445,32.0639233780384,1258.78938578996,32.0106503918136,75.367709855907,31.5179510511994,40.7698556821596,58.704,20.0616486635548,60.3793166829556
ZMB,2013,25.6500160427317,7.9,85.3,62.0555293991041,671.712530708792,31.9307496737917,1280.77012176778,32.5564491082462,80.4562410213373,33.8029886804422,41.1682266235825,59.445,20.7145603249976,61.5068944546716
ZMB,2014,26.0707378042456,7.86,84.6,61.8023917459207,682.741627698753,31.9320948627235,1299.01241762504,32.9441480248783,76.1934997276313,34.0692641856177,41.5634741658525,60.109,21.3822018052435,62.6251910477069
ZMB,2015,25.6767422937407,7.83,84.0,61.5492540927373,686.58901801905,31.9334400516553,1295.87788680068,33.65724911523,79.8652687573958,42.8051164515408,41.9555104679652,60.728,22.0598730141648,63.73489906676
ZMB,2016,26.1659103128843,7.73,84.0,61.2959550168821,683.714230135287,31.9334400516553,1303.57513869133,34.8771666095938,73.958561254616,38.2062329128451,42.3442476889162,61.129,22.7530946071376,64.8350544845437
ZMB,2017,23.7582824070397,7.77,83.5,61.0428846231453,702.724841881756,32.0679589448338,1308.76829240086,37.3040449214626,71.5856946542566,41.0018208583077,42.7295979877011,61.564,23.4618706197285,65.9259259812071
ZMB,2018,23.3367199131656,7.69,83.8,60.789706614294,726.480224274828,32.0679589448338,1321.25045711573,34.4853215849232,74.8883695274665,38.5885582958265,43.1114735233156,62.138,24.1778460834824,67.0073710429066
ZMB,2019,23.2037475947695,7.5,86.1,60.5365151535533,741.616894830948,32.0679589448338,1301.18132976178,34.9419812171167,68.791204936096,39.2619086467844,43.4897864547552,62.914,24.9046113076582,68.0788852086192
ZMB,2020,24.3085919008655,7.88,85.4,60.283337144702,759.022718469978,32.0679589448338,1228.73500113195,40.1976896628281,79.2068494095955,32.2448509806584,43.8644489410157,63.361,25.6384872005273,69.1403580014109
ZWE,2008,20.8036783748251,22.09,81.6,46.5229934082978,416.061487434695,42.3663220886649,803.044944654991,30.4832503395201,109.523540063377,5.12675418741512,32.6912786206175,48.456,33.4991572961096,67.8681221478377
ZWE,2009,21.0862688481077,20.93,82.6,46.4039033217009,417.993358333389,41.9757303864547,896.915532877845,21.4538686244604,61.7764909650234,12.7472016131117,32.7074288573175,49.75,33.9738658394727,67.7912667588109
ZWE,2010,21.4862213773936,17.83,81.2,46.284813235104,420.028576465643,41.7133537546853,1056.20884563889,20.6947355315308,83.1234047851259,18.7628395343529,32.7284525810054,51.925,34.5264262634096,67.7126398227238
ZWE,2011,23.6162829422719,16.48,77.2,46.1657231485072,444.80696274803,42.2313842574641,1184.93421020563,21.7201786093983,89.4659437238642,17.3984690623007,32.7567295776968,53.911,35.1439162466072,67.6326265386138
ZWE,2012,23.5395278505031,14.61,77.0,46.0466330619103,454.708020211244,41.8512917151351,1360.15230034275,25.3306858994948,74.1627003825153,9.85633778141151,32.7931752128328,55.386,35.7189789324027,67.550802949421
ZWE,2013,22.5984006943159,14.79,79.3,45.9275429753134,462.865283072286,41.8442528111671,1367.81831689463,23.8001125610251,58.6560737143829,9.20906247136893,32.9019343169941,56.842,36.2254310456249,67.4675567678249
ZWE,2014,23.4292525344579,14.69,80.8,45.8084528887166,460.332017093667,41.8387654129508,1381.25404125871,23.7189510650842,54.6717592473918,9.63958883391864,33.1628075970801,58.106,36.7257567532635,67.3943560141551
ZWE,2015,23.1038790684558,14.59,80.8,45.6893628021197,453.579542968744,41.8325022618586,1387.12632595026,22.3586547006621,56.7496526604333,10.0359230470755,33.5612641766874,58.989,37.2211787514541,67.3315481450838
ZWE,2016,22.5706982027694,14.18,81.7,45.5702727155228,423.185508873165,41.8275321183921,1378.34256192374,22.1153495385289,51.2190376594477,9.86174106545716,34.0799460726314,59.76,37.7414863642239,67.2786727528728
ZWE,2017,17.9977538099115,13.62,82.0,45.4511826289259,416.196232814442,41.8217862220499,1422.91948946927,32.0157377663457,55.028317831061,14.7022431781545,34.7014953017273,60.263,38.2899883675843,67.2356795993569
ZWE,2018,19.1120993372982,13.64,79.7,45.3320925423291,445.175095167118,41.8168160785834,1472.14603844842,31.0377751295783,54.55031658746,14.1484443423452,35.4085538807905,60.906,38.8637766576192,67.2029312965769
ZWE,2019,18.5286074615735,14.35,81.0,45.2130024557322,412.165419523265,41.8196029468786,1357.53087818754,38.9749459493832,46.1065442675515,11.561629264796,36.1837638266364,61.06,39.4762000775494,67.1795926488522
ZWE,2020,19.4941796611344,15.05,84.1,45.0939123691353,373.557246170741,41.8169598035414,1230.81933361016,40.4336448935323,40.1784062234355,11.2139243786572,37.0097671560802,61.53,40.13671448882,67.1664236498224
