country,year,pm25,primary_energy_per_capita,renewable_energy_pct,forest_area_pct,energy_use_per_capita,agricultural_land_pct,gdp_per_capita,industry_pct_gdp,trade_pct_gdp,gross_capital_formation_pct,urban_population_pct,life_expectancy,population_density,basic_drinking_water_pct
AGO,2008,24.1723114771848,2.51,55.4,58.769649474613,472.064397001416,35.4495869094409,3559.19522512236,56.2078263483829,108.680408741993,31.0476642804707,58.5851745819614,55.281,17.3086187535093,47.9390179800655
AGO,2009,24.1720241654505,2.77,53.0,58.3244252827465,504.92416679274,35.7985080612818,3494.80724466172,40.9723218323879,102.263183257986,42.1126629946906,59.3775316348744,56.225,17.9792837089917,49.4231763682417
AGO,2010,24.17805671622,2.65,53.1,57.8792010908799,487.281074343005,35.9749739311783,3540.79159568381,48.5501387093455,90.9940631355109,29.7638327935383,60.1310289535053,57.242,18.6851888986925,50.922281472487
AGO,2011,24.337940171596,2.65,51.7,57.4339760968958,486.235365702241,36.3487607283228,3528.16824373399,52.1706630052286,89.0369443425845,27.3662454536118,60.8431610396073,58.093,19.4259661506377,52.4357414255652
AGO,2012,24.4804929012722,2.78,49.0,56.9887511029117,531.24332255994,36.3383331996471,3682.35229322763,53.3611036467722,81.9394785486361,27.9685614009235,61.5114223949332,58.916,20.1952306088073,53.962934811933
AGO,2013,24.5386584342125,2.65,46.8,56.5435261089276,512.021802587495,36.4867249538782,3716.29718727282,50.3750405397121,77.3498013716078,26.9937630528609,62.1333075212361,59.705,20.9879040667362,55.5032279600653
AGO,2014,23.9455836380328,2.29,47.5,56.0983011149435,447.160325436651,36.6359188256998,3746.81619978613,43.9966362099567,69.5801424481147,28.8734781928265,62.723115793241,60.396,21.7861305847437,57.0569115656449
AGO,2015,25.0021502571501,2.72,47.1,55.6530761209593,517.525209417242,36.7281623486003,3641.72893919944,36.7338841349078,54.9793808779835,29.1086095935763,63.51567832685,61.042,22.5858650838213,58.6196312007677
AGO,2016,25.1807008149163,2.59,48.1,55.2078447100345,462.934994006148,36.7562364642657,3454.03317187119,37.3943513261608,47.0155661405313,30.134293482854,64.2992302517989,61.619,23.4082537900056,60.1920620185519
AGO,2017,23.9591508117097,2.65,52.5,54.7626293414615,456.692217487614,36.7089115264298,3328.8982124109,37.0989345106935,45.6643423539921,29.1829432051553,65.0850525086068,62.122,24.2518962059838,61.7735122104541
AGO,2018,24.2650153621146,2.47,52.5,54.3174059517125,405.179753107747,36.7193390551055,3196.79006983557,41.1891594014386,58.916480075976,24.2002490160737,65.8732136723372,62.622,25.1039985561883,63.3627907388021
AGO,2019,24.5988113283925,2.66,51.0,53.8721745407877,416.996507156148,36.7819042271597,3083.97534427357,42.2251045134162,60.7148243336685,24.6757736004733,66.6637823180533,63.051,25.969063928772,64.1599110373067
AGO,2020,25.1452381976267,2.8,60.1,53.4269511510388,397.633186643914,36.7883211678832,2864.16146036893,36.7098511285088,54.3442286847189,19.6439562319095,67.4568270208187,63.116,26.8317413972888,64.9440305436538
ALB,2008,21.4806685713767,2.94,35.8,28.4494890510949,712.287869024953,43.1021897810219,3345.98161761476,28.5616497223775,75.2485472798728,33.3056707670518,49.3850699230207,78.248,107.566204379562,90.4761525015769
ALB,2009,21.0110429073679,2.91,37.1,28.4960948905109,734.057809949862,43.8430656934307,3459.24695646692,27.5678722962167,73.3213575646169,32.4404588015772,50.6132439427449,78.509,106.843759124088,90.9344131913267
ALB,2010,20.8141104654758,2.78,37.0,28.542700729927,731.053397459356,43.8430656934307,3579.82413181046,27.4749142839601,75.5325329687378,32.4926226328977,51.8815774292716,78.414,106.314635036496,91.3794795002437
ALB,2011,22.7999042481871,2.83,35.8,28.5946532846715,766.894617514824,43.8321167883212,3677.89457937717,26.9409865024688,80.6989985298954,33.8376091539876,53.2917382892465,78.303,106.02901459854,91.8108839327421
ALB,2012,20.9627204112539,2.51,39.9,28.6466058394161,699.444897699178,43.8430656934307,3771.84781862015,25.4077242038709,76.9683583166821,29.7150278852687,53.8637553661449,78.084,104.405401459854,92.2287796980299
ALB,2013,19.4075322522058,2.89,41.1,28.6985583941606,826.01838486232,43.3321167883212,3895.89975621942,25.506803612245,75.7506185619748,29.0566378899977,54.2979678058548,77.995,102.806642335766,92.6315947140716
ALB,2014,19.3679442180935,2.86,38.6,28.7505109489051,844.590080017958,42.857299270073,4045.11934884933,23.8286690584956,75.0212023084129,28.3047822758213,54.7325813178673,78.029,101.232372262774,93.0200532320908
ALB,2015,19.121557306579,2.62,38.5,28.8024635036496,803.987448070775,42.8576642335766,4199.53912925398,24.4814091473313,71.2794476606014,27.8134648405134,55.1579291374894,78.358,99.6822262773723,93.3943279564504
ALB,2016,17.602163992984,2.61,39.4,28.8021897810219,840.619363568519,43.1277372262774,4431.55635814168,23.8670178864359,74.0144504546815,26.814346013014,55.5738734464276,78.643,98.155802919708,93.7548764271568
ALB,2017,18.5552438171978,2.64,36.9,28.7920620437956,894.466399568989,42.8569708029197,4648.23078660658,22.9533327106507,76.7873817898989,27.657593194662,55.980276426546,78.9,96.6527372262774,94.1020950646956
ALB,2018,19.0461862321065,2.53,37.8,28.7919708029197,904.739774695665,42.8496715328467,4893.82375538717,23.7535886253159,75.6940783717425,27.1252994132038,56.377000259892,79.238,95.1727372262774,94.4363940024548
ALB,2019,15.70470712234,2.45,40.1,28.7919708029197,908.317252679183,42.8467153284672,5072.43648354739,22.9655210859374,75.382128932689,25.2875256073276,56.7639071287255,79.467,93.7153649635036,94.758223221518
ALB,2020,15.7070036417042,2.34,44.4,28.7919708029197,855.185594249541,42.538503649635,4980.61699524696,23.4687164183412,59.5206994391875,26.2183472454095,57.1408592155544,77.824,92.2802919708029,95.0680381522002
ATG,2008,17.5582313354589,3.85,0.0,20.2590909090909,,20.4545454545455,20464.786306605,17.6099656888504,,,27.0585906639822,76.075,188.436363636364,98.0000819253765
ATG,2009,17.6168614217745,4.51,0.0,20.1068181818182,,20.4545454545455,17746.700856041,18.0457313815579,,,26.4808350768849,76.386,191.302272727273,98.0723568247824
ATG,2010,17.5974662934196,4.78,0.0,19.9545454545455,,20.4545454545455,16135.397384487,14.8379422285868,,,26.0170447850587,76.701,193.909090909091,98.1456600056125
ATG,2011,17.2285490405827,4.86,0.1,19.8045454545455,,20.4545454545455,15633.9091131821,13.2274797388855,,,25.694689859722,77.023,196.209090909091,98.2201657181989
ATG,2012,17.5622893176979,4.81,0.1,19.6545454545455,,20.4545454545455,15989.3900199779,13.0746288099393,,,25.4555618588267,77.1,198.318181818182,98.2971057730873
ATG,2013,18.0647918322846,4.86,0.1,19.5045454545455,,20.4545454545455,15748.1952024226,14.7598104413721,,,25.2475667667937,77.05,200.145454545455,98.3743397990659
ATG,2014,18.1521399923532,4.77,0.1,19.3545454545455,,20.4545454545455,15967.284996712,15.3667820905787,141.546161057996,,25.0899726107741,76.912,201.738636363636,98.4518716600129
ATG,2015,19.7963197860936,4.69,0.4,19.2045454545455,,20.4545454545455,16077.6340769406,15.9280224466081,130.071549851721,,25.0,76.892,203.202272727273,98.5296965955538
ATG,2016,19.9208792974299,4.57,0.4,19.0454545454545,,20.4545454545455,16635.895232831,17.7641082763748,132.025917905085,,24.9239807471655,76.968,204.475,98.6078413769816
ATG,2017,19.0159494088973,4.47,0.4,18.9090909090909,,20.4545454545455,16992.9327495236,18.8045201502856,127.664323582144,,24.8500263836871,77.03,205.609090909091,98.6862412364466
ATG,2018,18.9233007168875,4.29,0.7,18.75,,20.4545454545455,18042.1596435727,20.6520988023085,130.655152659419,,24.7781432093764,77.132,206.65,98.7648515516048
ATG,2019,19.0584631585727,4.26,0.7,18.5909090909091,,20.4545454545455,18525.2588907167,21.0807459545502,137.537783631991,,24.708337524045,77.168,207.645454545455,98.8436169017974
ATG,2020,19.6982695582914,5.0,0.9,18.4545454545455,,20.4545454545455,14950.8942397208,21.1209995224877,94.289529886499,,24.6406156275043,77.161,208.740909090909,98.9224941519798
BEN,2008,44.6992177546544,5.76,54.8,33.1247782901738,355.191568797727,31.7833628946435,943.203380303862,17.6606220766815,47.7753592695169,13.7404206600646,41.8029662723105,58.099,81.8416637105357,64.0987736405784
BEN,2009,44.7544581747048,5.91,52.8,32.6813586378148,361.653717680842,33.170672224193,936.565651071554,17.9195079292369,44.7026290629806,14.8657187295579,42.338538285999,58.258,84.3333008158922,64.471280030876
BEN,2010,44.8496835809048,6.0,47.2,32.2379389854558,363.74357481978,30.9253636041149,928.246655329144,18.0090531395068,51.4308599492924,15.608089212583,42.8916891239353,58.387,86.8879389854558,64.8398943690565
BEN,2011,47.392759069621,5.82,48.7,31.7945193330968,352.901249030589,32.0979514012061,927.716412836707,18.1374491115974,47.2170288118403,16.4625572802737,43.4616136137276,58.462,89.5142160340546,65.2045676976255
BEN,2012,51.5628188212507,5.61,50.3,31.3510996807378,346.220822053438,33.3912380276694,943.918771531001,16.9566846878966,50.7367367791134,15.276312739626,44.0475065829838,58.559,92.2105090457609,65.5652472683148
BEN,2013,42.0881252510416,5.71,52.0,30.9076800283789,366.743087755895,35.3010287335935,982.399206290516,17.2437092893088,59.2001918331875,18.86187234768,44.6502883669319,58.863,94.9701489890032,65.9215151449037
BEN,2014,42.0112596872744,5.54,51.0,30.4642603760199,367.294184971858,35.4549663001064,1014.4330062135,16.4115774866134,65.2682749404551,19.2575856279899,45.2880529235999,59.008,97.8184107839659,66.2745990254867
BEN,2015,66.6561284323416,5.79,49.9,30.0208407236609,379.492026672934,36.122942532813,1002.41886879614,16.3850954444902,56.7563131849476,20.731792085746,45.9407403257663,59.123,100.750984391628,66.6240261475915
BEN,2016,59.4793406242621,6.22,45.4,29.5774210713019,409.038821084068,34.3804984036893,1006.03926633023,15.7020683118185,58.9869283378276,20.2720396046954,46.6094559006664,59.283,103.741060659808,66.9697053582587
BEN,2017,58.3879587239383,6.11,45.4,29.1340014189429,412.304352119196,36.3017018446258,1032.90471194182,15.1075858507501,61.4765969588474,23.9604222292501,47.2942774880391,59.528,106.773501241575,67.3115299235489
BEN,2018,54.0562679352757,6.05,44.0,28.6905817665839,423.283323822533,39.5602039730401,1071.50452156932,14.6419567509163,61.7951944903448,26.3865130249513,47.9952829275963,59.71,109.820388435615,67.6494113960798
BEN,2019,46.5625275293874,5.69,46.5,28.2471621142249,414.543641080217,41.071385242994,1114.17304526443,16.3125612015902,63.68133231423,25.6298005790604,48.7125500590248,59.888,112.865865555161,67.9832516982572
BEN,2020,51.0478241974862,5.79,46.2,27.8037424618659,426.185478700943,39.3140173820504,1126.65404122154,16.2905490528658,44.8332333768726,25.6338435081567,49.4461567219896,60.154,115.911395885066,68.3129505616936
BIH,2008,36.5797939203256,6.12,14.3,41.1026953125,1510.20925021027,41.6015625,3929.03297717336,23.2014104320358,86.1628798430504,32.3119832270202,45.1090576163352,76.3,77.10046875,96.6605523174734
BIH,2009,35.6437958683181,6.43,17.4,41.08513671875,1602.5317512912,41.5625,3877.53540078456,22.9076469417103,73.7474942255023,23.713209921992,45.4246010387901,76.701,75.7772265625,96.5575305327522
BIH,2010,35.2512805561859,6.66,19.6,41.067578125,1700.48373318065,41.875,3981.20985692032,22.4540096321725,80.9682159626823,21.9146685888149,45.7392153332604,76.827,74.4428125,96.4522822969049
BIH,2011,39.4031643248459,7.27,14.2,41.293515625,1909.67028647304,42.01171875,4094.25329541877,22.1932597066813,87.8363477136556,22.6759067100927,46.0528777644843,76.963,73.0819921875,96.3448010624916
BIH,2012,35.5046711262656,6.85,15.3,41.519453125,1821.21222097011,42.109375,4139.91732773657,21.6232008180939,88.1451088628529,22.8835705606596,46.3655655972,77.037,71.68189453125,96.2350673868213
BIH,2013,33.7419045514665,6.46,19.5,41.745390625,1787.39246392599,42.20703125,4306.73175072214,22.3236748683798,87.9312380280562,21.6685850406414,46.6954224739896,77.129,70.52458984375,96.1231183417835
BIH,2014,32.4817989014897,5.94,23.6,41.971328125,1682.31287779308,42.12890625,4412.67617817734,22.1563691753674,90.5522780395662,23.0340139751835,47.130783484831,77.089,69.62556640625,96.008918332446
BIH,2015,33.8055310132726,5.86,25.2,42.197265625,1755.04377103361,42.5,4662.25869219448,21.7264522311122,88.291992587588,22.1698345771577,47.5711645087011,77.073,68.72150390625,96.0694403538991
BIH,2016,30.384676952561,6.21,23.0,42.5099609375,1945.25475764264,43.14453125,4876.53471495633,22.3443510624615,88.2440340022738,23.3303836437325,48.0248845752382,77.124,67.83208984375,96.0724133360056
BIH,2017,30.9018207776211,6.0,18.5,42.7326171875,1966.74296405564,43.515625,5099.81602856447,23.1210747823113,96.6458803566861,25.1642904731319,48.4918401819106,77.385,66.9664453125,96.1569041351994
BIH,2018,32.4989922059154,6.41,35.4,42.7326171875,2205.40019359849,43.18359375,5360.25201017633,23.7113564316664,98.4320694182631,24.8120206694305,48.971927825824,77.942,66.15234375,96.1478367143062
BIH,2019,26.7157922521039,6.02,36.8,42.7326171875,2157.71633026544,43.28125,5583.29721276458,23.2037923257609,94.516125154246,25.1910361335464,49.4650440037758,77.394,65.34244140625,96.1384735195781
BIH,2020,26.6019532713554,6.1,37.7,42.7326171875,2152.73018925591,43.7890625,5490.75366635139,23.7775660166922,82.5216467994007,23.4676997821764,49.9710852122997,76.04,64.44041015625,96.1287930670731
BTN,2008,28.700905063469,12.21,87.8,70.4523440984338,,13.6763124065378,2017.76018913403,40.8156244643724,101.954235669521,44.1634785286925,32.76371954591,67.733,18.0064275782459,90.9340269726951
BTN,2009,26.6999336582723,12.28,87.8,70.7128315449799,,13.6422068893145,2148.56480375034,39.4589101877082,101.559411565244,50.189271152596,33.3396804958817,68.156,18.2067843744261,91.7530531120039
BTN,2010,25.8636494610431,12.14,84.8,70.9733189915261,,13.6422068893145,2378.72810760985,39.32493053906,105.010666693593,62.9334525245912,33.9051967813552,68.765,18.407324815699,92.5602860254371
BTN,2011,30.4700767007183,11.02,84.9,71.025211847732,,13.631712884015,2552.48871073094,37.4178826768856,102.795600221106,68.2199911028334,34.4637606688377,69.28,18.6105149933101,93.3554661162874
BTN,2012,38.1315714688966,10.91,82.8,71.0771047039379,,13.631712884015,2654.74798946027,38.2126912443455,94.0450271469571,69.4487268866834,35.0188644248365,69.759,18.8178240680012,94.1374950272393
BTN,2013,37.4162437152675,10.72,81.7,71.1289975601438,,13.631712884015,2671.07460201171,38.8444853647316,95.0525382780424,64.0143242143309,35.5740003158589,70.161,19.0275467639111,94.9064132984793
BTN,2014,40.2981530542455,10.62,82.1,71.1808904163497,,13.7891229635071,2797.81883971908,37.6449550742574,87.9342562013295,56.5119544142318,36.1326606084122,70.504,19.2339113781252,95.6623573310029
BTN,2015,37.4856911286561,10.17,81.6,71.2327832725556,,13.7891229635071,2954.04081911097,38.4680946453953,89.6391604595496,56.4311104866744,36.6983375690037,70.797,19.4301230422121,96.4055382033785
BTN,2016,36.9416122831151,9.56,80.8,71.2342701342282,,13.6063338926174,3173.36773217431,38.448996403302,76.3847528498375,56.3993877727553,37.2745234641407,71.119,19.6063863255034,97.1361403441531
BTN,2017,33.8115150358203,9.24,79.7,71.2861786912752,,13.4490352348993,3211.80903275593,39.0388793784971,76.7884016850221,54.1677690387849,37.8645544995016,71.413,19.7759804949664,97.8543901425613
BTN,2018,34.0838819368766,9.3,80.0,71.3455689564761,,13.4504457262716,3300.55006461736,35.2652134391702,79.7397203296083,54.0155173557361,38.4661892776975,71.711,19.920267435763,98.426622147403
BTN,2019,30.051897764158,8.86,81.0,71.39486103828,,13.4504457262716,3467.38598979356,33.0939030506784,76.1235167041505,46.0853579354704,39.0746823405146,72.005,20.0530676455165,98.9633804015347
BTN,2020,23.9456576369223,8.45,83.9,71.4472994231778,,13.5422128998427,3092.12428399363,31.7909765311756,71.8303510394637,39.0705723574357,39.6888839873439,72.253,20.1889355007866,99.0775205402574
BWA,2008,21.6012791414985,3.24,27.8,29.4219469588693,1158.3591770162,45.6672489545286,6158.61629368051,41.10966210137,99.008222007989,35.4683348008758,61.8321593704079,57.661,3.44073897623207,80.2083565652811
BWA,2009,21.9924882718209,3.44,28.9,29.2132055829054,1054.28611010741,45.7325357754133,5179.4138607146,32.9148698460083,88.4807886337378,32.6299076727603,62.7501882968523,58.297,3.51255977273128,81.548204891568
BWA,2010,22.3400304839044,3.4,29.9,29.0044642069416,1130.54992383335,45.6319587810774,5584.5034321846,37.2789379627304,94.6390020873926,34.7021091252242,63.4945974665277,59.137,3.58744199177739,82.8396938380661
BWA,2011,22.6768520526251,3.04,28.9,28.7957228309777,1069.64525830171,45.7466518447938,5850.07858575461,41.4322152540452,98.9614677801469,39.1181150467037,64.0187810722889,59.715,3.65877049035696,84.0822411614888
BWA,2012,22.702553769979,3.47,27.8,28.5869814550138,1197.22154587787,45.677836006564,5742.91924452636,37.5753342991212,111.875280620952,35.9998617809678,64.3993247826904,60.384,3.72067298360771,85.1198176551296
BWA,2013,21.2341334801046,3.29,26.7,28.37824007905,1240.35333768798,45.6690134632012,6284.97678002618,39.106229887551,125.78303991122,24.8793287159182,64.7579735458393,61.217,3.77725195419335,86.1035328726968
BWA,2014,21.1021511668115,3.39,25.8,28.1694987030861,1333.16636170484,45.8842835212535,6547.12254115892,41.7777034040156,119.497541791464,25.2530625662887,65.0965122400825,62.167,3.83259047518219,87.0620077919626
BWA,2015,22.0461450923733,3.55,26.1,27.9607573271223,1308.13445233238,45.6330174862809,6141.20394726616,37.5439994873569,112.900891016005,28.4432892203156,65.4103584313295,63.215,3.88769431651757,87.9952713631677
BWA,2016,21.2522533064009,3.17,26.7,27.7520159511584,1245.11570542658,45.6330174862809,6490.83463593483,40.3451621913098,100.464689766026,22.0676982064961,65.6949296854899,64.32,3.94328163322923,88.9036684785342
BWA,2017,19.9663232166838,3.18,26.7,27.5432745751945,1280.40747267283,45.6330174862809,6662.57644805467,37.1010050249191,81.9239513763494,25.0058963191325,65.9456435684731,65.42,3.99969473999965,89.7870788598082
BWA,2018,19.9110410814922,3.25,25.6,27.3345331992307,1343.69847257232,45.6330174862809,6843.84612027739,34.8003276690785,87.4551039946493,25.902879643882,66.1579176461888,66.371,4.05685423393856,90.6438201661521
BWA,2019,19.2035484352255,2.92,26.2,27.1257918232668,1241.6779321074,45.63372328975,6951.73189051146,31.947105419301,83.0929813601175,30.8204405592326,66.3271694845464,67.167,4.11498067863004,91.4749479975469
BWA,2020,18.9057549925814,2.89,27.7,26.9170504473029,1119.82959014247,45.63372328975,6254.24806241091,26.690568101143,77.6634178592071,32.7272598389392,66.4488166494554,67.643,4.17464048135797,91.5461365187927
CIV,2008,43.2650342152048,5.9,74.2,13.180358490566,475.685968287363,65.7955125786164,1454.62731800082,17.4088361491375,61.9406212969499,18.1800206859596,46.3620274395029,54.179,67.6554685534591,71.8031717766337
CIV,2009,42.0688429691795,5.24,73.7,12.8253679245283,426.33967683994,65.6981257861635,1473.9183699329,18.0163071461274,66.6729037469185,14.7435495856944,46.7979596502274,54.744,69.1759119496855,72.1658002425728
CIV,2010,41.595297944419,4.55,75.4,12.4703773584906,369.59298919728,65.7358081761006,1540.52927270246,15.9765793754723,67.472940081257,21.6810545298756,47.2374301523201,55.282,70.7171855345912,72.5255308385242
CIV,2011,49.5497020681304,5.45,79.1,12.1153899371069,412.202996239574,66.200179245283,1426.46463864534,16.7624007263304,64.7159030611345,16.5937189121478,47.6797551269623,55.972,72.2704402515723,72.8823142494903
CIV,2012,51.355889030092,5.39,74.9,11.7604025157233,442.184553267778,68.963858490566,1503.43433046682,17.7324551897287,70.3010893191249,20.4508171031026,48.1242507553354,56.57,73.7958427672956,73.2358134121721
CIV,2013,40.0659563695022,5.07,72.2,11.4054150943396,446.309801337907,70.8868805031447,1632.32712787006,18.9795295741683,58.3526792527234,22.9098013286147,48.5702332186208,57.057,75.2823113207547,73.5860051813631
CIV,2014,38.9323349133904,4.7,71.9,11.050427672956,438.71877312695,72.5917201257862,1742.53693001178,19.8455486242141,53.6804175610344,22.6204558252908,49.0173144557368,57.772,77.1301729559748,73.932866465233
CIV,2015,61.954609777616,3.89,64.5,10.6954402515723,383.892794978009,76.9368119496855,1814.71855088017,20.1215578301808,52.7153604615931,23.3881494701744,49.4694894689553,58.281,79.3910125786164,74.2789991723986
CIV,2016,55.6539855341019,3.81,64.0,10.3404402515723,391.655583364613,75.4266364779874,1889.27777949938,20.820713814142,47.5663138935656,23.1954091913848,49.929991034032,58.814,81.7276886792453,74.623678155198
CIV,2017,50.6654421695962,3.66,62.5,9.98544025157233,392.585250514189,77.7044808176101,1972.81431788947,19.8085626532407,48.6596050387177,20.8188163794498,50.3977309654344,59.315,84.0672075471698,74.9670485097416
CIV,2018,50.8958061004876,3.27,60.5,9.63044025157233,358.541401840133,81.3420738993711,2013.32307598499,19.1116818893978,46.040028237159,22.2527904990641,50.8718477756395,59.795,86.3653238993711,75.3089683562102
CIV,2019,44.3324266688486,3.2,61.1,9.27547169811321,364.149863069511,81.5248,2093.09994335779,21.6420400540965,44.6604105830795,21.9899384954404,51.3514799771241,60.274,88.6572610062893,75.6490184756229
CIV,2020,49.4977827339493,3.3,61.8,8.92047169811321,375.317183892023,82.6258229559748,2055.08483996432,20.7022034045474,41.9426318190526,21.7428934104601,51.8357660823651,60.14,90.9290849056604,75.9870680852305
CMR,2008,39.4591797131676,4.33,80.8,44.5090689852129,345.872865150161,19.5955236825961,1295.02211276052,27.6000470998579,56.9244171562734,19.7540543269388,50.0858325268669,56.116,39.2927080027924,62.0739139861275
CMR,2009,39.2672384154914,4.56,79.2,44.3616191745468,363.548840943917,19.7012967781515,1290.89961351149,26.5112531811637,42.1761073594765,18.5596853746796,50.4714131335678,56.486,40.4348839669142,62.7730584341751
CMR,2010,39.0423790568413,4.47,78.7,44.2141693638806,356.141255871575,20.5199805377504,1290.9013745759,25.8445117305141,47.2385853965951,18.2284440377378,50.8505075371362,56.965,41.607044488164,63.4545114882578
CMR,2011,38.5923305752451,4.53,78.6,44.0957034968585,363.1696926603,20.6257536333058,1297.3064962694,25.7767597299444,51.521987603918,18.732400822037,51.2229843034125,57.482,42.8006684859639,64.1180510058743
CMR,2012,41.8537414482327,4.53,78.6,43.9772376298365,368.67461829541,20.6257536333058,1319.66961634054,26.624872181086,50.0360127271229,18.0007381699582,51.5887119982861,58.17,44.0217659876034,64.7638368158669
CMR,2013,37.1006966036381,4.51,77.7,43.8587717628144,375.371615915553,20.6257536333058,1347.2130636706,26.7419459294765,49.6745363462134,18.6515459692181,51.9475591877024,58.73,45.2759112352182,65.3916897275554
CMR,2014,37.009069026736,4.63,76.9,43.7403058957923,395.092656580176,20.6257536333058,1381.81938454907,25.7078027839026,50.8323893087648,19.7278343398902,52.2993944376709,59.13,46.6668634046244,66.0018143956848
CMR,2015,51.9499452409616,4.61,78.1,43.6218400287703,402.983607731397,20.6257536333058,1415.00009710569,25.0914880063978,45.5401468279393,18.2498554883353,52.6440863142742,59.687,48.1551352837892,66.594406364624
CMR,2016,44.7692534342126,4.52,78.8,43.5033741617482,400.082970120892,20.6257536333058,1435.61830727839,24.1821445706245,40.6386315268268,19.8180548448427,52.9815033836792,60.293,49.6163842525015,67.1696687119462
CMR,2017,43.2149077099804,4.41,79.2,43.3849082947262,392.776292653391,20.6701480823338,1444.90682916573,24.2621952863109,39.1990216052629,19.4451374024879,53.3115142121504,60.817,51.0431363838294,67.7271653530667
CMR,2018,40.8875596706757,4.35,78.7,43.2664424277041,392.392157002433,20.7145425313617,1461.01969999317,24.6822312095632,40.587602877028,19.5380296351056,53.6339873660653,61.189,52.4769583888642,68.2677705308144
CMR,2019,40.7355761870464,4.27,78.9,43.147976560682,387.419411707774,20.7589369803897,1470.31785276187,23.826878053897,43.3785132480415,18.9346454960496,53.9487914119331,61.695,53.9571724736096,68.7910816912942
CMR,2020,39.8126251004519,4.36,78.9,43.02951069366,386.883842275205,20.8033316409638,1434.51913723409,23.0380654380784,33.7388313623871,17.6605439792144,54.2557949164174,61.674,55.4474371178947,69.29764588045
COD,2008,26.2893989003023,14.34,97.0,61.0992258662138,288.80618607177,11.3363181226704,393.331182464822,32.9518891770136,72.9527093196566,19.1942664559253,38.5997245210844,55.388,28.4028424604662,37.0934309203905
COD,2009,26.1056837144972,14.69,97.0,60.8023643060365,288.416335052288,11.8599060453012,383.515898271062,35.9314571550511,63.0860045505312,18.3539612035209,38.9962670496049,55.798,29.2944769634547,37.0040705646358
COD,2010,26.029435218018,14.13,96.8,60.5055027458592,289.77384157959,12.5400851326614,400.619567973092,29.1029769216412,80.9975153909582,24.0289275977627,39.391363708294,56.411,30.2432844445425,36.9070813122382
COD,2011,26.6005338893647,13.93,96.2,60.0196837299574,297.445424445388,13.0724950927417,417.130434045991,38.636424619178,83.4133637998303,25.2869778606739,39.7849692825859,56.911,31.2517637458371,36.8033581567191
COD,2012,26.7077484248202,15.84,95.5,59.5338647140557,355.439956409565,13.6238724333385,438.406058243633,39.1726260796598,66.7056747465748,26.1121884425366,40.1770385579151,57.35,32.3127491674202,36.691850585446
COD,2013,26.1166767334607,15.19,93.9,59.048045698154,357.441615003334,13.8638318519662,464.526715460494,39.9816041724909,72.5557545139014,28.101667729394,40.5675263197158,57.795,33.430844048433,36.5724802578576
COD,2014,26.9058681895875,14.85,92.9,58.5622266822523,359.366872219799,14.2250942855252,481.830241883776,41.6198309477347,74.1131729382021,31.9941439501849,40.9563873534225,58.236,34.5838168545025,36.4456556153398
COD,2015,28.461870876218,14.11,95.8,58.0764076663505,358.542081264932,14.3137557618932,495.826633014883,40.537636098592,57.7539236163245,28.2489760430453,41.3435764444694,58.658,35.7449244613043,36.3108122967194
COD,2016,26.7550295099953,14.39,97.0,57.5905868860413,355.065446444122,14.4116803775832,480.461377880475,38.655052456977,68.0083342860132,25.730139110082,41.7290483782911,59.081,37.0333318629938,36.1678765737664
COD,2017,26.8446579950641,13.91,96.7,57.1047705167508,342.47376862199,14.6841490042125,482.854682128541,39.2934247373311,65.9184525277578,27.5611277266771,42.1127579403217,59.495,38.4126499194989,36.016305001478
COD,2018,26.7227743114458,13.48,96.4,56.6189541474604,339.760214710945,14.8275512229549,495.312105711027,38.2165467089592,72.5591739081336,28.6743449237541,42.4946599159958,59.926,39.7201843805827,35.8564891827066
COD,2019,26.3379328931586,13.11,96.3,56.1333009858627,334.541728823177,14.9255199488322,482.524295129472,34.4712510908167,60.9143523742792,22.3026244777218,42.8747090907476,60.242,40.9992907081891,35.6878940308452
COD,2020,26.6494833206385,13.1,96.2,55.6472067223925,372.066377241717,14.9434286848548,470.852950000929,35.1616850161085,61.0284707727916,21.848825739462,43.2528602500115,60.428,42.3413678569066,35.5104494105668
COG,2008,27.474558875272,3.09,56.8,64.7115666178624,327.786840368286,30.8930483162518,2061.55829880574,63.9419789342891,133.108486659608,42.0714121709361,62.0354815675203,60.79,12.0454377745242,64.3791200953514
COG,2009,27.1705527263541,3.16,55.9,64.6764275256223,359.405355169563,30.9318155197657,2211.31572382028,55.6979481298564,135.552365681975,54.295110833528,62.2172294650265,61.215,12.5365124450952,65.3159834381157
COG,2010,27.0414660021696,3.13,54.5,64.6412884333821,375.619909098947,30.9675080527086,2332.28508055953,66.1791697837805,124.064754399607,47.1901706659231,62.3922871058739,61.731,13.0667349926794,66.2515975807208
COG,2011,27.8579991372168,4.08,64.3,64.606149341142,484.212624823738,31.0296193265007,2307.49384399715,65.8738951997526,124.591742710141,36.8419012310002,62.5597508130231,62.286,13.4984597364568,67.1844431261946
COG,2012,28.5447582283734,4.25,65.1,64.5710102489019,539.866446808636,31.045411420205,2467.06102906839,65.3102191154701,97.444435145443,43.8168282700271,62.7187169094345,62.662,13.8812591508053,68.1146295030684
COG,2013,28.1202914351675,4.51,62.3,64.5358711566618,553.991199731793,31.1297335285505,2390.65754938662,61.989308125115,93.0028633915235,47.0644823800022,62.8682817180686,62.969,14.2228374816984,69.0417229915666
COG,2014,27.8059959217622,4.18,62.1,64.5007320644217,535.524998656392,31.1315256222548,2488.68118548992,58.0014155398265,104.197620103417,52.8446172450901,63.0075415618859,63.349,14.5706588579795,69.9648050667042
COG,2015,30.5591063026375,4.58,64.2,64.4655929721816,552.356622008088,31.1081434846266,2439.35189403696,48.6789561936062,117.320721558581,76.7823246780685,63.135592763847,63.662,14.9270307467057,70.8834804766701
COG,2016,28.2160787153425,5.02,67.7,64.4304538799414,561.321718306384,31.1140761346999,2174.19310251224,38.4474514101503,122.259818284021,71.266855758205,63.2515316469123,63.911,15.2929311859444,71.7973477617
COG,2017,28.5831067984323,5.32,69.8,64.3953147877013,548.018753920295,31.1174758418741,2003.27121075187,45.9671895089887,94.6170952583422,45.8944862253605,63.3544545340423,64.203,15.6691390922401,72.7060273572944
COG,2018,27.9644662335483,5.62,70.6,64.3513909224012,552.165155128985,31.1317628111274,1909.9560382117,54.391991835456,100.583216779714,29.5270088622039,63.4434577481975,64.472,16.0559824304539,72.9020532045187
COG,2019,28.7484172141318,6.01,69.8,64.307467057101,582.586127914209,31.20878477306,1885.51080877731,50.1286715725578,91.5757547930374,25.9000965433665,63.5176376123385,63.152,16.4470307467057,73.0980812765278
COG,2020,28.5737499496554,6.61,71.4,64.2635431918009,586.736109679603,31.1645680819912,1725.51040049963,33.9517597969829,69.3066247188397,23.7315670324983,63.5760904494257,64.391,16.845654465593,73.2936799973637
DMA,2008,18.4414086180074,2.94,8.0,63.8266666666667,,29.3333333333333,8682.57378179773,14.5994243871575,,,67.232264436023,71.945,91.8053333333333,95.2288638936291
DMA,2009,18.4710478019561,3.28,7.5,63.8266666666667,,30.6666666666667,8582.71481435718,13.1643405618567,,,67.6071900939817,71.835,91.8186666666667,95.3458592055333
DMA,2010,18.4338503842066,3.02,10.3,63.8266666666667,,33.3333333333333,8574.27308682238,13.542839229991,,,67.9983269911984,71.68,91.812,95.4619169199444
DMA,2011,18.0656281510706,2.79,13.8,63.8266666666667,,33.3333333333333,8553.8384670104,14.7847029833916,,,68.3978165602727,71.517,92.0706666666667,95.5770987585217
DMA,2012,18.6039506649296,3.01,11.3,63.8266666666667,,33.3333333333333,8532.34388117289,15.0217799795012,,,68.754609337094,71.391,92.1573333333333,95.6914288767891
DMA,2013,19.0541863206737,2.92,11.4,63.8266666666667,,33.3333333333333,8459.6586988024,13.4469362528695,,,69.119704197722,71.228,92.9533333333333,95.8049070233585
DMA,2014,19.2837003253437,2.93,9.9,63.8266666666667,,33.3333333333333,8576.26367623609,13.5409587791002,,,69.4907847110252,71.189,93.8306666666667,95.9175225784431
DMA,2015,21.0213905070044,3.14,8.7,63.8266666666667,,33.3333333333333,8282.59874702141,11.9415971243125,,,69.8679153463528,69.968,93.88,96.0292697173861
DMA,2016,21.0269310891431,3.03,10.7,63.8266666666667,,33.3333333333333,8499.52291903149,12.5108806035108,,,70.2511605730541,71.189,92.808,96.1401644767525
DMA,2017,20.1703226562748,2.91,9.7,63.8266666666667,,33.3333333333333,7985.6341102129,11.6477982459601,,,70.6405848604787,68.62,91.328,96.2501691726005
DMA,2018,20.3127256712935,2.96,7.9,63.8266666666667,,33.3333333333333,8261.16492553236,16.4273165670357,,,71.0362526779762,71.378,90.8986666666667,96.3592925117814
DMA,2019,20.0434244381572,2.92,7.6,63.8266666666667,,33.3333333333333,8624.51695993537,16.4478298361598,,,71.4382284948964,71.305,90.5066666666667,96.4675351456684
DMA,2020,20.6672998234563,3.19,8.6,63.8266666666667,,33.3333333333333,7302.94454951254,12.143682386304,,,71.846576780589,71.269,90.0973333333333,96.574889313875
DZA,2008,25.4799096142764,4.24,0.3,0.776827025619925,1070.72807038599,17.344042590711,4367.56538017541,51.6161712058703,71.0284922505261,35.5369334164485,65.901485871159,73.618,14.6182878903659,90.3361987493803
DZA,2009,24.9720395477565,4.56,0.3,0.791060317247055,1147.30600554253,17.3738527295171,4336.10054052949,42.0128802106709,64.2847547238993,46.0669131037696,66.5097384559521,73.871,14.901057630136,90.4918619672067
DZA,2010,24.3952993862667,4.49,0.3,0.805293608874184,1151.13889665565,17.3713335628574,4456.6102741643,45.2431946364671,63.4912159928425,43.2868274827225,67.1235057867459,74.144,15.1940329339055,90.6443416237761
DZA,2011,23.5721077905837,4.54,0.2,0.808484553309765,1174.26806450034,17.3772116183966,4501.3543013352,44.9869856015855,62.2200899610479,39.7538222142123,67.7344007507578,74.383,15.4942924080714,90.7933523397582
DZA,2012,24.3968164333132,4.81,0.2,0.811675497745346,1258.83718458975,17.381490003107,4518.43978956464,43.1950549091774,60.7576393340605,40.2823786992933,68.3421258553675,74.609,15.8061610419273,90.9547062510195
DZA,2013,22.3802640164928,4.84,0.1,0.814866442180927,1273.72242693806,17.3955322579291,4543.23444006767,39.7438543670176,59.151008157244,44.5820108403061,68.9463836079277,74.809,16.1286164736705,91.1128578356774
DZA,2014,24.111122951181,5.09,0.1,0.818057386616507,1358.04787814425,17.3952656461243,4634.10149179952,38.5614138325673,56.9235419669867,46.8984793363791,69.5468765157615,74.992,16.4606678310815,91.268060653484
DZA,2015,25.6188658260447,5.14,0.1,0.821247986241997,1414.49702064392,17.4059228102468,4685.05902729002,32.7565009315894,53.2046225904145,51.779612559441,70.1433070861612,75.159,16.8026368106356,91.4201507009501
DZA,2016,25.5531525527547,4.94,0.1,0.821247986241997,1371.20207705232,17.3655321884285,4768.73140081027,32.205164049828,49.7609327925216,51.6415142855742,70.7353778263851,75.31,17.1516218598076,91.56940001457
DZA,2017,24.7521457818965,5.01,0.1,0.815789794104397,1380.3468180174,17.3550108093197,4742.90075532529,33.4766949498416,49.8208161712587,48.2675922575805,71.3227912436551,75.431,17.5037080018356,91.715636706346
DZA,2018,24.9335900639775,5.27,0.2,0.810331601966797,1442.30211193457,17.3565679895505,4717.0035885361,35.3432586054084,52.4361676779223,46.4568594962626,71.905249845153,75.555,17.846203680417,91.859120820781
DZA,2019,24.3886086444981,5.4,0.2,0.814110692183026,1463.50985736009,17.3469816184806,4672.66408678635,33.5743211841578,46.5068426081672,44.6295617875004,72.4824561380175,75.682,18.1776961381175,91.9998016191508
DZA,2020,25.5526558310447,5.4,0.1,0.818309303282474,1373.67832094406,17.3352255074022,4363.68533767783,30.0235803787213,40.3897565625388,42.9493576825015,73.0541126293395,73.257,18.4915612115512,92.1378242692677
ETH,2008,29.3093559085695,14.41,94.1,15.9002339512815,368.664919304241,30.5812240163046,364.642208155735,10.2068542889297,,0.0,16.7936706542969,57.733,75.7983969601131,30.9869711535733
ETH,2009,30.0391738887093,13.47,94.2,15.8352653925443,368.511855785931,30.9988954345277,385.632419711374,9.68348044252178,,0.0,17.1511001586914,58.715,77.9802631357432,32.5882446657978
ETH,2010,30.721062308711,12.52,94.1,15.7708287737324,368.354746710272,31.6178601080481,421.898622378633,9.43512813822331,,0.0,17.4937839508057,59.709,80.224030211657,34.1836897406234
ETH,2011,31.4291559506252,11.66,93.6,15.706088146017,371.365873516346,32.186781367053,455.909628648555,9.6646421928884,48.232935411689,32.1076664694521,17.863790512085,60.595,82.537679592612,35.7718966203647
ETH,2012,32.643963058463,11.04,93.3,15.6413077967478,371.835988806056,32.3308335299665,481.639999909808,9.47613796506918,45.3979041835072,37.0979619673542,18.2061367034912,61.443,84.8841807786957,37.3536456061453
ETH,2013,32.2039077009628,10.44,92.4,15.5767628847107,376.060890534794,32.5914011165082,518.324662208106,10.9445569914695,41.4717870807625,34.0811183155872,18.615514755249,62.161,87.224157853982,38.9189287309583
ETH,2014,29.7131511992912,9.83,91.4,15.5125439694869,380.177588735816,32.7461141549206,556.362532243867,13.4713245062584,40.7410841498626,37.9937253037378,19.0262870788574,62.927,89.598740246565,40.4770660365689
ETH,2015,31.4436090208599,9.15,91.5,15.4478434691779,380.062892430497,32.9671104083739,597.912113218663,16.2977936386153,39.6561241449515,40.6712729848122,19.451566696167,63.592,92.0367822337439,42.0272706430081
ETH,2016,30.9271256840247,8.78,90.4,15.3828977407906,383.623509864643,33.1082473792896,636.835680951429,21.9325618536317,34.8990210816111,37.3487629699646,19.8763618469238,64.162,94.5614799764478,43.569746379878
ETH,2017,30.4120665058652,8.16,90.8,15.3182908234333,382.08010457893,33.263928812192,678.98541915757,23.5819066692345,31.1036494929016,38.4439871569806,20.3084850311279,64.766,97.1744352590326,45.1032760984933
ETH,2018,30.2623392192692,7.84,90.0,15.2534899740501,384.725728343228,33.5852351498111,705.96881207336,27.3057073050799,31.1993689777881,34.1629551124182,20.7838096618652,65.257,99.8298825389562,46.6289667749081
ETH,2019,28.6876946331346,7.41,89.3,15.1886779997606,386.237241195762,33.8392563550947,744.702789753973,24.8223642571985,28.8152939288346,35.2639756254811,21.2486705780029,65.741,102.552159549746,48.1464763368745
ETH,2020,27.3053276470482,7.03,90.7,15.1239877246579,380.656754967252,34.0927476985506,768.705424485209,23.102295222549,24.0061143401794,30.5789686594943,21.6260051727295,65.969,105.370090895445,49.6550451612317
FJI,2008,12.5346619260234,2.09,42.1,58.0123700054735,,17.8106185002737,4240.77265686858,16.0860936934707,,,51.0979752573339,66.32,49.4471264367816,95.0125415500904
FJI,2009,12.4634749225413,1.87,41.6,58.3778325123153,,17.504105090312,4164.29314800857,16.677811857564,,,51.5628013169579,66.347,49.6573070607553,95.0445350823456
FJI,2010,12.4149926761009,2.19,28.0,58.7432950191571,,17.4657909140668,4272.359150902,16.972580397166,,,52.0415147785104,66.778,49.8313628899836,95.076983731919
FJI,2011,12.4871607646576,2.1,33.4,59.1087027914614,,17.4274767378216,4375.5808542034,17.4133402875203,,,52.5335449475105,66.88,49.972030651341,95.1097406179506
FJI,2012,12.692818373804,2.02,33.3,59.4741105637657,,17.3891625615764,4427.97844455038,16.7229680523622,,,53.0383211294771,65.812,50.0776135741653,95.1429478152795
FJI,2013,12.6556857350952,2.19,32.8,59.8395183360701,,17.3508483853311,4630.35126544718,16.3372143531674,,,53.5552726299291,66.545,50.1561029009305,95.1763187725966
FJI,2014,12.1427162201265,2.33,33.2,60.2049261083744,,17.3125342090859,4883.24300436251,15.0127657452154,,,54.0838287543856,66.581,50.2235905856596,95.2100729129394
FJI,2015,11.9373871022014,2.3,32.7,60.5703338806787,,17.2742200328407,5097.53106864695,15.1712702717256,,,54.6234188083653,66.48,50.2779419813903,95.2442012588905
FJI,2016,12.3284242671983,2.01,27.7,60.935960591133,,17.2359058565955,5218.85823412748,16.2026860305427,,,55.1734720973874,66.657,50.3101258894362,95.278634976057
FJI,2017,12.3080401904933,2.15,28.6,61.3015873015873,,17.1975916803503,5500.67840152349,15.6940487656539,,,55.7408343449609,67.06,50.2878489326765,95.3133024356782
FJI,2018,12.7353038744821,2.12,25.8,61.6672140120416,,17.1592775041051,5720.21447177109,15.5373182374238,,,56.2328347385698,66.965,50.2014230979748,95.3482691825769
FJI,2019,12.9123773053208,2.15,26.5,62.0328407224959,,17.1209633278599,5701.10435269432,17.0371781659464,,,56.70989552257,67.009,50.0765736179529,95.3833163293103
FJI,2020,12.4187981716598,2.04,31.8,62.3984674329502,,17.0552818828681,4721.1228189763,18.7117601509417,,,57.186684691874,66.924,50.0800766283525,95.4183568880338
GAB,2008,26.6617307807183,7.69,87.3,91.8210424185974,2578.18479820338,8.17895758140257,6468.38523357609,61.7420000109434,88.9988725945748,25.0898974271767,85.2437672472316,64.011,6.23733845616486,83.7295160274396
GAB,2009,26.5819485638929,8.61,87.9,91.8014087786704,2728.50138573496,8.19859122132961,6264.83611480154,50.4467532257807,83.5045774235636,27.981113361031,85.7432582123932,64.361,6.44838747234835,84.1307212542328
GAB,2010,26.5510702440269,9.09,85.8,91.7817751387434,2957.4674143756,8.21822486125665,6481.49612073562,55.1924628115731,89.1576627248353,29.7011138055349,86.1852592472945,64.715,6.67473512632437,84.5207296199844
GAB,2011,27.1676800151218,6.83,79.7,91.7356618931191,2295.78142116486,8.26433810688089,6699.23394606512,60.8812104614947,90.4983773331323,26.6423895609865,86.5665383650315,65.102,6.91576434974968,84.899267815442
GAB,2012,26.8259890575401,5.73,75.5,91.6895486474949,1955.40804605842,8.31045135250514,6803.22668079211,58.8246016166913,92.3428089420545,26.9661499641622,86.8838635787001,65.438,7.16765242364264,85.2673947991113
GAB,2013,27.7803827536179,7.98,82.2,91.6434354018706,2771.53824040148,8.35656459812939,6938.25753862236,56.6086168756874,90.6350361478645,29.1805950279998,87.1482480671637,65.751,7.42445375868359,85.6239250935099
GAB,2014,26.2746903969533,7.43,81.3,91.5973221562464,2602.65376634085,8.35656459812939,6998.60545439576,52.7222416503812,73.5203290162438,35.1390486032907,87.6236017962969,66.07,7.67803391935421,85.9658863110068
GAB,2015,30.7390246342706,7.22,81.9,91.5512089106221,2550.96047927478,8.35656459812939,7047.12654634355,48.1836272968661,73.9497814588281,29.2309562924902,88.085308383892,66.336,7.92094151434005,86.2930339752905
GAB,2016,29.7679660664056,7.08,81.5,91.5051034268638,2489.24179859903,8.35656459812939,6991.3251446736,45.0378509048684,70.1333810645308,26.9822610431075,88.5445883406178,66.583,8.15114681569449,86.606465035897
GAB,2017,27.1691084203468,6.62,90.2,91.4589979431055,2263.59335681829,8.35656459812939,6840.05959347802,45.4673089938161,75.0687404456638,21.2986084367913,89.0009733256896,66.816,8.37078433655451,86.9072462361888
GAB,2018,27.0383051447292,6.82,90.3,91.4128924593472,2294.91220106774,8.35656459812939,6724.5961429108,47.1270856238547,77.0365976973024,19.2582324284114,89.4539949981866,67.043,8.58585788023441,87.1959828592503
GAB,2019,27.5241895785238,6.35,90.2,91.3667869755889,2205.67182377894,8.35656459812939,6817.56879468764,47.6788640928906,73.4280894486644,21.8987965722319,89.9031850170394,67.337,8.80081499592502,87.472846570073
GAB,2020,29.9548734558765,6.52,91.3,91.3206814918306,2140.11585242125,8.35656459812939,6534.27966528997,41.6943815013115,70.1140546466012,19.8634691076218,90.3480750410147,67.073,9.01361819381379,87.7393004139279
GHA,2008,48.0313214086965,3.32,57.3,35.70390261053,275.17472403187,52.75890261053,1282.63416886747,19.3995645523361,69.5142256111434,16.4919639408033,49.4708679942306,60.578,106.574430869298,73.4152138090769
GHA,2009,47.8232292154989,3.22,51.9,35.3058714951217,274.01988137685,54.1024233101872,1311.63053760125,18.5140921293401,71.5947385281523,16.4317931081367,50.1111250897099,60.928,109.267223345346,74.4422077321147
GHA,2010,47.7510099685389,3.3,51.9,34.9078403797135,296.099589771501,54.4978377428144,1381.2279503506,18.0149428066597,75.3778157916824,13.1001937072805,50.7296926788704,61.297,111.958315021535,75.471267939183
GHA,2011,52.8014316063294,3.04,50.1,34.8529137734025,303.487492260089,54.0909101696405,1537.81834019283,23.8636600934779,86.2954538549695,12.8099929663177,51.3304086646488,61.617,114.683519381208,76.5016404793149
GHA,2012,56.9570423348518,3.12,46.5,34.7979871670915,329.325111415578,54.277658433682,1640.54072088003,27.1365335859295,93.1680351286831,16.967722122965,51.9197918381031,61.995,117.492607893118,77.5330954898138
GHA,2013,44.7306236715724,2.93,46.2,34.7430605607805,323.671149524462,54.7731216489409,1718.59704769958,34.0898222065997,60.7593219028775,24.7715380530843,52.4985794475913,62.397,120.357708534763,78.565152693679
GHA,2014,43.9627293584075,2.89,47.7,34.6881339544695,321.354700935333,54.3845249186956,1726.36930134647,33.8982030516643,63.8365624430783,27.1650663374465,53.0663398797148,62.832,123.238076821658,79.5978353673804
GHA,2015,68.0112284884927,2.95,44.0,34.6332073481586,329.310413380585,54.564096422607,1722.77282833606,31.1193795046839,76.5212709243242,27.7096411705743,53.6226415210752,63.175,126.114388678914,80.631160872114
GHA,2016,62.8889642906448,2.87,45.2,34.8169113122967,327.900376302991,54.3110758547948,1740.81101902928,27.6932546491989,67.8769994445865,25.4556554537134,54.167052758274,63.522,129.017939702909,81.6651456164371
GHA,2017,60.3590341738153,2.63,45.3,35.0006152764349,321.689981223707,53.1069873428848,1841.44636153249,29.9522176933621,70.5483652904116,19.5655199555214,54.6991419779128,63.829,131.88166476224,82.6995725023601
GHA,2018,56.0041825783104,2.8,42.1,35.0323459611497,350.473174277428,53.694038850312,1915.4532323781,31.1777436281076,67.9585174644902,21.7093349999065,55.218477566593,64.138,134.647029093786,83.7344677926836
GHA,2019,49.6566317016668,2.78,42.6,35.0651553840542,354.248843433875,54.8490737607292,1999.55372220211,31.1077243700312,76.824802732152,18.6472756161472,55.7246279109161,64.455,137.382028101418,84.7696150287459
GHA,2020,54.2427873097724,2.97,40.0,35.0973937502747,367.161102921615,55.393750274689,1970.19411460398,29.8767542337189,66.5754987162431,18.2236669857819,56.2171613974837,64.309,140.147712389575,85.8052795210658
GIN,2008,43.8620540383665,7.47,80.2,27.0266970535569,,58.9289268272831,684.775780377366,32.9328375718068,64.1842433909581,26.2176976521342,33.2571261188022,55.703,40.2851619729774,55.7112370863101
GIN,2009,43.8636675395894,7.7,79.2,26.8801888328178,,58.4625895328016,660.756701330284,32.2887263194246,69.8153454158123,21.3066122469499,33.5352385165154,56.052,41.2808643985024,56.4483990709895
GIN,2010,43.9202562200658,7.71,75.7,26.7336806120788,,61.2889772912258,675.736917327708,32.3138372958105,73.5465739340387,20.3254011637907,33.8075426880206,56.431,42.3086684030604,57.184097462228
GIN,2011,45.7355495093342,7.39,74.8,26.5871723913397,,61.4914850236041,696.199991395571,32.6144005582332,85.9546732708386,24.0533327443322,34.0732054685603,56.778,43.3697297737262,58.360314361898
GIN,2012,47.8451474722102,6.93,76.4,26.4406641706007,,63.3314846166368,719.505916794546,31.5767582978151,86.6743318322581,26.0215285191708,34.3313936933767,57.117,44.4472611102067,59.5458989237514
GIN,2013,37.4448110683296,6.49,78.5,26.2941559498616,,63.6899243040859,729.833143236326,29.6407139185782,80.4264477180461,23.4939613943409,34.5812741977122,57.459,45.5472611102067,60.7407932771769
GIN,2014,39.8496366263944,6.35,78.6,26.1476477291226,,65.2257594009442,738.272274481308,29.6941648521559,76.7719658952305,22.8165774180333,34.8177920826682,57.581,46.6910467198437,61.9449533966477
GIN,2015,54.2776680884158,6.37,76.2,26.0011395083835,,66.0886985186391,747.356966759448,26.3246416118291,72.4427307469345,24.16336683296,35.0373191833496,57.899,47.8881246947745,63.1625705426145
GIN,2016,49.6336310986966,5.91,75.3,25.8383525964512,,66.5092104834771,807.236421043888,30.1038432883843,111.839467415368,52.6698445118375,35.3100280761719,58.49,49.1332817841446,64.3935453016882
GIN,2017,49.7395461030353,5.66,72.0,25.675565684519,,67.2847460524174,867.907502577607,31.653986926333,101.251633768429,22.270417145837,35.5827331542969,58.715,50.4055795214065,65.6377593870016
GIN,2018,48.4123967434209,5.29,73.2,25.5127787725867,,67.9785214878724,899.907328045175,33.3410014345781,88.984111543709,19.5473148183264,35.8554382324219,59.043,51.7042731564382,66.8950995450723
GIN,2019,42.8781068854259,5.37,68.3,25.3499918606544,,67.9118492593196,926.42221954853,29.390798702636,78.4153132285974,19.7285576989784,36.1281547546387,59.379,53.0455233599219,68.1651301407792
GIN,2020,43.7674450148382,5.39,65.8,25.1872049487221,,69.0970645450106,945.570903389665,28.5122742669412,115.765259518929,31.5164009990609,36.4802208060551,59.35,54.4163397362852,69.4483664321703
GRD,2008,21.8694393250835,2.51,10.8,52.0588235294118,,26.4705882352941,8307.49221491819,17.5549887040486,,,35.8983157156326,74.374,326.164705882353,95.1661575658695
GRD,2009,21.960422224752,2.7,10.5,52.0588235294118,,29.4117647058824,7733.12990600058,14.7258701794622,,,35.8877990260417,74.567,327.217647058824,95.398472535438
GRD,2010,21.9876650906501,2.78,10.8,52.0588235294118,,29.4117647058824,7670.71165827663,14.709329695351,,,35.8743359481443,74.731,328.194117647059,95.6307875050065
GRD,2011,21.6067771005585,2.69,11.4,52.0588235294118,,29.4117647058824,7695.37616017287,13.3430366681412,,,35.8601091092326,74.861,329.644117647059,95.8631024745749
GRD,2012,22.0541028098674,2.89,11.5,52.0588235294118,,23.5294117647059,7559.5628483956,12.3180285968292,,,35.8652755773132,74.961,331.691176470588,95.9713888869245
GRD,2013,22.8659000098273,3.13,10.8,52.0588235294118,,23.5294117647059,7688.75297701343,13.3978295173335,,,35.8792242623778,75.022,333.785294117647,95.6286504435547
GRD,2014,23.3249292849377,2.43,11.0,52.0588235294118,,23.5294117647059,8206.62862112333,12.8104378636674,,,35.9014624346562,75.045,335.682352941176,95.6286504435547
GRD,2015,25.177742151728,2.44,10.5,52.0588235294118,,23.5294117647059,8694.12438005692,12.3242889833279,,,35.9319491111708,75.037,337.282352941176,95.6286504435547
GRD,2016,25.0768814910495,2.46,10.4,52.0588235294118,,23.5294117647059,8983.68397337899,12.1551895563471,,,35.9706014181883,75.01,338.617647058824,95.6286504435547
GRD,2017,24.3014719560486,2.5,10.2,52.0588235294118,,23.5294117647059,9357.40728883583,12.715876749963,,,36.0173296416579,74.977,339.523529411765,95.6286504435547
GRD,2018,24.0969881609342,2.53,10.7,52.0588235294118,,23.5294117647059,9744.16919577204,13.4331770166911,,,36.0720421424532,74.957,340.267647058824,
GRD,2019,24.2647371353562,2.71,10.4,52.0588235294118,,23.5294117647059,9785.56040240592,13.6417603413492,,,36.1346465679904,74.971,341.120588235294,
GRD,2020,24.6572416056476,2.71,10.3,52.0588235294118,,23.5294117647059,8413.28335500372,13.0941605347134,,,36.2050502515788,75.019,342.179411764706,
HND,2008,24.7098957241816,4.91,50.0,59.129770310126,585.573728824361,28.4565197962284,2175.14709403064,25.9497768626944,135.748955193053,36.0659698365463,50.0312316063593,69.657,71.6112878720172,89.4848766199091
HND,2009,23.9175973814691,4.97,50.5,58.9485208687103,565.847197127184,28.5816426847797,2076.30859895638,26.0219596984677,96.9050060188904,20.599443751492,50.6740175729851,69.823,73.1959871302172,89.922767090749
HND,2010,23.6046775290367,4.86,53.6,58.7672714272947,561.818507536758,29.207257127536,2108.47314459603,25.5871307044098,109.441838241682,21.8798406875029,51.3273733161098,69.77,74.7687729019573,90.3547424812176
HND,2011,27.5473866010646,5.17,50.9,58.5677182947538,607.415805872968,29.591563142372,2144.56265540491,25.8142160143128,122.216902597337,25.9999916424846,51.9908892304951,70.116,76.3301724908392,90.7803603583435
HND,2012,24.209066840265,5.1,49.3,58.3681651622129,611.212692944522,30.0116185539369,2188.39378817891,26.1135718011836,121.188215808285,24.5642087901292,52.6641557109031,70.46,77.8896773616945,91.2001031419735
HND,2013,26.2100830737093,4.99,51.1,58.168612029672,613.620494738777,30.1188667441237,2205.40126728067,25.4093197152808,116.306049247436,21.7603523031056,53.356379133253,70.765,79.4465814639378,91.6134052389382
HND,2014,24.197048630279,4.94,52.2,57.9690588971311,604.093043217727,30.1635534900349,2229.24772232218,24.510778796214,112.97509728471,22.1838322277385,53.8768089124249,71.032,81.0002859951738,92.0207347407906
HND,2015,24.6931989438968,5.18,50.8,57.7695057645902,659.394073401803,30.1635534900349,2271.20265980349,25.6499709386427,107.26440535424,25.1179830288624,54.3828473751434,71.323,82.5570202877826,92.421451159935
HND,2016,22.8829846790784,5.01,52.7,57.5837876485834,616.39140542774,30.6014835999643,2315.72983058198,25.8278974975697,99.8157169505924,23.3771285357634,54.8868414578857,71.615,84.121726695862,92.8158871236421
HND,2017,22.0571250886782,4.1,45.6,57.3966395567075,537.592382183152,31.1734739476271,2383.37398439714,26.5389223099615,101.813111079622,24.8207131723601,55.3877322339915,71.805,85.6925283760837,93.203968706641
HND,2018,20.5175969852982,4.21,48.9,57.2094020913397,565.077916293092,31.361158280454,2430.13503657762,26.5924587973715,103.551162215452,26.572086282814,55.8852577716247,72.001,87.2750916078291,93.5856465079255
HND,2019,18.1436603524166,4.35,46.2,57.0221646259719,583.591911432311,31.361158280454,2447.61649282181,26.7243168964313,99.4599779937589,22.9676941165281,56.3791561389766,72.124,88.8697202609706,93.9610018338129
HND,2020,20.3136833896573,4.41,50.2,56.8349271606042,544.573855679284,31.6203414067388,2189.43168668222,25.357857215276,88.0008563836292,19.666372727561,56.8691654042685,70.864,90.4427562784878,94.3301083793908
IRN,2008,36.3667271071338,8.05,0.7,6.39671652054324,2710.16359978519,28.6629092070041,5035.94008533618,47.6687887779159,48.2294027741438,41.7574530941627,69.3790072996746,73.683,46.3630025295317,95.7014734925872
IRN,2009,37.3199195486544,7.95,0.8,6.480603649402,2671.57890823769,28.6636459638007,5023.89314362941,43.0965172977284,43.6995802243585,40.8981709173692,69.99007683587,74.041,46.9423518504875,95.8635415645059
IRN,2010,38.3119722581928,7.52,0.9,6.56449077826076,2639.09104238657,28.5735160490189,5249.06133369759,44.2093794197457,43.7706437371399,40.262449246465,70.6092626774386,74.39,47.5336096171321,96.0218281862273
IRN,2011,39.6124799715142,7.47,0.9,6.56449077826076,2658.13529591614,28.4833861342371,5321.75870744453,46.2322885720868,41.2194147918578,36.0168035751403,71.204050944517,74.721,48.1247071391734,96.1763033647874
IRN,2012,38.0077616053954,8.1,0.9,6.56449077826076,2740.3010468402,28.3932562194553,5058.64637811835,42.0941632127045,44.0893466807452,36.3509581769324,71.7633634041294,75.039,48.7306785530097,96.3261590816988
IRN,2013,38.7525647600714,8.39,1.0,6.56449077826076,2758.13748400425,28.2141015250866,4916.97291948475,42.7788684660118,47.0867179194755,34.9452115156879,72.3030873515412,75.349,49.3717220462192,96.4718242177424
IRN,2014,36.3710361542807,8.57,0.9,6.56449077826076,2883.07105746991,28.2141015250866,5093.20319702187,39.2282280462408,45.3514201413161,36.9396571448965,72.8324070385223,75.635,50.0393213241976,96.6141058316375
IRN,2015,38.6980329606897,8.68,0.9,6.56449077826076,2736.74412885975,28.2141015250866,4952.73355532178,32.1747396532204,39.42258866118,31.9824085202657,73.3561403575949,75.907,50.7253137356025,96.7529192600073
IRN,2016,37.4838145441593,8.24,1.0,6.57064269751222,2860.59701763688,28.2141015250866,5312.61724954192,34.3222829592861,39.8772417738866,33.8794450615252,73.8796100096595,76.155,51.4576905130283,96.8883841344681
IRN,2017,35.0159582592188,8.73,1.0,6.60154083204931,3028.21640684666,28.6194144838213,5395.2398398598,36.1413931191139,43.1556931383906,35.340529085025,74.4011840820312,76.396,52.4047790446841,97.0204377787878
IRN,2018,37.6762291896797,8.65,1.0,6.61140215716487,2911.05556416118,28.9152542372881,5127.22495367018,37.1484284566829,56.6153496142829,36.2050901154488,74.8034286499023,76.621,53.0773485362096,97.1490246044491
IRN,2019,34.0157895718045,9.53,1.0,6.62126348228043,3188.80398470773,28.9602465331279,4952.45669081078,33.4149250633862,48.5917712137038,40.2029489850244,75.2038879394531,76.855,53.6527876733436,97.2741844991019
IRN,2020,32.2873733599003,9.54,0.9,6.62681047765794,3252.6054710927,28.9848998459168,5132.82430762118,37.2091421301924,43.8844674905013,47.9209340647566,75.5986404418945,74.141,54.0668369799692,97.3960598410528
IRQ,2008,46.5363498749787,4.8,1.1,1.88307382765165,962.301839872785,18.7511717767565,3781.78001712762,62.788858419665,81.0555432665835,15.1841021528875,68.8569818968574,66.465,66.2391933603128,87.9576753839558
IRQ,2009,47.9980850697625,4.99,1.2,1.89790937557561,995.7798442565,18.0645606925769,3768.17284328983,51.989792420915,78.6873788189898,11.2966377544437,68.9742328505284,67.834,69.2075105912691,88.8450464865989
IRQ,2010,48.6064935140896,5.17,1.7,1.89952109044023,1064.17152061051,18.9231442254559,3881.94327045302,55.7934951548678,73.4974796202443,15.8678653909697,69.0582953378474,68.092,71.4803969423467,89.747680341053
IRQ,2011,44.5902054159628,5.27,1.1,1.89952109044023,1125.37331940921,19.6313777859643,4030.01686860986,62.5480287876873,72.1713282233655,16.7595018107714,69.1252233869916,68.435,74.0500644685946,90.6562235048523
IRQ,2012,43.7633581476121,5.12,1.3,1.89952109044023,1190.03229059907,19.7276201878799,4387.90469058707,60.576988513607,73.6086845912812,13.4461715093466,69.2222213745117,68.827,77.4885844538589,91.5604108838011
IRQ,2013,42.9162462504814,4.92,1.5,1.90036118379833,1175.83271780348,20.4671202963181,4504.82687537354,57.69152678908,67.4100184095672,20.2677398214538,69.444450378418,69.047,81.2709362215752,92.4602847156941
IRQ,2014,37.7947333258122,4.66,1.0,1.90036118379833,1082.71904877674,21.5010319537095,4446.97343234862,55.3075963759279,68.9824868569036,18.2159749362255,69.6666641235352,69.679,84.1918950171378,93.3560179358349
IRQ,2015,44.6439888371463,4.31,0.8,1.90036118379833,998.349545341439,21.364205948476,4440.14189252367,45.340288824262,69.5917685983115,20.359651707882,69.920524597168,69.977,86.5194942505436,94.2475935647608
IRQ,2016,42.3367851899463,4.17,0.9,1.90036118379833,1076.62803028259,21.4745420705414,4932.9272911439,46.1825020614016,54.588320188677,17.8772047937279,69.9123778259643,68.683,88.6135586739395,95.1361722839903
IRQ,2017,40.02670906993,4.86,0.5,1.90036118379833,1185.88106304283,21.5116279069767,4736.32710809857,51.3296814634291,59.7809123923157,17.8524768622366,69.8944511190753,69.788,90.6123378358457,96.0213104286067
IRQ,2018,41.7558636075287,5.25,0.5,1.90036118379833,1287.12364484767,21.60422732466,4749.00921836896,54.1699427538136,65.8017917701083,17.5854705162866,69.8765148865842,71.116,92.7505804739616,96.902402599518
IRQ,2019,37.7315693030309,5.3,0.9,1.90035242899592,1319.43951211192,21.7695160435814,4898.14897652265,53.1094032824868,68.9899384202806,22.7407245883586,69.8683395385742,71.245,94.8844148066247,97.7787837240263
IRQ,2020,38.1750699787954,5.11,1.1,1.90035242899592,1143.12626352051,21.7755050330546,4213.99843766061,39.9040972152303,57.742316395146,22.3468589955872,69.8683166503906,69.651,97.0138092276507,98.3599044196543
JOR,2008,32.6229787911999,3.87,2.7,1.10494106980961,1011.34553533121,11.0210788757933,4489.95545537311,29.6449857442188,140.91292596092,36.0506744249725,80.1290966207551,73.563,79.2142565729828,98.7270120484555
JOR,2009,33.3245403464634,3.88,2.8,1.09822031989187,1044.29967184826,11.5453931065555,4615.23067817324,27.7593449666661,112.151998187109,32.5395198179394,81.1117480967305,73.707,80.4432642487047,98.7796045730845
JOR,2010,33.5950845427671,3.62,3.0,1.09822031989187,973.413219547318,11.2897048884884,4621.5742854131,26.2668286391472,114.222677694125,35.0376311945169,82.2601083887084,73.797,82.1924194638432,98.8292687560561
JOR,2011,29.6624260829934,3.5,3.0,1.09822031989187,944.486189633114,11.2930840279342,4631.67703841605,26.7946694331519,118.699679501801,31.7477038455304,83.5505043825064,73.929,84.2579860328903,98.8761377842126
JOR,2012,29.0244573141249,3.8,2.9,1.09822031989187,1034.50305837685,11.769542689795,4677.47613977192,25.8078043078824,117.855587685189,31.0322030208821,84.9592629639423,74.087,85.4598670871818,98.9204228747465
JOR,2013,32.6779191249103,3.64,3.1,1.09822031989187,966.849898090231,11.901329128182,4556.52023716712,25.6406605947577,111.451527997628,26.5997319791875,86.4627110188335,74.282,90.0181234512278,98.9622049918779
JOR,2014,30.2022455384946,3.73,3.1,1.09822031989187,930.16049745624,11.9846812345123,4282.11872849239,25.5087965588519,109.938805535022,25.8085951940917,88.0371754329978,74.606,99.0280468574003,99.0017546060361
JOR,2015,32.1142375115077,3.84,3.2,1.09822031989187,903.433667037898,11.8979499887362,4042.75678097555,25.2328062594007,95.3579122266791,24.8350329106344,89.8881391939133,75.06,107.509900878576,99.0291191427992
JOR,2016,28.3754804489745,3.87,4.7,1.09822031989187,887.616759444148,12.0067582788916,3933.14704611068,24.6693119626594,88.7207178954687,23.4044187563796,90.56272794707,75.55,112.70969813021,99.0560992908943
JOR,2017,28.3831683592571,3.99,5.3,1.09822031989187,917.041568368822,11.3426447398063,3940.70199181145,24.5139698529782,89.7316005071358,24.717360352457,90.8764609714428,76.071,115.276255913494,99.0826264544025
JOR,2018,30.8911213683016,3.8,7.2,1.09822031989187,869.212005052558,11.5093489524668,3928.77026821205,24.0778332538588,87.6359151906857,24.3624336974922,91.2008859099729,76.491,117.84530299617,99.1124406003234
JOR,2019,31.2597313487439,3.61,8.5,1.09804716534901,811.583012032737,11.6730860193256,3919.06426916073,24.1116880393062,85.6878334964204,21.4133341743379,91.515966492507,76.865,120.187073450909,99.1420002561378
JOR,2020,28.7737639174179,3.49,10.7,1.09804716534901,754.943831707803,11.5886208527603,3806.87949354914,23.5538100159112,66.0599488089059,21.4585413761158,91.8216722992319,75.583,122.364439038674,99.1712730302314
KAZ,2008,18.0929972634543,9.35,1.1,1.14721220876394,4253.35380920843,78.1017890876764,8216.52181589585,40.2502455752721,94.2948046483658,27.5064843034904,54.1287736358813,66.759,6.08457421194948,92.9935442795373
KAZ,2009,19.1301256047702,8.39,1.3,1.14444349372152,3819.51468551316,78.0765640626736,8218.39912556048,38.4314808509372,75.7660674636533,29.4145645191248,54.1167144748885,67.46,6.15618253880061,93.3518871209981
KAZ,2010,20.5118750922389,8.52,1.4,1.14167481572027,4105.7018942109,80.4392339889617,8704.70655484556,40.6024221199984,74.1382658957842,25.3735490201768,54.2054127497102,68.257,6.23654850538949,93.7090293283348
KAZ,2011,25.4893926987852,8.87,1.4,1.15843793754862,4532.00308919896,80.3750416712968,9223.3021336315,37.2660880953566,73.1178570509129,22.9981460184012,54.3996086425518,69.108,6.32144386413305,94.0651716304314
KAZ,2012,27.2031824448933,8.07,1.3,1.17520102233582,4270.24340373999,80.3837833833389,9531.91477617058,36.3028533254093,73.7237324891671,25.2296602336096,54.69208192838,69.939,6.4103811534615,94.4202016510081
KAZ,2013,25.8443738560699,8.41,1.2,1.19196410712301,4645.78037421422,80.3771159758492,9959.72586930534,33.6988156382046,65.4076093299538,24.5696053585629,55.0779764821252,70.719,6.50313071822795,94.7741258840317
KAZ,2014,23.8358367012493,6.44,1.3,1.20872722895136,3698.18319229425,80.304996851502,10226.7100539683,33.2094258316125,64.9720346513507,25.7902472414133,55.5524361787178,71.415,6.5993573360003,95.1268706638543
KAZ,2015,22.5590495991917,5.36,1.7,1.22549031373856,3050.9438545054,80.1050857502685,10196.1226255982,30.8547873936113,53.0497288072652,27.9079156027413,56.1106048930882,72.024,6.69858465755454,95.4785790078555
KAZ,2016,22.7637525232887,6.21,2.1,1.23632625847316,3389.09731833891,80.0985665073897,10151.423313302,31.9797903606788,60.3115965864153,27.8275828886455,56.7476265001667,72.549,6.80208912101345,95.7465813403663
KAZ,2017,21.0166106765309,6.08,2.0,1.24716079564396,3404.26707460291,80.088046820017,10404.2718646317,32.3252253010728,56.825387935971,26.3524825267661,57.4586448748837,72.996,6.90889024706449,95.9970182861121
KAZ,2018,20.5938700993782,6.65,1.9,1.25799207319332,3814.13873379292,80.0222617327851,10670.2120148279,33.4962004017876,63.5279565118188,25.258212709599,58.2388038921695,73.369,7.01290032225803,96.3060818845049
KAZ,2019,20.8569853852639,6.27,1.9,1.26882246175501,3753.15793323889,79.2585472459903,10989.6840718388,33.028795913527,64.8586165517565,27.6275749485747,59.0832474269546,73.658,7.11544060451161,96.6144824644743
KAZ,2020,20.0278724259165,5.83,1.8,1.27965329481053,3388.38789091494,79.3233322220988,10565.0359816235,33.0977971542858,57.0264423660931,28.8069153648376,59.9871193541692,71.195,7.21640071119013,96.9217657494766
KGZ,2008,23.9058824329157,6.0,22.0,6.36039624608968,593.947817714401,55.9290928050052,966.409971184817,20.4289120967446,146.106082230139,28.9489600349802,35.2897130588983,68.4512195121951,27.7305995828989,85.2935211424602
KGZ,2009,25.0494148008925,5.33,24.7,6.38582898852972,535.174330847579,55.3561001042753,981.220904665529,23.6357293329934,133.379153167955,27.2703554118343,35.2815523593591,69.1024390243903,28.1003284671533,85.8977915351228
KGZ,2010,26.5919253330871,5.11,25.6,6.41126173096976,503.615577108919,55.3279457768509,962.764789828724,26.2652737926744,133.232850492333,27.4015935976563,35.267768240398,69.3,28.5039572471324,86.5050830438754
KGZ,2011,33.450584373058,5.8,26.0,6.43433785192909,596.801790099001,55.3102189781022,1005.4831781815,27.4490880946162,136.179840420492,25.4729638297404,35.2466507961984,69.6024390243903,28.9185974973931,87.1151364127598
KGZ,2012,34.3817087122114,7.25,22.4,6.45741397288842,731.356416357898,55.2205422314911,985.8472865972,22.2571297250342,139.675937840309,34.961073696667,35.218916221918,70.0024390243902,29.4685922836288,87.7276670753468
KGZ,2013,33.828057010964,6.16,24.8,6.48049009384776,674.45237437711,55.0401459854015,1069.78404438716,24.843594671242,134.026785643922,33.8988355585277,35.1850529225105,70.2024390243902,30.1206986444213,88.3419389786488
KGZ,2014,30.5484635194377,6.21,26.6,6.50356621480709,691.53854362528,55.0422314911366,1088.58214229508,23.8882289228189,125.126181075833,36.7567270785188,35.1455493029297,70.4024390243902,30.7916996871741,88.9576674918841
KGZ,2015,29.7484121402712,5.82,23.5,6.52664233576642,659.12770366868,55.0375391032325,1105.65193844261,25.0780623169816,110.961570714633,34.6714692626578,35.1008937681291,70.6512195121951,31.4913242961418,89.5744309454191
KGZ,2016,29.0193222002259,5.41,22.2,6.54973931178311,624.353480068472,54.958811261731,1128.3161612818,26.5464240007793,105.823574017406,33.9391792937351,35.0515747230627,70.9512195121951,32.1967570385819,90.1919244806244
KGZ,2017,26.8562254174832,5.15,24.7,6.57280604796663,609.705598460026,54.9535974973931,1157.18275758067,27.3080934715766,100.617445813258,32.9020914624365,34.9980805726839,71.2,32.8816266944734,90.8095804433615
KGZ,2018,27.4518144818682,5.89,23.4,6.66788321167883,707.081191051891,54.0709071949948,1175.0712778747,27.4785136821163,98.8755599017608,36.0166291525462,34.9408997219466,71.4,33.5979092805005,91.4270880471421
KGZ,2019,26.7613844313409,4.97,28.3,6.76298227320125,609.881986975567,54.0583941605839,1201.87701429721,26.5803149529246,94.4302823542939,34.4462636342397,34.8805205758044,71.6,34.3598070907195,92.0438993396
KGZ,2020,24.3817252281764,5.04,30.0,6.85808133472367,562.289152674562,54.0552659019812,1093.32856461422,26.9042468476068,78.9922784304738,25.0304913984711,34.8174315392111,71.8,35.0708863399374,92.5873159897583
KNA,2008,7.74541893162615,2.54,0.0,42.3076923076923,,19.6153846153846,18325.7612670282,21.9404982450459,,,31.5615339709202,71.479,180.134615384615,98.549561803303
KNA,2009,7.74038404811904,2.7,0.0,42.3076923076923,,21.1538461538462,17671.2547069735,23.2274914615363,,,31.4311032932653,71.488,180.446153846154,98.5620202691237
KNA,2010,7.72573772222845,2.72,1.0,42.3076923076923,,21.9230769230769,17688.0690103409,22.5446364872963,,,31.3056125693165,71.452,180.176923076923,98.5744787349444
KNA,2011,7.02054664173433,2.77,0.9,42.3076923076923,,23.0769230769231,17958.6813977053,20.9395556933708,,,31.2000648379646,71.4,180.330769230769,98.5869372007651
KNA,2012,7.63914727084111,2.73,1.3,42.3076923076923,,23.0769230769231,17770.4963640576,18.6845911299958,,,31.2035138804223,71.362,180.896153846154,98.5993956665858
KNA,2013,7.48708051379513,2.59,1.4,42.3076923076923,,23.0769230769231,18773.8926898397,19.7121899986448,,,31.2131485582887,71.29,181.034615384615,98.6118541324065
KNA,2014,7.35752091509014,2.44,1.6,42.3076923076923,,23.0769230769231,20187.8061975481,21.3786128291905,,,31.2290015317909,71.228,181.111538461538,98.6118541324065
KNA,2015,8.17910001090095,2.49,1.6,42.3076923076923,,23.0769230769231,20328.8003530109,22.7382472431805,,,31.2513929695583,71.211,181.103846153846,98.6118541324065
KNA,2016,8.69104650276459,2.46,1.7,42.3076923076923,,23.0769230769231,21133.6575914414,24.5143300679441,,,31.2806171906169,71.227,181.057692307692,98.6118541324065
KNA,2017,8.59231426212322,2.48,1.3,42.3076923076923,,23.0769230769231,21191.6047083703,26.2859866005102,,,31.3169642505921,71.284,180.961538461538,98.6118541324065
KNA,2018,8.01759737550583,2.46,1.3,42.3076923076923,,23.0769230769231,21635.4972146482,24.5506901344489,,,31.3607229995076,71.336,180.8,
KNA,2019,7.87159855837596,2.4,1.3,42.3076923076923,,23.0769230769231,22297.7644995701,25.3018009434309,,,31.4121818392285,71.54,180.584615384615,
KNA,2020,8.5943079884613,2.64,1.6,42.3076923076923,,23.0769230769231,18918.8263456611,23.1359387242886,,,31.4716289738952,71.181,180.269230769231,
LBR,2008,36.681885432367,13.34,91.8,82.8546511627907,,16.6862728405316,591.185378141907,7.0949594438007,,,47.1080497871025,58.675,39.6698816445183,67.6948813001936
LBR,2009,34.5471480512907,13.12,91.8,82.5404900332226,,16.9967929817276,603.256211077605,5.00973981900453,,,47.6245255922562,59.106,40.9367524916943,68.4324549886399
LBR,2010,33.6519945022688,13.25,88.6,82.2263289036545,,17.3072529069767,621.783295071575,4.99961461461461,,,48.1407517057907,59.358,42.1396387043189,69.1652648922475
LBR,2011,43.0911306066352,12.93,87.1,81.9121677740864,,17.6148162375415,646.908727016597,8.30011676396997,,,48.6583302770849,59.486,43.8245224252492,69.8933749749855
LBR,2012,40.950862253654,12.46,86.2,81.5980066445183,,17.926040282392,674.360011422232,14.5889259761557,,,49.1773247639526,59.785,45.4011939368771,70.6161490742492
LBR,2013,33.8367623475366,11.65,87.5,81.2838455149502,,18.2366206395349,717.007280358975,19.5182541497806,,,49.6977986242077,59.992,46.4102886212625,71.3338862504404
LBR,2014,34.3461135841224,11.55,91.2,80.9696843853821,,18.5462344269103,707.157694930142,18.554810004303,,,50.2198153156642,59.21,47.3867628737542,72.0459731773456
LBR,2015,51.1180873244019,11.85,91.9,80.6555232558139,,18.8585257475083,692.590082351257,16.8248454785241,,,50.7434382961363,59.248,48.3744912790698,72.7524847164664
LBR,2016,48.301426780699,12.34,92.8,80.3413621262459,,19.1702938122924,668.031513175601,13.7704420019235,,,51.2687310234384,60.483,49.3730066445183,73.4532574499597
LBR,2017,41.5068237111279,12.46,93.6,80.0272009966777,,19.4838901578073,671.260899835355,15.4416514284322,,,51.7957569553849,60.777,50.3418293189369,74.1477432355412
LBR,2018,42.0381017982909,12.52,94.4,79.7130398671096,,19.7975892857143,665.875439637137,16.9238649522893,,,52.3245795497906,60.999,51.3364410299003,74.8362128370245
LBR,2019,37.1591253581791,13.87,89.7,79.3988787375415,,19.9651162790698,636.699384824869,16.9896070200098,,,52.85526226447,61.232,52.3642130398671,75.5183258975949
LBR,2020,42.3616590279287,14.32,93.0,79.0847176079734,,19.9651162790698,605.025475431411,16.8438326901547,,,53.3878685572381,61.267,53.462032807309,76.193954779971
LBY,2008,48.1068393184481,3.32,2.9,0.123327687918433,2578.95942858435,8.74376257430919,13403.0004645911,85.9203928517569,103.242158045544,21.6648129995476,88.1474456787109,71.936,3.54378417086284,93.0792486754992
LBY,2009,49.5419782839306,3.82,2.6,0.123327687918433,2784.55454632999,8.74376257430919,12549.0854345521,73.7972544656913,107.620930501039,26.0180306878529,88.1345825195312,72.071,3.61838094047308,93.0792486754992
LBY,2010,50.1076375660992,4.18,2.5,0.123327687918433,3131.50608317262,8.72443934210078,12913.9334939386,75.7449869936204,98.077213074239,19.8007992326027,88.1177139282227,72.196,3.69291917205633,93.0792486754992
LBY,2011,36.5734275927941,6.91,3.2,0.123327687918433,2631.72794552167,8.72443934210078,6569.59477578957,53.8989087023988,63.0054352895288,8.44242069649716,88.0970458984375,69.95,3.60503483865101,93.0792486754992
LBY,2012,33.0392584726512,4.24,2.6,0.123327687918433,3101.47681342856,8.72671266353706,12599.258882136,73.7369299183248,98.2243189168448,15.2187654168722,88.0727920532227,72.188,3.51189970105823,93.0792486754992
LBY,2013,41.8287621297505,4.68,2.4,0.123327687918433,2747.59073791604,8.72671266353706,10126.314927806,65.1237589148371,106.334360918106,21.6855173162296,88.0451431274414,72.339,3.58311149504984,93.3521899597212
LBY,2014,36.2943652311609,8.01,2.3,0.123327687918433,3550.5742819662,8.72387101174171,7644.24843947404,46.7692775548728,76.5248826381117,26.2237211424,88.0142059326172,71.3,3.65280243700058,93.625131243943
LBY,2015,36.08680012119,7.74,2.9,0.123327687918433,3230.9775723301,8.72387101174171,7458.48917756374,34.8289693278703,56.9049073326883,17.382012837146,87.8159103393555,71.644,3.71223103765757,93.8980725281649
LBY,2016,38.1668032978199,7.87,2.8,0.123327687918433,3118.86767779323,8.72387101174171,7236.16409923502,26.0770762664238,41.1101760615135,13.8004674607543,87.8160056703177,71.799,3.76923855098492,94.1710138123867
LBY,2017,33.6859220495799,6.66,2.9,0.123327687918433,3485.70959421231,8.72387101174171,9435.60060040046,38.9800161101817,47.5489661921214,13.7077561764599,87.8166729870528,72.721,3.8298475737977,94.4439550966087
LBY,2018,41.4209740874326,5.55,2.9,0.123327687918433,3055.56390358683,8.72387101174171,10020.9165751361,49.676758007488,63.7811335968183,15.1337630488594,87.818484275334,73.151,3.89252588744786,94.7168963808305
LBY,2019,36.4844732200514,7.02,3.0,0.123327687918433,3413.9338523206,8.72387101174171,8768.4104874586,49.9776179313478,78.9939691850138,13.7553442934446,87.8220115209342,72.941,3.95048308080521,94.9898376650524
LBY,2020,32.9707065002742,4.44,3.2,0.123327687918433,1687.13966145733,8.72387101174171,6102.79864032512,15.9502036425113,50.9757934373319,9.44983047721509,87.8278267096263,72.388,4.00411414346932,95.2627789492743
LCA,2008,21.0475349754885,2.85,15.5,34.127868852459,,16.2950819672131,10583.4310172598,12.9331554810898,,,19.8192937163625,72.963,276.734426229508,92.5376090518589
LCA,2009,21.0878173148401,2.89,15.1,34.0885245901639,,16.2950819672131,10219.8024011561,13.1941065698207,,,18.9805947108213,72.946,278.473770491803,92.8966104390121
LCA,2010,21.0479558780675,3.19,13.2,34.0491803278688,,16.2950819672131,10191.3146827694,11.6993633883331,,,18.5125070971313,72.768,280.173770491803,93.2662294112119
LCA,2011,20.6119269898378,3.02,12.9,34.0491803278688,,16.2950819672131,10576.8979743596,11.0709394039579,,,18.4743479557314,72.962,281.640983606557,93.6615915186217
LCA,2012,21.0465307968291,3.05,12.4,34.0491803278688,,16.2950819672131,10517.2777635533,10.8823311302478,,,18.6193081275177,72.86,282.929508196721,94.0569581898498
LCA,2013,21.8244150541212,3.1,12.1,34.0491803278688,,16.2950819672131,10279.4155096001,10.2372040525891,,,18.9258370999948,72.687,284.211475409836,94.4525423890569
LCA,2014,22.2578153815924,3.05,11.7,34.0491803278688,,16.2950819672131,10369.9382566513,9.9830608960786,,,19.3915445904726,72.676,285.472131147541,94.8482428574282
LCA,2015,23.9677087919965,3.01,11.5,34.0491803278688,,16.2950819672131,10334.9860823918,10.8633516574705,,,20.0204288176073,72.932,286.729508196721,95.2439847521417
LCA,2016,24.0761301376266,2.85,11.2,34.0491803278688,,16.2950819672131,10644.1612913407,10.9907295637127,,,20.8164880000551,72.552,287.944262295082,95.6396226854017
LCA,2017,23.0833259465748,2.86,10.2,34.0491803278688,,16.2950819672131,10960.4843512477,10.8835128503547,,,21.783720356472,72.522,289.085245901639,96.0350677750338
LCA,2018,23.2729579590218,2.85,10.2,34.0491803278688,,16.2950819672131,11233.8883578457,9.85698830819217,,,22.9261241055144,72.655,290.191803278688,96.4302304236654
LCA,2019,23.070500576614,2.82,10.0,34.0491803278688,,16.2950819672131,11114.7785940338,9.04474293097749,,,24.2476974658382,72.249,291.247540983607,96.8249802505704
LCA,2020,23.7585855502375,3.58,10.0,34.0491803278688,,16.2950819672131,8379.27495097388,12.6673649469867,,,25.7524386560998,72.308,292.213114754098,97.2192348527324
MDG,2008,13.4665519107277,7.49,86.4,21.7624204697871,259.197265939314,70.3219039103071,490.963935389518,20.4685954426536,74.357353960806,38.7460962157139,27.31826536364,61.992,35.9800529628229,42.5424880385146
MDG,2009,13.9245557793887,8.02,87.2,21.6818258417306,253.627612930936,70.3219039103071,457.789754866068,18.8332096319198,62.4116975958196,37.2218957020948,27.5933392025561,62.304,37.0521030367644,43.3700536128356
MDG,2010,14.5239072617107,8.5,86.7,21.601231213674,255.486793083651,70.3219039103071,447.417143030687,18.0075205568584,57.8748945101807,27.0273897313715,27.8651684949103,62.597,38.1458541114971,44.1945358943364
MDG,2011,16.0170178085428,8.72,84.5,21.5690440791,259.293314846996,70.2910819102949,441.755158414121,17.8532728101343,56.4830925951893,23.3511667280009,28.1336807024963,62.86,39.2273910913638,45.0153822584225
MDG,2012,14.7009701749296,8.78,83.3,21.5463247363762,265.242059456403,70.2910819102949,442.641500123543,17.2760843242701,52.6517140811255,20.1689187861962,28.3988032871081,63.007,40.327672118186,45.8324865165496
MDG,2013,15.504951948252,8.35,81.4,21.5234204193881,268.494073877684,70.2904778274321,440.674658903628,17.9096138237139,56.3675817900932,16.5129132506109,28.6604637105393,63.161,41.4391371605363,46.645311071975
MDG,2014,15.00220058015,8.18,82.2,21.5007012719147,271.281685784756,70.2904778274321,443.343869908205,19.2497828687657,61.9694322111234,16.4906896468032,28.9185894345838,63.261,42.5650532829151,47.4541920353579
MDG,2015,16.0777176618248,8.12,83.9,21.4779821244414,275.43076854299,70.2904778274321,445.320069480568,18.950884731327,61.2203788365078,15.9918879278761,29.1731079210354,63.362,43.7035097971812,48.258173464398
MDG,2016,16.138736457425,7.9,83.8,21.4552767273977,293.322517988217,70.2904778274321,451.15659433146,19.4099444668858,60.8346984831423,16.3659933895724,29.4239466316878,63.431,44.8606943966999,49.0575914521926
MDG,2017,12.5514997924024,7.98,81.9,21.4325541423169,299.453710205685,70.2904778274321,456.851859574031,20.1123576645922,65.3434015072915,15.8063768976943,29.671033028335,63.433,46.0439584049502,49.8519386234101
MDG,2018,12.7238095692816,8.49,84.2,21.4098315572362,292.820905838727,70.2904778274321,459.330367799543,21.4819574714216,67.8415046683582,20.7029752410218,29.9181125346909,63.491,47.2583808869027,50.6411241447461
MDG,2019,12.7945386496097,8.58,82.5,21.3871261601925,313.77500218938,70.2904778274321,467.27741349648,22.445497353094,62.6013230457128,22.6840481290776,30.3046972370204,63.504,48.5038741835682,51.4242559942128
MDG,2020,12.7535199510191,9.41,84.7,21.3644035751117,301.748644745329,70.2904778274321,422.924255422319,19.4661871058768,49.0107073664371,17.7153251099228,30.7019474167548,62.706,49.7654795462358,52.2020747813196
MDV,2008,14.8140192009535,2.02,1.5,2.73333333333333,,23.3333333333333,9396.49733610486,11.4493071607222,,,35.9335121678807,75.999,1120.56666666667,96.5912125860585
MDV,2009,14.1948586495215,2.29,1.5,2.73333333333333,,23.3333333333333,8313.4098369723,9.62024682960619,,,36.3718272129661,76.371,1160.91666666667,96.8924931173137
MDV,2010,13.4528363324173,2.25,1.4,2.73333333333333,,23.0,8569.52494600725,9.43175572799709,,,36.7646137762553,76.756,1202.64,97.1912684549674
MDV,2011,12.0739554274487,2.19,1.3,2.73333333333333,,23.0,9005.81391375104,10.0744820731282,,,37.1274623517731,77.141,1245.58,97.4875221810395
MDV,2012,12.9660175970021,2.4,1.2,2.73333333333333,,21.3333333333333,8907.66134868182,9.79079163285008,,,37.475963433544,77.512,1289.39333333333,97.7812411341271
MDV,2013,13.2401139246132,2.22,1.3,2.73333333333333,,21.3333333333333,9213.32791442475,8.05840300458009,,,37.8257075155926,77.847,1333.56666666667,98.0723697097107
MDV,2014,11.7258427261492,2.47,1.2,2.73333333333333,,21.3333333333333,9612.07861806739,8.41391069150311,165.97925116043,27.8611798197388,38.1938859868107,78.187,1378.72333333333,98.3609146245112
MDV,2015,10.8085614263778,2.34,1.5,2.73333333333333,,21.3333333333333,9644.90655028145,10.7232265324627,143.720506661302,31.9049232315583,38.5771510715291,78.607,1427.18,98.6468575811513
MDV,2016,12.3754871852488,2.47,1.2,2.73333333333333,,21.3333333333333,9909.07669723415,11.2741492118251,144.380212278942,39.7662853405846,38.9560872317815,78.913,1477.69333333333,98.9301591789306
MDV,2017,11.3333706146388,2.42,1.3,2.73333333333333,,21.3333333333333,10263.2991147672,11.4251984418663,141.912110574952,42.8197158524795,39.32787719143,79.228,1527.62333333333,99.2108231698123
MDV,2018,12.5034619255463,2.56,1.3,2.73333333333333,,21.3333333333333,10793.8941325367,13.0536487636968,142.491128546618,48.970177770723,39.6923354428279,79.433,1576.99666666667,99.4838786975911
MDV,2019,12.3139819141366,2.75,1.3,2.73333333333333,,21.3333333333333,11194.9253748064,11.942543801854,137.125230875185,43.161162875967,40.0492764783282,79.707,1625.77,99.6231486421787
MDV,2020,12.0123911668511,3.48,1.6,2.73333333333333,,21.3333333333333,7295.60220956454,12.5605138294635,114.361902904327,35.5119966004124,40.3985147902839,78.713,1673.72666666667,99.6489940790337
MKD,2008,35.6121850379648,4.73,15.6,38.0441537851764,1540.69779663479,42.1323820848197,4392.5507164151,19.5331292631782,111.570054713298,27.9327050543518,57.9593566737547,74.4,78.1408244153785,97.1016356457898
MKD,2009,34.6946054990783,4.41,18.4,38.0706582077716,1437.83185635895,40.1665344964314,4405.20045750867,18.9727028474128,87.1767537660809,25.7424835151053,58.0280165522288,74.4463414634146,77.6678033306899,97.1812973186845
MKD,2010,34.3123770557157,4.35,22.3,38.0820777160983,1475.24277459969,44.3695479777954,4582.36517512347,21.0422688522191,97.8810691156562,24.4680948373642,58.1206815541291,74.9975609756098,77.1727993655829,97.260478214411
MKD,2011,40.0646898780776,4.64,18.6,38.3514670896114,1619.7624762799,44.3298969072165,4711.13027870081,21.5924220032487,113.19191013947,26.9131339592319,58.2409503926967,75.1,76.8199048374306,97.3392765626462
MKD,2012,35.8424435184763,4.44,18.3,38.6208564631245,1549.52343072076,50.2379064234734,4708.05168535923,21.0808587045723,112.214834702155,28.9271763841244,58.3924217811729,74.9024390243903,76.5194686756542,97.4178150815546
MKD,2013,32.7169102539109,4.0,21.2,38.8902458366376,1441.72181001724,49.9603489294211,4863.68088666968,22.1404647622691,104.857229956305,28.8080479626054,58.578694432799,75.4,76.2377478191911,97.4961912518525
MKD,2014,33.7775349314159,3.75,21.2,39.1596352101507,1404.88281081687,50.0,5053.75001236367,22.822578658191,112.537928969299,30.2952252615938,58.8033670608162,75.4512195121951,76.0331879460745,97.5745230862782
MKD,2015,31.8724776060607,3.56,23.9,39.4290245836638,1387.97962391811,50.0396510705789,5262.68671928674,23.9221832208017,113.698443879103,30.4035752494839,59.0700383784659,75.4024390243902,75.8298969072165,97.6529269300646
MKD,2016,30.0799243464009,3.5,21.4,39.7172878667724,1408.22019004476,50.1586042823156,5429.94678358359,23.9630460915105,116.185408418026,32.5096882119049,59.3823070989891,75.4,75.5873513084853,97.7315020702952
MKD,2017,30.4645094005313,3.52,19.0,39.7101506740682,1438.49195928251,50.1982553528945,5510.81862920922,24.2589458765972,124.13728389629,32.2729434757145,59.7437719356273,75.9536585365854,75.2837827121332,97.8103630941709
MKD,2018,31.0045303573284,3.25,20.9,39.7101506740682,1370.12165061411,50.1189532117367,5698.39334484489,24.0504298826712,133.215207648008,32.3288110664903,60.1580316016216,76.6487804878049,74.9028945281523,97.8896166330973
MKD,2019,25.8786881284068,3.4,17.0,39.7101506740682,1503.51336885666,50.1586042823156,5961.58475399191,23.7034834116039,138.576231840539,34.2601160992835,60.6286848102132,76.6024390243903,74.3957969865186,97.9693792101594
MKD,2020,26.118651401474,3.26,20.0,39.7101506740682,1388.54646388838,50.0396510705789,5743.72649424581,22.7433958881186,128.241244322257,29.9173738943342,61.1593302746435,74.3951219512195,73.5973037272006,98.049753932852
MLI,2008,66.0478983611385,4.71,75.0,10.896663634352,,33.4627970234144,787.156518987615,22.9179833333908,53.6430193090625,21.5543695857429,22.1922849560871,55.187,12.2446356714938,62.4840069987377
MLI,2009,67.2243304991712,4.76,78.7,10.896663634352,,33.6473069767823,803.486738927624,24.1177890486017,40.5413815805662,22.267117298921,22.6557955217884,55.588,12.6501110482794,64.0894295059223
MLI,2010,67.7178277488734,5.63,84.0,10.896663634352,,33.6631545906785,821.181286587872,23.77623896597,48.8166953660615,23.0142230994493,23.1359461824894,55.993,13.0677992771618,65.6825064344256
MLI,2011,62.4509373481651,5.83,83.6,10.896663634352,,33.8087234774912,818.399030995547,23.9979253880521,43.1814699132908,24.1469415013802,23.6379674039304,56.367,13.497118481548,67.2626511406481
MLI,2012,69.8937111183001,5.62,81.2,10.896663634352,,33.9656543653038,786.323471336853,23.4100351460877,49.4252356223808,20.6933650621448,24.1606168848588,56.696,13.8970430834542,68.8293224749943
MLI,2013,51.3368303515499,6.12,84.8,10.896663634352,,34.1165621747433,788.819448205749,22.6884096448375,54.6032439863007,24.1390637301209,24.7033626854883,57.052,14.3089313959301,70.3820228884165
MLI,2014,56.4785819386307,6.02,84.6,10.896663634352,,34.2535671493784,813.975661285204,24.0582958024424,51.078682187569,26.625081854981,25.2656728660325,57.482,14.7684106573566,71.9205681917845
MLI,2015,74.1479908356132,5.92,81.2,10.896663634352,,34.3826333603783,838.11986940103,22.3555320283093,53.5751760102265,24.8949550301917,25.847015486705,57.852,15.2378088658324,73.4442818917146
MLI,2016,66.1872302945193,6.05,77.9,10.896663634352,,34.6059572689499,860.75307554569,21.8908239361417,53.6126193604252,27.3161677115008,26.4468586077195,58.286,15.7281152935199,74.9530465324724
MLI,2017,66.774344334826,6.06,77.0,10.896663634352,,34.7400371253657,878.561348377434,22.1743386291663,49.4919984941972,25.5449834134051,27.0646702892896,58.562,16.2376441373884,76.4467561333581
MLI,2018,63.6849309047317,6.05,77.2,10.896663634352,,34.911642121309,892.978322791418,23.2080317204235,50.6998462523276,24.4943978534371,27.6999185916288,58.873,16.7531531974529,77.9248726503067
MLI,2019,57.3904374306355,6.06,74.9,10.896663634352,,35.0888286250502,909.751069703313,23.0829741121544,53.9987132798636,26.5074433150938,28.3520715749509,59.217,17.2664953818668,79.3875776496975
MLI,2020,56.7830489222988,6.48,72.8,10.896663634352,,35.2476788860751,872.389426814294,26.7389536942111,56.0415474422019,20.6517365321331,29.0205972994693,58.858,17.7954548062187,80.8342374526546
MNE,2008,24.7700784087494,4.72,38.8,58.4981412639405,1965.21593409043,38.1412639405204,6149.68558098863,18.134854953618,132.48054069386,40.8364739584696,63.8414387962647,75.1365853658537,45.8713011152416,95.7432123993098
MNE,2009,24.246118769847,3.98,49.2,59.9925650557621,1555.00501749061,38.2156133828996,5768.65709477479,17.530109017069,99.8255760432413,26.6711101832825,64.1131468872325,75.1439024390244,45.969814126394,96.0257884355961
MNE,2010,24.0263937599847,4.54,49.1,61.4869888475836,1820.45249352265,38.0669144981413,5917.91788713074,17.1885067406217,98.8684992495822,22.2701240129796,64.3069625751293,75.990243902439,46.054126394052,96.3080710826968
MNE,2011,26.8096357329836,4.38,42.8,61.4869888475836,1811.21612476135,38.1412639405204,6110.66013917018,15.1880842120516,106.752728264703,19.1045005763001,64.4210914835811,76.0829268292683,46.1223048327138,96.5900878676882
MNE,2012,25.152725645633,4.24,45.9,61.4869888475836,1701.46827930736,38.1412639405204,5948.3791195297,14.8926108798408,108.779987603414,20.0742817028936,64.5244008658951,76.3,46.2020817843866,96.8718312757474
MNE,2013,23.0328197648844,3.8,49.3,61.4869888475836,1574.55136957284,16.5895910780669,6138.25153608056,15.5405922471564,103.785966371179,18.8466986569303,64.6252987959653,76.490243902439,46.2889962825279,97.1533140949299
MNE,2014,22.8933751545525,3.64,46.0,61.4869888475836,1532.34279533634,17.1241635687732,6272.09116381077,14.3320646687925,100.438431458711,19.4950094143958,64.7232143772459,76.3390243902439,46.3750185873606,97.4345288246908
MNE,2015,22.5226135295586,3.68,43.0,61.4869888475836,1599.59389155142,17.2044609665428,6421.00307345999,14.4315421692779,104.12510886943,19.7357949684861,64.8181652937171,76.6024390243903,46.4424535315985,97.7154742169306
MNE,2016,20.7818361159159,3.47,43.9,61.4869888475836,1552.23307233486,19.0111524163569,6634.38508838803,15.5802198596652,104.135954584294,24.9598939884942,64.9101692293409,76.5414634146342,46.4946468401487,97.9838031663894
MNE,2017,21.1885834911776,3.47,37.8,61.4869888475836,1625.4960826549,19.0557620817844,6840.91155440218,14.8316847329192,106.711366689116,28.6467194795715,64.9992438680584,76.6853658536585,46.5414126394052,98.2281722973241
MNE,2018,22.0010575045609,3.42,40.6,61.4869888475836,1679.55976366983,19.092936802974,7159.47114735985,16.1079670855784,111.098935509174,31.3513275722887,65.0854068937869,77.8853658536585,46.5753159851301,98.8789249228913
MNE,2019,18.3231957596321,3.4,38.7,61.4869888475836,1737.5931990158,19.1078066914498,7470.29588471711,16.435437285219,110.0161238696,30.9122493495261,65.1686759904159,76.6829268292683,46.5987360594796,99.0815729243166
MNE,2020,17.9824100566499,3.76,39.6,61.4869888475836,1625.86284952725,19.17843866171,6351.95486320483,17.6118147973713,87.8612027134909,30.0875172767022,65.2490688418027,75.9317073170732,46.5866171003717,99.2839751783308
MNG,2008,23.4954758255364,7.77,4.7,9.11731512861835,1326.19423088287,73.5213912374525,2576.71295838607,30.8510356631246,121.198013401183,43.5661414829151,66.4693095486742,67.2460975609756,1.69711733640935,73.0207899506692
MNG,2009,25.4221556112408,8.24,4.4,9.11217830189963,1354.68916905218,73.3692547623991,2498.72967493254,30.0565585316106,107.813757166177,34.3709459159075,67.3659050254095,67.9690243902439,1.72788137676538,74.2336967289894
MNG,2010,27.9160191026285,8.13,4.5,9.10805179300629,1411.62669168414,73.3388467572954,2611.67326563924,33.1942474892146,103.350031656557,42.0869542882428,67.8298018313254,68.5056097560976,1.75857916493112,75.4224593493441
MNG,2011,35.8767855032703,7.59,4.0,9.1075731369755,1521.09353741373,73.3264775940588,3010.81642672623,31.3337485626924,126.999228633482,58.1507247959228,67.9196058798676,69.109268292683,1.78925253897917,76.3129761358457
MNG,2012,38.2318589751567,7.02,3.0,9.10685777424814,1558.69025216769,73.2494851072419,3318.16496597089,30.7715931133163,109.588564338415,55.8986192180437,67.9522782537785,69.500243902439,1.82353600871754,77.0456343168303
MNG,2013,36.1190861922145,7.2,3.0,9.10613594411107,1750.80216193822,73.2252730410926,3628.90708069575,30.5068923847448,100.311989662943,53.2757084028233,67.9776750055915,70.0980487804878,1.8616184405066,77.7798259632281
MNG,2014,32.6310214465256,6.87,3.3,9.10542135370957,1763.80524679078,73.001629001279,3830.35892049593,31.4976232744188,109.322311877187,35.1752976434075,67.9941357229626,70.5831707317073,1.90278211075515,78.5150961295777
MNG,2015,33.6018162552522,5.9,3.5,9.10469149761818,1516.3411002122,72.990217275856,3838.92126989984,31.5158775834209,89.653663477814,24.5138485191018,67.9999999906095,70.810243902439,1.94371713207737,79.2523120738023
MNG,2016,34.394850770545,6.21,3.4,9.10397870509873,1588.34126525003,72.9236771309318,3817.91962716702,33.1780715301999,101.055237224997,22.6294099437432,67.9776754820979,70.2239024390244,1.98352563105577,79.9910274586386
MNG,2017,31.4066965937798,5.97,1.8,9.10326591257927,1603.82155065689,72.8635713833453,3956.2049437134,37.4184116118863,115.932901867963,27.4062542965908,67.9260583223672,70.5434146341463,2.02209412791248,80.7307985361717
MNG,2018,30.340789040395,6.24,2.1,9.10255545816196,1772.47014509365,72.8416347996956,4183.85566447661,37.975670332755,126.355873241513,39.3779275132102,67.8683444833372,70.8270731707317,2.06015649331677,81.4783824183296
MNG,2019,31.0839271991388,6.86,2.3,9.10182513109581,2018.31091722035,72.6641956567248,4337.8167085432,38.0926977643653,124.396514621165,35.591845156927,67.8277299551557,71.0531707317073,2.09835043390369,82.233221224194
MNG,2020,29.6547866481682,6.42,2.9,9.09965848797644,1771.64405621298,72.2189891455646,4066.03410882791,37.0496708511527,112.838647629317,22.3835976647751,68.0894771770775,71.3490243902439,2.13623721809195,82.994734823721
MOZ,2008,20.2960902622309,14.49,88.1,50.1224751392457,338.661664169014,49.8775248607543,460.94729485679,17.1677445681711,64.981416499828,22.0302459322751,30.5625357695184,53.799,27.746173605636,35.2815210331491
MOZ,2009,20.6673716344898,14.82,86.1,49.8406953381317,358.879859852038,50.1593046618683,475.788178051193,16.9004327987887,67.898572768141,19.7560524022268,30.7715592059159,54.4,28.4744589129937,37.0713316939985
MOZ,2010,20.9810311228238,12.66,84.9,49.5589155370177,317.88123068391,50.4410844629823,494.162859074785,16.8681862980766,73.8373532681892,23.195521262122,30.9861779822921,55.04,29.2469734733844,38.8870842432342
MOZ,2011,21.3180610647849,14.14,85.4,49.2964114041557,370.87053828392,50.7035885958443,514.869957191994,16.5093372512898,84.4062119333019,29.4060839527514,31.2062230032794,55.733,30.0732966250413,40.7272349107275
MOZ,2012,21.4882091792626,13.35,84.5,49.0339072712938,364.828669567004,50.9660927287062,540.2945177803,16.8740038772507,105.934588060511,50.5904295928331,31.4315251735105,56.46,30.9492179353493,42.5912317568362
MOZ,2013,21.704486846149,13.4,83.1,48.7714031384318,380.582419725311,51.2706884712226,559.393953685688,16.4457246085988,109.38537659913,56.3958108944659,31.6619153976179,57.189,31.8568770823266,44.4785109091444
MOZ,2014,21.6145857091373,12.94,81.2,48.5088990055698,383.322635419103,51.5212390956026,585.266716133984,17.4884683555603,116.356855242217,53.6431747577994,31.8972245802342,57.965,32.7939100689234,46.3885053370703
MOZ,2015,21.5758950473476,12.54,80.1,48.2463948727078,385.146567058837,51.8231643734581,610.563774706589,18.6152107018236,98.7612036510901,42.245787501845,32.1372836259918,58.711,33.7592156463796,48.3206421640835
MOZ,2016,21.069117727762,12.29,77.4,47.8500089015489,380.805586001126,52.2482896309672,620.779714954555,20.5669830121929,110.394358201481,46.2803958702032,32.3819234395234,59.455,34.7632251583204,50.2743318960673
MOZ,2017,18.7547986602318,11.92,78.2,47.5680968488517,371.739125451598,52.5799231923498,618.397694360334,23.6070708049686,105.745640702087,32.2043068430655,32.6274411492675,60.148,35.8177891095908,52.2485430306556
MOZ,2018,18.8259193532117,11.7,79.0,47.3361072255144,366.241452353018,52.7751621353544,621.153734194787,25.3339200589579,124.607457525372,45.9807658182121,32.9902559073541,60.79,36.9015539561026,54.2431367591977
MOZ,2019,19.5945644695986,11.56,77.5,47.0079478114906,359.75326082609,52.7979246674636,617.13932000195,23.8882628185244,105.591171401921,40.8461199313593,33.4177241517032,61.306,38.0024670006867,56.2587719909351
MOZ,2020,20.0802484321177,11.5,80.2,46.7251964699,342.945651556548,52.7793585798215,591.804059985932,21.7539907155538,99.906146051979,44.8266764679686,33.9044006416285,61.39,39.1460718736489,58.2943448564578
MWI,2008,23.3640822987324,4.38,80.4,29.1228256257955,,57.6474331777683,465.55147298007,18.9378891840899,,,15.3238029928378,55.715,148.243710224862,60.4845500797973
MWI,2009,23.7896054244456,4.07,80.0,28.6773440814595,,58.1777683495969,489.631418790158,18.0681311857964,,,15.4015312766848,56.714,152.691854051761,61.2695217967754
MWI,2010,24.3489614356053,3.79,81.2,28.2318625371235,,58.1777683495969,508.088650552846,17.9317288193438,,,15.4776969380518,57.787,157.259896054306,62.054717323412
MWI,2011,26.3935444962185,3.72,80.2,27.7863809927874,,58.1777683495969,517.833736624232,18.1661996680566,,,15.5523153908723,58.859,161.911561306746,62.8400904977238
MWI,2012,26.4999840992823,3.71,80.2,27.3408994484514,,58.1777683495969,512.74031797451,17.7185220797601,,,15.6253133040464,59.87,166.626824352991,63.6250410332197
MWI,2013,25.3524122563691,3.56,79.8,26.8954179041154,,58.8141705557913,525.357645516557,17.4239449035616,,,15.6966173464742,60.816,171.423589308443,64.4097635787401
MWI,2014,25.9973398435068,3.33,82.8,26.4499363597794,,59.9384811200679,539.562601918057,17.2649267145494,,,15.766154187056,61.651,176.299724225711,65.1933925643295
MWI,2015,25.0076393017599,3.31,81.0,26.0044548154434,,60.5218498090793,539.605363240686,17.556172133103,,,15.8338504946918,62.324,181.221754348748,65.9763340121013
MWI,2016,24.9604610605181,3.3,78.9,25.5589732711073,,61.1158252015274,538.221990810959,17.655842210407,,,15.899632938282,63.163,186.229730589733,66.7575071708792
MWI,2017,21.2909459360983,3.18,76.9,25.1134917267713,,61.6991938905388,544.795729220349,17.747962478614,45.3003137160008,20.2873149467203,15.9634281867266,63.914,191.341907085278,67.5372652238348
MWI,2018,21.1973847101807,3.26,73.2,24.6680101824353,,62.2931692829869,553.528790902088,18.3907940135861,43.578773489,21.276061190562,16.0221486554255,64.464,196.521860415783,68.3152167592517
MWI,2019,22.3370229833525,3.16,70.9,24.2225286380993,,62.8765379719983,569.866249371948,18.4990069222553,44.1954524635798,21.9119103002645,16.1383746619001,64.995,201.800509121765,69.0907681697374
MWI,2020,23.6983194353464,3.11,71.5,23.7770470937633,,63.4705133644463,559.447086086067,19.0817402966585,41.0323429397328,16.7106351396417,16.2961471756409,65.216,207.190156979211,69.8639475231257
NAM,2008,20.6567204685379,3.62,32.5,9.09887014296299,758.358730645424,47.1377036038334,4036.38187484707,34.1905617107713,119.644498184785,27.4739234636227,39.8328120256318,54.74,2.48643369893962,79.9311134554851
NAM,2009,21.1776013619098,3.73,33.4,9.01261936863074,775.797259491324,47.1377036038334,3989.20711387651,28.7519450755932,123.762844292976,26.1159251664954,40.8524900328246,55.347,2.52328341167754,80.3834346901376
NAM,2010,21.7959533803297,3.57,31.2,8.92636859429849,653.126574566651,47.1389182426605,4165.12990200988,27.429068418358,108.072477173606,23.7799989593426,41.7946176561991,56.093,2.56265835853709,80.8294504898485
NAM,2011,23.0948112524998,3.47,31.6,8.84011952046059,657.483471069973,47.1389182426605,4302.72451368462,29.3288911804647,102.189147754138,22.0540088688971,42.6276075621535,56.647,2.60700968067145,81.267654864296
NAM,2012,22.5559756572042,3.42,31.9,8.7538704466227,667.49179496424,47.1389182426605,4420.96741373862,29.9807546724013,100.2134087743,26.7226689596707,43.3804079185694,57.733,2.66571196054853,81.7057329100665
NAM,2013,21.57098939708,3.39,30.7,8.6676213727848,671.777544627526,47.1389182426605,4549.26759093897,26.5483435015895,97.7249042303832,29.3954197576571,44.1106769079132,58.468,2.73598367525416,82.1358474215349
NAM,2014,21.055359356351,3.31,30.2,8.58137229894691,691.051616995773,47.1389182426605,4701.95694189098,26.630102972046,103.080137009254,34.7765509650404,44.8214248210559,59.311,2.80841380315563,82.5578966769433
NAM,2015,22.11922822913,3.28,29.3,8.49512322510901,716.980313790667,47.1401328814877,4774.10650865775,27.5636536225028,97.2390317873478,30.5564396891943,45.5103554445325,60.008,2.88391696728978,82.9710417542827
NAM,2016,21.0604148441707,3.38,29.2,8.40887172199347,759.461668268778,47.1401328814877,4648.62713460213,27.5134032744188,93.966187960162,22.0299428254904,46.1751725648784,60.81,2.96276281747622,83.3709791418252
NAM,2017,19.7391225085732,3.42,30.2,8.32262021887792,714.96952269735,47.1413475203148,4476.73324402105,26.0770180870695,81.2196661011436,17.7664956160323,46.8135799686288,61.661,3.04492098774429,83.756921632109
NAM,2018,19.9748546561693,3.45,30.9,8.23636871576237,733.192598513029,47.1413475203148,4400.47537705743,26.869904619845,81.7138652963804,14.9163471003735,47.4232814423189,62.579,3.13052144444849,84.1291083222967
NAM,2019,19.3878496864904,3.48,30.2,8.15011721264682,718.386643363248,47.1413475203148,4243.09274481966,27.0505811124767,82.9011507426355,15.3291127102813,48.0019807724839,63.546,3.21939292351419,84.5549009012644
NAM,2020,19.9945355710926,3.54,31.2,8.06386570953127,678.332492787498,47.1413475203148,3787.49943973286,25.8187349480714,76.9252424036465,13.9292034235476,48.547381745659,64.071,3.31446027523716,84.9689182481296
NER,2008,88.1868966414272,5.3,86.1,0.970032367569274,127.065414057313,34.5638272677035,429.195542798877,21.2545623661563,39.7112440540383,26.4435525343116,16.2586706998252,55.852,12.1275084866188,42.4900876989759
NER,2009,88.0349462944483,5.51,83.2,0.960227362437831,129.776980682561,34.5638272677035,421.650901333136,22.3397565462644,49.5122567031625,28.4722719649335,16.2511180003032,56.487,12.5867806110366,43.1966321655043
NER,2010,87.9840126481428,5.47,80.7,0.950422357306387,134.74599121352,34.7217178495303,441.079166112039,23.0003411876002,51.9459863027627,32.6404605165102,16.2416301279116,57.08,13.0645259335281,43.8964824399921
NER,2011,90.9681910382043,4.65,77.2,0.940617352174943,112.879803532778,35.1164443040973,434.986264873953,22.7795105220039,50.2463951569345,31.613128828242,16.2303066053496,57.6,13.5598665824584,44.5891012347432
NER,2012,88.5686252870793,4.97,72.7,0.930812347043499,128.362752529408,35.3532801768375,463.066265496402,26.5372397334702,45.08596447308,29.3142436915252,16.2141284004355,57.987,14.0812891766006,45.2755729615711
NER,2013,74.5895053226238,5.9,78.7,0.921007341912055,154.81219945793,36.063787795058,469.690214200878,26.0465019475956,46.2951491493291,29.7124814690798,16.2162595696064,58.364,14.6205873529644,45.9553436655962
NER,2014,71.6549794121069,5.63,78.1,0.911202336780611,151.6969478462,36.063787795058,482.74524741946,23.6059602383299,45.7416008365932,31.1100819925506,16.2450424611665,58.693,15.1700552617036,46.6360032875155
NER,2015,107.144665250434,5.49,78.9,0.901397331649167,148.786532469365,36.0740506828768,485.662574175279,22.5383286848915,44.727430371186,32.3568228692158,16.3035606587493,58.85,15.741294702771,47.3180912197977
NER,2016,104.911460730569,5.34,80.2,0.891592326517723,147.452096053348,36.6266677192705,495.017437216008,21.2451950725883,36.4881092245519,27.5210696310413,16.3898280543236,59.228,16.3304278834768,48.0001316756614
NER,2017,88.7878831964248,5.14,82.0,0.881787321386279,143.831599652126,36.7845583010973,501.615305462902,21.0721536929256,39.0711117370149,26.0152521380461,16.5036987906896,59.524,16.9222752032841,48.6826437620777
NER,2018,86.0227651747159,5.05,82.0,0.871982316254835,146.101584927786,36.7845583010973,519.546993483886,19.6976779523853,37.5388483992356,28.9187722247215,16.6449011799221,59.765,17.5164356201153,49.364204791619
NER,2019,72.4703210969872,4.99,80.7,0.862177311123392,148.122869205689,36.7845583010973,532.186024570389,20.5861804923542,37.1025664250801,30.6723209374769,16.813146499685,60.031,18.1161735217494,50.045306277114
NER,2020,85.1223455605238,4.97,81.9,0.852372305991948,147.817388244639,36.786689823952,533.194328910254,20.2387849491464,35.5129906570841,28.4897323087862,17.0081420003794,59.89,18.7239385805637,50.7254664539795
NIC,2008,21.8138897668651,4.69,53.8,36.8155559248795,533.812640193905,42.6458367957454,1736.65740610408,21.9642332178631,96.7939847302055,33.6019904976752,56.4638124507513,71.404,46.340310786106,
NIC,2009,20.9724591700519,4.82,54.6,35.8090992188798,523.407935260916,42.2885158716969,1655.72028962416,21.0756591800109,86.9936104453444,23.2004558310499,56.651098305894,71.499,47.0051603789264,
NIC,2010,20.6274477367636,4.73,54.4,34.8026425128802,529.008203293034,41.9644341033738,1704.37875049059,21.9687134501788,100.364058423919,24.8398681398148,56.842311091973,71.761,47.676998504238,
NIC,2011,23.0111273786789,4.53,53.3,34.3362639188965,531.362815684315,42.1381086920392,1786.62863418308,23.1571014574195,111.827453935999,30.9826454263625,57.0362425004184,72.033,48.355085590826,
NIC,2012,20.415804406594,4.61,53.3,33.8698853249127,566.819598589113,42.1555592487951,1876.1759720149,24.5476946484698,115.177288474198,31.0116770587447,57.2316842226606,72.435,49.0384493933854,
NIC,2013,22.190051857194,4.53,54.3,33.403506730929,576.474133611862,42.1555592487951,1941.45628552626,25.3876146457155,110.984207880382,30.9047521156944,57.4274279501299,72.551,49.7244889479807,
NIC,2014,20.337626285854,4.46,53.0,32.9371281369453,586.817955989046,42.1555592487951,2006.64869646533,25.0984490191451,106.698200190796,28.8793454871994,57.6222653742564,72.792,50.4112680737909,
NIC,2015,20.8100394575554,4.5,50.0,32.4707495429616,611.876331871945,42.1555592487951,2074.45620634731,25.7346979136282,98.194164594236,33.4766376040407,57.8149881864705,72.899,51.100357320924,
NIC,2016,19.6627564192395,4.45,49.5,31.6397706498255,626.823007449197,42.1555592487951,2140.14405941606,25.7948753609806,93.8137278130087,31.2003868955466,58.0043880782023,73.18,51.7921389396709,
NIC,2017,19.1972180629137,4.36,48.9,30.8087917566894,632.373947264069,42.222037560246,2209.63273423213,24.8173354804008,96.3805864351182,29.9154305259361,58.1892567408822,73.389,52.4865464517201,
NIC,2018,17.5246038706428,4.46,51.3,29.9778128635533,616.516996174416,42.2469669270401,2107.3396261623,24.9956784644064,93.9847404925404,24.0746137195471,58.3683858659405,73.879,53.1833139438258,
NIC,2019,14.9843484599445,4.65,50.5,29.1468339704172,616.151129278106,42.2469669270401,2019.91518620044,24.2809201178084,94.0422159246213,17.831076630152,58.5405671448072,73.764,53.8778211733422,
NIC,2020,16.809772538789,4.55,52.2,28.315855077281,584.481071467124,42.3051354495596,1950.19181218473,25.7903211218917,88.6381231228968,20.3366366143416,58.7045922689128,70.766,54.5559830480306,
NPL,2008,52.2512026076732,6.07,90.5,41.3378165329613,356.984304444032,28.9640739448901,666.865095417138,16.049986636556,46.0362063511913,30.3156469991099,56.9108061152324,66.442,188.28069061737,84.5508362701857
NPL,2009,49.5198948265099,5.97,88.9,41.464269271015,365.025112738645,28.8803627485176,692.400000816919,15.0668034711092,47.0794477633688,31.6743770945651,59.8638612146309,66.6,189.557272410185,85.158729874995
NPL,2010,48.378383727955,5.87,87.3,41.5907220090687,373.442181313024,28.782699686083,721.265221364302,14.2007622567226,45.9849057742707,38.271206448162,62.0156581578338,66.772,190.73562608999,85.7617588960131
NPL,2011,57.7405744835303,5.87,87.0,41.5907220090687,384.882490354394,28.7868852459016,742.617252662576,13.393470598846,36.296758890097,27.8102444789254,63.139949798584,67.123,191.59047087548,86.3599023849968
NPL,2012,71.4060546576235,5.39,84.7,41.5907220090687,368.950606819553,28.5151398674573,775.310578479839,13.9771618084251,37.921906058758,28.6027052400212,63.6558406194333,67.364,192.081723055459,86.9532837280701
NPL,2013,71.4182305954874,5.86,86.0,41.5907220090687,413.994708557044,28.2957244506453,801.039060847856,13.7983375627601,41.8653757376722,29.6766090195384,64.1314570156048,67.598,192.465964422742,87.5415795968781
NPL,2014,75.117974167847,5.77,84.0,41.5907220090687,431.030290984188,28.1675388908266,846.665541773599,13.5645652301586,45.9826416115927,30.9860882268693,64.5640847098488,67.812,193.040599930241,88.1248062062868
NPL,2015,70.9361955250807,5.52,85.2,41.5907220090687,426.325523071049,27.9640516219044,875.543635474862,13.1616546296789,46.6657303895158,31.2774348208688,64.9510094249155,67.374,194.095772584583,88.7026979901049
NPL,2016,72.4074854195922,5.93,79.4,41.5907220090687,458.265548485248,27.7312179979072,875.188943730855,12.6554177701811,42.115486124737,28.2409991995242,65.2895168835553,68.444,195.015430763865,89.2751913988418
NPL,2017,64.6442716077629,5.76,76.8,41.5907220090687,484.157515782647,27.5400788280433,951.857298563641,12.8625858899927,44.6424106224996,37.3250540060946,65.5768928085184,68.74,195.404659923265,89.8420840030234
NPL,2018,64.2108322791754,5.6,75.0,41.5907220090687,504.622833977068,26.9733247296826,1021.91492204011,13.2006396343014,48.4473869461067,39.5478003355175,65.8104229225551,69.036,195.882029996512,90.4032337065468
NPL,2019,57.2750179345088,5.08,78.2,41.5907220090687,482.761158642892,26.7748852459016,1077.11796498188,13.0106754142894,49.2495265874454,41.3787409108185,65.9873929484157,69.299,198.214607603767,90.9584624626018
NPL,2020,45.7207706412594,5.76,73.1,41.5907220090687,524.601266425712,26.5011008022323,1031.53618783934,12.047319925355,40.9188741243442,30.4402815098213,66.1050886088505,69.106,202.068880362749,91.5076217588488
PNG,2008,16.7947395917014,7.74,56.9,79.9335368546571,,2.74919401139425,1934.03201558753,34.3859870110461,,,13.0185611592166,62.511,15.8614185399461,35.6210359201692
PNG,2009,17.082251596886,7.47,56.0,79.9116579075211,,2.79777414653535,2003.24109727039,29.7716417489587,,,13.008427139986,62.772,16.354807225191,36.8704561758444
PNG,2010,17.2144137518733,6.51,55.2,79.8897789603851,,2.79777414653535,2140.50939027384,33.1688098579341,,,13.0021920069407,63.056,16.8562535883054,38.0973177449194
PNG,2011,16.4633105206394,6.8,54.7,79.821561630526,,2.83972971779358,2102.03192060639,31.3362203529409,,,13.0000025015364,63.382,17.3549132182131,39.3010861598771
PNG,2012,16.4683365083609,5.88,55.5,79.7533443006669,,2.83972971779358,2139.48096660428,27.5731803314458,,,13.0143796071362,63.639,17.8452281058164,40.4828087269689
PNG,2013,16.4981287099923,6.27,58.3,79.6851271916266,,2.83972971779358,2162.10592595591,26.5405471816928,,,13.0582475733094,63.927,18.3339177670803,41.6488410056407
PNG,2014,16.3724587034254,6.18,56.9,79.6169098617674,,2.8816852890518,2391.3578028163,32.7848336169925,,,13.1316404025265,64.198,18.8213598021464,42.7986148436166
PNG,2015,16.8683385698187,6.11,55.3,79.5486925319083,,2.91922448438811,2484.5963398603,34.8049301310481,,,13.2341359836319,64.473,19.306730556905,43.9315688336247
PNG,2016,16.1543562654462,6.09,54.8,79.4724197323676,,2.93247361215387,2557.09463030035,34.7299715804552,,,13.3653651942392,64.7,19.7891577971117,45.0471749676037
PNG,2017,15.9304225286163,5.73,54.7,79.3983791900367,,3.10250408514773,2584.8883636271,36.3598597357265,,,13.5249644881888,64.923,20.268325751888,46.144916980198
PNG,2018,16.9173285412659,6.15,53.4,79.3243386477057,,3.10250408514773,2518.45899317321,36.9240450738372,,,13.7125720532162,65.114,20.744850505675,47.2247346164126
PNG,2019,16.8882962616477,6.12,53.2,79.2502981053747,,3.10250408514773,2572.56177967896,36.711080935275,,,13.9278267446947,65.331,21.2185001987369,48.285710104836
PNG,2020,17.3105425567239,6.38,53.6,79.1762575630438,,3.10250408514773,2438.61137922293,33.0470837551076,,,14.1703677185729,65.075,21.6750121450338,49.3273961743901
RWA,2008,30.3940359476901,5.88,90.6,10.9201459262262,347.008912213796,76.2059181191731,538.325372065592,16.2638385339331,37.6045108548055,21.3446999189279,16.9170867063804,60.641,397.416659910823,52.431851071574
RWA,2009,30.5922082743006,5.73,90.5,10.8309687880016,350.122128007432,77.2598297527361,557.397804859216,15.6885811871245,36.8056280084816,21.0151940236714,16.9206894426355,61.813,407.800243210377,52.9687937725955
RWA,2010,30.785874923407,5.56,90.5,10.7417916497771,349.056987418247,77.9083907580057,583.371416419483,16.328981915635,37.2788790923351,20.5325011611394,16.9255580310614,62.804,418.222659100122,53.5059466163751
RWA,2011,31.1412402470636,5.36,89.7,10.7823267126064,350.444162856993,78.759627077422,614.539650123021,18.1678448507507,39.71610247751,20.9013969880418,16.9323586881273,63.476,428.606931495744,54.0436163513461
RWA,2012,31.5360758844851,5.14,88.8,10.8228617754358,354.165609155772,79.4081880826915,651.852818665834,18.2255034210874,40.5408629987193,23.3041445547138,16.9410248882148,64.189,438.990717470612,54.5821211607428
RWA,2013,30.6283384511231,5.08,88.5,10.8633968382651,354.886177609396,80.2594244021078,666.408788783175,17.6168559784511,42.6934924295362,24.4311537415127,17.0742206053612,64.651,449.669233887313,55.1208311821785
RWA,2014,31.8689793191915,4.87,88.0,10.9039319010944,352.158641161359,81.3133360356709,690.610394944356,17.5513834863908,43.902733691075,23.2290320311828,17.5020716539756,65.088,460.671139035266,55.6650639617623
RWA,2015,31.2574810856465,4.57,86.3,10.9444669639238,350.169173195487,81.3538710985002,733.998629882494,17.4466631881327,45.2019756159103,24.240978094561,18.1953149858416,65.419,471.829023104986,56.2151798036552
RWA,2016,31.6862299869281,4.35,85.5,11.0255370895825,347.74298432412,81.2728009728415,759.606288155109,16.8369912939315,49.4849071069892,25.8958453602119,19.1213951786548,65.733,483.144831779489,56.7706115569257
RWA,2017,30.3553527446531,4.28,84.5,11.0660721524118,352.157966903596,81.2728009728415,771.069237513582,17.2842232487373,53.6752674177253,23.8350248025789,20.2477568101111,66.14,494.611268747467,57.3320450944617
RWA,2018,30.1816687853678,4.03,82.8,11.1066072152412,355.698420076335,79.0028374543981,817.578437300032,17.3499797528636,55.7841263739603,22.3221933243073,21.5418444579064,66.354,506.201702472639,57.8995436163309
RWA,2019,30.0071642427631,3.72,81.8,11.1471422780705,357.419084978587,77.1787596270774,874.639658935978,18.8647459714312,57.9756628637954,27.0287152007204,22.9711026997362,66.691,517.880137819214,58.4728536131809
RWA,2020,31.2882654917538,3.86,81.7,11.1876773408999,358.132557033915,79.3919740575598,826.391307701022,18.6382750394843,55.1879515519855,23.7346563348968,24.5029761132966,66.953,529.624523713012,59.0523587439994
SEN,2008,56.5965036620253,3.92,39.8,44.3835246455098,259.2346121475,48.1743104970654,1138.66883930214,22.0817260947223,62.7617698176319,26.2267083321653,42.867747101036,63.201,62.5822417285618,69.2939508159691
SEN,2009,56.7983500914545,4.59,51.3,44.1835558094842,304.736226945897,48.1898924842882,1142.65317233964,22.0007291744608,52.3072908773365,20.3974883741685,43.23773199459,63.751,64.0803459201163,70.5013902121975
SEN,2010,57.0129259980585,4.68,49.5,43.9835869734587,313.396782040786,48.1898924842882,1153.53431121583,21.7761763055679,52.4578551962948,20.0869466642817,43.6371785059692,64.221,65.6282813068093,71.7047289784237
SEN,2011,59.1412397618774,4.79,48.0,43.7758271438217,317.49118236804,46.5641718173791,1139.74447892639,23.3061329625455,57.5768785989578,21.0003400122128,44.0689668509475,64.799,67.3084558250662,72.9034178534763
SEN,2012,71.9845097478197,4.51,49.6,43.5680673141848,302.418621518753,46.5641718173791,1154.05677992367,23.1117975253125,61.9753040040375,24.6240972538796,44.5359772452989,65.229,69.1346543395834,74.0969620089046
SEN,2013,50.7740625879857,4.07,42.7,43.3603074845479,271.06546719919,46.5797538046019,1147.3859217191,24.294212523467,60.6267663596737,24.0663485140699,45.0398750539456,65.638,71.2140913104451,75.2855370773077
SEN,2014,54.8894665378893,4.15,42.5,43.1525476549109,284.845981855555,46.6005297875656,1180.7987108505,23.1526032786161,58.4425289760992,25.8807867671935,45.6020905341588,66.001,73.5059575131148,76.46896680992
SEN,2015,70.740985096638,4.19,39.1,42.944787825274,296.775621300382,48.4495922713343,1218.00613555438,23.5966085082289,58.1103376742017,25.8333087504104,46.2747669629858,66.451,75.7976990598868,77.649320243194
SEN,2016,62.2452907130405,3.93,36.7,42.737027995637,287.042022425235,48.2418324416974,1257.40906915928,23.3440535101312,54.1081692072139,25.3616730282266,47.0553579909929,66.724,78.0892380408248,78.8258139339832
SEN,2017,68.9961611199396,3.65,36.8,42.5292681660001,278.019674604295,48.4236222926297,1312.10932776049,23.2776942790053,57.7052798455617,29.8155743419591,47.9338349639053,67.059,80.3770944787825,79.9984726874606
SEN,2018,61.8009740540162,3.48,34.2,42.3215083363632,274.379032674082,48.605412143562,1355.09610863712,24.0134453886227,61.7898394793183,32.6479409412239,48.9001692274485,67.379,82.6598348309354,81.1662422601817
SEN,2019,60.3429016299635,3.72,36.2,42.1137485067262,298.559525125339,48.7975899859762,1379.60875249861,23.5728096206578,64.2362506061005,31.9656603434826,49.9443321273477,67.668,84.9370072196541,82.3288600505419
SEN,2020,63.7402211262202,3.55,38.7,41.9059886770893,280.607903309744,48.9793798369085,1361.79143748646,23.2090411645804,60.0468716137065,35.632965093467,51.0562950093282,67.496,87.2031319794318,83.4855735664121
SLB,2008,13.1686216317637,7.4,46.7,90.4517327617006,,3.58342265094677,1911.18969015528,10.2651535362455,87.3526158028726,13.3782748829013,19.0370010521463,68.336,18.1775634155055,75.4333235805616
SLB,2009,13.3221805223207,7.37,45.8,90.4255805644873,,3.67988567345481,1930.46287614922,11.8218587913377,71.8849530192377,12.7912021106499,19.5633740998673,68.397,18.5116470167917,75.0255056296679
SLB,2010,13.4199037039275,6.92,45.1,90.399428367274,,3.35476956055734,2058.95691648883,12.9725534512526,96.1485545423385,17.9438829858377,20.1194058206257,68.669,19.0413719185423,74.6276815743393
SLB,2011,13.3086086795295,6.63,43.6,90.3732761700607,,3.48338692390139,2132.02844199392,18.6507336880232,107.247515572534,15.0193620851994,20.7284892962955,68.824,19.7550911039657,74.2385839861818
SLB,2012,13.3168981062044,6.54,43.8,90.3471239728474,,3.47981421936406,2105.91423758379,18.2452798557842,104.823434628967,14.6175746552631,21.3906964219987,68.961,20.4932475884244,73.8584084824388
SLB,2013,13.5787313517494,6.58,41.8,90.3209717756341,,3.51196856020007,2136.72116177034,15.6478383600355,99.6074605551315,14.646866906762,22.1027262484765,69.007,21.2556270096463,73.4869458643753
SLB,2014,13.6743436010117,6.03,45.9,90.2948195784209,,3.59056806002144,2085.16067273086,16.8607057072847,93.4534070100296,12.6368121226921,22.8612778264703,68.984,22.0403001071811,73.1239607321779
SLB,2015,13.388977783012,5.6,48.6,90.2686673812076,,3.61200428724544,2045.47721526649,15.5522182353588,88.1884859107326,15.944874295532,23.6630502067213,69.323,22.8444087173991,72.7696512554907
SLB,2016,13.4720259543338,5.23,48.7,90.242586638085,,3.62986780993212,2084.24845745225,15.5564744358205,85.54984577725,17.2166308860163,24.5047424399707,69.501,23.6648445873526,72.42353421812
SLB,2017,13.434058342961,5.05,49.0,90.2165058949625,,3.6691675598428,2075.36705302305,17.6021668174714,82.1974922027324,19.5610453907099,25.3830535769599,69.652,24.497034655234,72.0857915178444
SLB,2018,14.2731157049398,4.97,48.6,90.1904251518399,,3.71561271882815,2061.8996970669,17.6013647441937,88.4949614655388,19.1385050921666,26.2946826684302,69.806,25.3340836012862,71.761506901506
SLB,2019,14.3002352896823,4.93,48.4,90.1643444087174,,3.70846730975348,2043.09139778307,18.1213540227607,82.9985659020552,22.6955773604969,27.275106750276,69.981,26.014540907467,71.5848927519739
SLB,2020,13.9542830081778,5.08,49.0,90.1382636655948,,3.73704894605216,1930.65510307199,17.2452174164661,60.2204365577573,16.7238165802949,28.0327555150022,69.258,26.5987138263666,71.4129793033283
SLE,2008,38.5060302302833,6.99,86.0,38.3986422831809,,51.430174563591,882.54147817868,22.4354575177107,21.2566155636984,10.3794057886037,37.8725951588418,50.693,81.6669714602383,49.3391346809252
SLE,2009,37.3875582862496,6.82,86.1,38.1253394292048,,52.6596009975062,872.23959352481,19.4026088860298,23.0753395976546,11.2088615902087,38.2496351532666,51.312,83.8964533111665,50.520195051474
SLE,2010,36.9214785886428,6.6,84.9,37.8520365752286,,54.4524799113328,902.769891411394,20.2650996328359,27.9541259241389,34.433555789299,38.6417328938613,51.927,86.2110556940981,51.6994418329327
SLE,2011,43.1349217295232,6.5,81.0,37.5787475755057,,55.6612635078969,950.760763054593,19.6837646221541,43.7807969332619,46.5454157294241,39.0472153491602,52.594,88.4905929620393,52.8771685676355
SLE,2012,42.3969895780679,5.81,79.1,37.3054585757828,,53.1539207536714,1025.04366004502,23.5297216066996,53.3813447139398,29.4098051807138,39.4644094876975,53.159,90.7603214186755,54.0533047771617
SLE,2013,34.4203331673694,5.07,74.6,37.0321695760599,,54.7055971183153,1146.81973456475,26.4303748873975,53.3627646114117,17.6517899195356,39.8916422780075,54.051,93.0181629260183,55.2271223321324
SLE,2014,36.2193735145078,4.98,73.0,36.7588805763369,,54.7104461069548,1032.23789355905,20.452711739982,51.1187772788807,15.982290990834,40.3272406886245,54.281,95.2671792740371,56.3992358539249
SLE,2015,51.8061671080408,6.25,74.0,36.485591576614,,54.7104461069548,964.575980888989,16.6428629261418,36.4823958242319,18.0613249475414,40.7669565187099,55.454,97.5014546965918,57.5692588907449
SLE,2016,48.7036743850653,5.99,73.6,36.2122471598781,,54.7104461069548,1002.77862282013,19.515679548632,43.0672126969961,17.6618966541204,41.229411538771,56.937,99.8244389027431,58.7374466065884
SLE,2017,44.7073767568936,5.75,74.6,35.9389027431422,,54.7104461069548,1010.54694071207,19.5143905015015,41.5213782343591,19.1399846347627,41.7106682105058,57.761,102.234677195899,59.9058113970129
SLE,2018,44.3351501101334,5.52,75.9,35.6655583264062,,54.7104461069548,1015.6678297205,17.510686344572,37.3774604106006,15.6172570776756,42.2011025267803,59.059,104.662829038515,61.0747116605736
SLE,2019,38.5920982937814,5.26,75.4,35.3922139096703,,54.7104461069548,1046.96778078594,17.9304532249609,37.5619530302056,16.0259388280212,42.7018444914441,59.593,107.120961485176,62.2435949536526
SLE,2020,43.2210935036927,5.43,75.1,35.1188694929343,,54.7104461069548,1010.25294614757,17.6375324601029,30.6131009514507,15.3412107315104,43.2129659123546,59.694,109.622582432807,63.4122118828476
TGO,2008,46.3427937229179,11.29,76.5,22.8863541092113,402.378522599678,66.8321382607097,610.405413708475,23.8623598669256,62.3076674472105,17.0859273927781,36.6808327233827,56.651,117.095274866703,54.5651625096366
TGO,2009,46.7044905531623,13.02,63.4,22.8319433719434,475.809640060012,67.1998529141386,625.711511370434,20.6628801268805,62.210419994299,14.4916428488121,37.1195037247939,56.927,120.46083838941,55.3677359070846
TGO,2010,47.1272031157292,12.3,65.8,22.7775326346755,462.98057269746,67.3837102408531,644.5632812645,20.3367703008535,66.7974885937104,15.8404247844887,37.5545882975638,57.227,123.783599926457,56.1360720615008
TGO,2011,48.2695276844169,11.7,69.1,22.723110865968,453.365161767995,67.3837102408531,663.96334052788,21.7641490273027,77.732312664143,19.9043015015358,37.9872305648732,57.612,127.164441993013,56.877895720393
TGO,2012,53.6407922683827,10.97,72.7,22.6686890972605,440.167543009316,70.7850707850708,687.495464571464,20.0154635557205,75.7132085684163,17.6964729054914,38.4194359598204,57.94,130.55223386652,57.5887896171643
TGO,2013,43.0219165772312,10.07,76.2,22.614267328553,416.704251255243,70.2334988049274,709.09186114976,22.1985252830239,82.1477877564195,22.1146688275227,38.8516767884103,58.345,133.948189005332,58.2632949727303
TGO,2014,43.0636342660236,9.93,81.4,22.5598455598456,423.574336787573,70.2334988049274,730.291049611232,23.8476899946971,70.9156517502517,22.3769666612391,39.2839506458368,58.766,137.386468100754,58.9022839214157
TGO,2015,67.316079169015,9.17,81.0,22.5054237911381,400.729144636073,70.2334988049274,751.051987587248,22.8664405321196,69.1281378813376,25.1850151673938,39.7162551272934,59.22,140.893454679169,59.5058666846818
TGO,2016,60.2898429310496,9.34,80.7,22.4510020224306,422.806732967677,70.2334988049274,763.276185353302,20.8834101208291,66.4450409805081,20.1572457451871,40.1485878279739,59.669,144.480400808972,60.0753126449292
TGO,2017,58.2450494555721,8.27,78.4,22.3965802537231,403.914387052726,70.2334988049274,774.274897347436,20.4016230144725,58.2088602526732,16.8360654544298,40.5809463430719,60.135,148.136422136422,60.6102462342239
TGO,2018,55.1042380453434,8.51,76.7,22.3421584850156,411.046357385599,70.2334988049274,791.592405216309,21.0297583235942,57.5737388499452,19.1360002540754,41.013328267781,60.601,151.843684500827,61.1106166110229
TGO,2019,47.6290664711767,8.3,78.6,22.2877367163081,414.030094273623,70.2334988049274,810.512262603518,19.3444197845633,56.3421740349757,18.6016944291693,41.445731197295,61.055,155.599705828277,61.5763879815796
TGO,2020,51.6661369398223,8.76,76.2,22.2333149476007,424.622212633086,70.2334988049274,808.300697079208,20.0749387018129,55.0659513954403,19.8105297114895,41.8781527268075,61.123,159.399154256297,62.0075237539343
TJK,2008,35.3955700122009,6.32,54.6,2.92940840240069,334.362637299147,33.7739354101172,726.185491338269,24.5575196250071,114.480149093579,26.5087253628508,26.5306015116451,67.924,52.4321448985424,67.4802180746637
TJK,2009,37.256516551989,5.28,60.6,2.92940840240069,284.651561490729,34.0054301228923,739.212878526331,24.5088106260756,85.9781370434108,24.8447536175679,26.529186594207,68.248,53.5169334095456,69.0142603257663
TJK,2010,39.7949542469115,5.06,61.8,2.92940840240069,284.331249350809,27.2092026293227,770.604105393791,24.9766261519968,73.493044509473,23.8461818667509,26.5274312963978,68.37,54.6737710774507,70.5556572457132
TJK,2011,53.195882702872,4.73,60.0,2.94627036296085,278.854522985683,26.8076593312375,809.368229154093,22.4687490647166,79.7842446734572,29.2094402931719,26.4792213439941,68.698,55.9072949414118,72.1041170163843
TJK,2012,51.3794263594159,4.76,55.8,2.96313232352101,294.855655829726,26.2146327522149,849.519080831738,22.0426346192666,83.1759445401528,23.2673636939311,26.4102249145508,69.13,57.2598170905973,73.6660677042202
TJK,2013,51.0460904062202,4.45,55.1,2.97999428408117,288.394960596269,26.4568448128037,889.882383099979,23.1151646451446,71.7437428882341,24.9057147542124,26.4883155822754,69.579,58.7076593312375,75.2394845284164
TJK,2014,46.6700130134501,4.47,45.9,3.0222068508351,301.614964923042,26.800974161659,925.970961482804,22.6047415105536,54.6071596053705,26.5156987249439,26.5633735656738,69.697,60.7089475883735,76.8237114189289
TJK,2015,45.5749888542868,4.57,48.1,3.0391238561856,318.698277378179,27.076158224656,956.916310930656,30.220213504702,49.9378160689555,44.6894530560362,26.478832244873,69.665,62.2799913538439,78.4172891677318
TJK,2016,44.7655503683053,4.49,43.7,3.0391238561856,326.569218788739,27.3643634267599,997.352614556708,32.2133662345342,55.7246446907573,40.5223187316003,26.3718509674072,69.982,63.8780243533396,80.0192106177573
TJK,2017,42.5053360629934,4.33,44.2,3.0391238561856,328.781768931872,27.6799481230636,1042.26391757642,31.8468579622965,53.7861046057767,29.9295561525461,26.2731513977051,70.524,65.4654225808776,81.6282043537707
TJK,2018,42.3335064710739,4.36,41.6,3.0391238561856,347.711461590981,27.7728943007421,1094.8002018221,34.3983608033865,55.8461114113303,37.2634366837792,26.2338752746582,70.737,67.060544707832,83.2428335664729
TJK,2019,40.2890496610835,4.43,40.1,3.0463289862382,370.778875737531,27.8406225232365,1148.34676712493,33.0621490637064,56.0450159145896,35.3886623401905,26.1300735473633,70.962,68.6646444268319,84.8621252488683
TJK,2020,37.0534062306267,4.4,38.8,3.0535341162908,375.367379182413,27.8312558541682,1171.90127480359,33.7965394725715,55.7491040194954,33.4749512555638,26.1925442328719,68.605,70.2450464730888,86.2958090457045
TKM,2008,18.3677588125312,15.48,0.1,8.78215904496414,4237.18811987589,73.0959930202371,3504.34843278483,60.5457853244391,94.7240751970891,31.7,46.8658106736347,67.584,11.3740961419786,93.5202593447869
TKM,2009,19.719153577589,12.81,0.1,8.78215904496414,3648.03950949321,72.7874364267018,3645.43522420841,60.9102428355696,104.95217927132,46.6,46.8925342953825,68.155,11.6008597025089,94.0160473149034
TKM,2010,21.4722278171731,12.58,0.1,8.78215904496414,4077.8138474231,72.3512012427383,3900.14237925855,59.1311643516361,96.8630558404027,51.8808271961717,46.9171732247121,68.608,11.8408188453599,94.4138672514986
TKM,2011,27.2198985157372,11.97,0.1,8.78215904496414,4315.10295190096,72.0064690485817,4379.74943394339,65.8692912440737,111.062833823441,51.9318442057253,46.9397537877858,68.87,12.0941778562765,94.9164818491611
TKM,2012,27.0209714658228,11.27,0.0,8.78215904496414,4232.43008359245,73.5761177196604,4761.0792759807,66.5798559141072,109.333652637251,47.2,46.9603023107661,68.961,12.3604494286383,95.4189411344182
TKM,2013,26.4262903965402,10.72,0.1,8.78215904496414,3952.26848549516,75.145766390739,5131.16736462999,63.4277120836429,98.5928226795449,,46.9788451198152,68.968,12.6387781158896,95.9209538308361
TKM,2014,25.0725134160111,9.98,0.1,8.78215904496414,3758.60667175271,76.7154150618177,5533.03528846527,60.6696011092838,91.0934829576602,,46.9954085410955,69.001,12.9280594982231,96.4221394795384
TKM,2015,23.6762817457625,10.06,0.1,8.78215904496414,3722.78312991377,78.2850637328964,5759.497903834,54.2933303537937,81.2999305660859,,47.0100189007695,69.061,13.2270125337816,96.9223218117375
TKM,2016,23.1774931174981,10.17,0.1,8.78215904496414,3589.90954802381,79.8547124039751,5977.83828113854,51.4325436635517,62.0460846966262,,47.0227025249994,69.142,13.5340178324431,97.4211611367234
TKM,2017,21.6902944984074,9.72,0.1,8.78215904496414,3558.31901850361,81.4243610750537,6222.55590558882,47.0438896506004,53.5753567069955,,47.0334857399476,69.19,13.8468729385228,97.9183405901452
TKM,2018,22.4512669564059,9.64,0.1,8.78215904496414,3427.90624399814,82.9940097461324,6460.94356849428,44.9063982786535,50.9002726399821,,47.0423948717765,69.272,14.1627987147022,98.3109148568141
TKM,2019,20.2530348899106,10.16,0.1,8.78215904496414,3465.56523671972,84.5636584172111,6718.16608056274,42.4122793165524,44.2857594037204,,47.0494562466485,69.405,14.4786329878918,98.9744384290085
TKM,2020,19.5997611438189,10.64,0.1,8.78215904496414,3395.82680039957,84.5587640712447,6965.11226889286,37.3826880265398,35.9365938526967,,47.0546961907259,68.846,14.7892494626859,99.3966548614914
TUN,2008,26.2739796190147,3.69,14.6,4.39954943357364,894.304160812003,63.6006694129763,3760.11828478704,31.44941852471,114.343660218696,25.52358104832,66.0676053984361,74.192,67.8593910916581,89.8868255561027
TUN,2009,26.8930005665779,3.48,16.1,4.41215242018538,859.962925384995,63.0084963954686,3835.25011939301,28.0412153272481,93.0168787876722,24.2886504468516,66.3362197875977,74.32,68.554846807415,90.3433938079576
TUN,2010,27.1525896814577,3.77,12.6,4.42475540679712,955.707047372167,64.6112255406797,3906.90625867605,29.5235517709565,100.151009836799,25.8362686991415,66.6280059814453,74.438,69.2969876416066,90.7959166490344
TUN,2011,23.7968442569893,3.68,13.2,4.4346035015448,902.903041115908,64.8300720906282,3784.7412903401,30.54812597421,100.106379304237,25.0372425723868,66.9191886197857,74.471,70.069741246138,91.2448200352834
TUN,2012,22.6944628193599,3.68,13.0,4.44445159629248,930.16863461378,63.8645726055613,3900.04620132702,30.1215368230456,101.550723929668,26.0970264685305,67.2098922729492,74.599,70.865390061792,91.6898273701058
TUN,2013,22.1415749104783,3.66,13.2,4.45429969104016,935.797099690451,63.9997425334707,3947.58763533174,29.1379467288349,98.9549566862038,23.8678486722665,67.4999542236328,74.674,71.713188722966,92.130516839447
TUN,2014,25.1638447684439,3.61,12.9,4.46414778578785,939.769133002953,62.8282698249228,4021.59954703591,27.1288836396189,96.1071038558701,23.8646110150307,67.7524643379101,74.784,72.5687950566426,92.5674570508114
TUN,2015,23.6344412527314,3.66,12.5,4.47399588053553,952.983955126789,63.2981462409887,4014.94773686432,24.8970515198959,87.2485306596052,21.7389997127019,67.8807907104492,74.875,73.3925334706488,93.0017471400427
TUN,2016,24.8089216632322,3.67,12.4,4.48384397528321,955.176493865808,62.45236869207,4015.28893802703,24.0076023041992,87.0926643641466,20.4750075823644,68.0623356528248,75.007,74.2061920700309,93.4329020352708
TUN,2017,22.571757071458,3.7,11.8,4.4936920700309,973.953481456321,62.7117662203914,4062.80606534519,23.624101204276,95.8091979825804,21.294559927067,68.2877807617188,75.177,74.9903321318229,93.8606207367796
TUN,2018,25.5228520953696,3.64,11.9,4.50354016477858,973.074341333009,62.4388516992791,4127.97005697994,23.6862252235906,103.871824260635,22.9635661213165,68.5485240272509,75.37,75.7306513903193,94.2847367416076
TUN,2019,23.7714034054098,3.53,12.2,4.51338825952626,950.614263724593,62.4388516992791,4153.27978615515,23.2353115777678,102.332614725789,19.803398083912,68.8206382576031,75.599,76.4358972708548,94.7047945067718
TUN,2020,24.1829826735327,3.68,12.9,4.52323635427395,896.515593998175,62.4388516992791,3749.26841452928,21.5120069019708,84.3333297071767,12.6882289097848,69.1043166438476,75.004,77.0729724510814,95.120374054685
TZA,2008,22.1260766903794,9.68,90.3,57.2296342289456,414.898580843046,41.7412508466923,752.540466308594,23.7375391938967,49.0265445510865,37.4895216967723,26.7851328989335,59.896,48.0590742831339,39.9290568171928
TZA,2009,22.5253075669631,9.41,91.0,56.8096748701739,414.932104149828,41.9809212011741,772.929565429688,21.6769086388074,43.5326006456317,34.3556768729289,27.498387547781,60.494,49.2594061864981,41.4454872812529
TZA,2010,23.1053112582158,9.2,89.4,56.3897155114021,420.666337595531,42.2205915556559,801.29931640625,23.5561736572068,47.6404394295683,32.0172443063631,28.1968953939105,61.127,50.5288868819147,42.9702242043012
TZA,2011,25.1532727025899,9.02,87.6,55.9697538947844,432.748223094232,42.4602619101377,838.999267578125,26.3820840879185,56.1661241821809,34.7360333035223,28.865726405543,61.618,51.9636114247008,44.5013525843349
TZA,2012,25.5667487604226,8.67,85.2,55.5497922781666,424.81151927742,42.3318965906525,851.910705566406,25.3994987211663,54.3689490815138,34.8451015083251,29.4878764597911,62.286,53.4818920749605,46.0392257141693
TZA,2013,24.5340682116755,8.51,84.5,55.1298306615489,432.006442053335,42.9396026191014,882.8115234375,25.4467450324696,48.6316275295495,37.470607348423,30.0725108782502,62.788,55.1186814179273,47.5819698290827
TZA,2014,24.2244900980476,7.89,84.7,54.7098690449311,414.591294842767,43.1792729735832,913.811218261719,25.1415034758525,45.3560223433065,37.6539665632561,30.6443077170742,63.364,56.8429803567397,49.1277716374045
TZA,2015,25.1682619442571,7.77,82.8,54.2899074283134,419.719594250318,43.418943328065,939.127319335938,24.4873501095853,40.7576808778314,32.7586922845607,31.2061566592472,63.928,58.7276608715286,50.6761681803936
TZA,2016,25.3938175391915,7.47,81.7,53.7604425378189,416.315699078634,43.6586136825469,970.156127929688,24.8583993681558,35.4204704002636,32.1747860509655,31.7577303242916,64.404,60.7631666290359,52.2258564710625
TZA,2017,21.0006603142176,7.06,82.0,53.2309776473245,406.2529829944,43.8982840370287,1001.55895996094,25.0421511861537,33.1125919853124,32.354141404315,32.2987013317296,64.963,62.8278279521337,53.7768153446022
TZA,2018,21.2944892567993,6.75,81.3,52.70151275683,402.924862138835,44.1379543915105,1024.01525878906,27.0077655110967,32.6426099043737,38.3765744836496,32.8287423010834,65.488,64.842114472793,55.3281861083023
TZA,2019,20.7785687915826,6.69,80.4,52.1720478663355,414.545616952925,44.3776247459923,1051.7666015625,28.6718333565052,33.0185892502311,39.7264057276571,33.3475258518752,66.007,66.8038959132987,56.8787467857379
TZA,2020,25.081431153535,6.44,80.8,51.642582975841,405.685641474926,44.6163919620682,1041.25964355469,27.0844502877132,27.9630151969884,38.7464874924603,33.8547246036273,66.771,68.8335944908557,58.4288709914851
UGA,2008,31.3844233698563,10.81,94.1,14.1780991942345,402.698980928732,69.6374055352585,722.565167003452,25.768110035453,56.2582682050634,22.9777738426393,16.5070641943955,58.253,152.842965817527,37.2887308722368
UGA,2009,31.8724312239187,10.45,94.3,13.9716380561533,414.792171517828,70.6421100045043,749.342865535423,27.2861852856713,47.0638780748379,26.6160387564841,17.6123523369348,59.157,157.405290025524,38.7739967915564
UGA,2010,32.517551165181,10.2,93.6,13.7164372631159,421.142950548341,71.1400359066427,768.624091660131,27.5918336188994,38.2692490371291,27.1039553534011,18.7990645544572,59.959,161.534021543986,40.2802562427772
UGA,2011,35.0271400705232,9.9,93.3,13.5107121484141,429.271141094876,71.6387392778775,816.516366587228,27.5582956754514,39.7552255606122,26.7549805283512,20.0561028736631,60.791,166.340230400958,41.8062522892618
UGA,2012,35.8905665839316,10.03,93.4,13.3049870337123,436.121048102054,71.8880909634949,823.580468285493,27.1786073378959,43.5021371397314,26.1771756452378,21.372369321253,61.579,171.241960901656,43.3515394345294
UGA,2013,34.8200496489628,10.13,93.1,13.0992619190106,449.382170398049,71.8880909634949,828.988669729986,25.4646646803777,43.1091548734687,31.9739798099079,22.7367659239271,62.353,176.227019748654,44.9140772703055
UGA,2014,34.111616669843,9.98,92.4,12.8935368043088,456.037640791645,71.8880909634949,845.978664791099,25.222682012996,36.0144010819085,26.853454663727,24.1938503391826,63.057,181.505779972073,46.4945464801436
UGA,2015,36.4158643204587,9.71,91.7,12.687811689607,470.560471935976,71.8880909634949,862.934610355811,27.1098848763257,37.6892983324358,23.8597944507535,24.9777856560427,63.831,187.170586475165,48.0912598324733
UGA,2016,35.1867637433366,10.06,91.4,12.4820965489727,473.604213435105,71.8880909634949,874.648370639216,26.1664603884593,31.2093620232119,25.4152882648293,25.6953567134098,64.494,193.49267903451,49.7026063632453
UGA,2017,32.2396992843572,9.87,91.3,12.2763814083383,468.55301936099,71.8880909634949,871.093880017151,26.0309948147929,36.8370529334101,24.6140426859449,26.4139260579546,65.174,200.365988430082,51.32772813986
UGA,2018,33.1279166723642,9.88,90.5,12.070666267704,468.502676315592,71.8880909634949,895.07512785438,26.2360116484378,36.6384055999567,24.3285989781833,27.1280475018884,65.775,207.290200478755,52.9651082839112
UGA,2019,31.4850134786862,9.52,90.5,11.8649012567325,455.421313903164,71.8880909634949,920.939101515671,26.6204366953482,39.3610539647435,25.5294607796946,27.8369781799403,66.354,214.440639337722,54.6148662999288
UGA,2020,33.8077192571642,10.72,91.6,11.6591861160981,475.325187025973,71.8880909634949,917.0350317644,26.4905245869762,37.0006923916369,24.2159505553913,28.5399752271502,66.41,221.709315778975,56.2751724073816
UZB,2008,30.2231236564234,15.57,0.8,7.50509144040719,1656.55650065035,59.5457913098927,1904.45855506712,29.0650709010567,79.7479920348578,32.0363460936417,51.7943572998047,69.035,63.0661816146635,91.1153784744922
UZB,2009,31.7083160274671,13.15,1.2,7.59450412322655,1488.61678124243,59.1336063035475,2025.04298646098,30.3526438159739,68.673142199791,29.9477879762474,51.6105041503906,69.517,64.0891121586439,91.5696691723267
UZB,2010,33.7300329449397,13.35,1.3,7.6844723004781,1592.96476589268,58.7255558716379,2144.6400056546,21.2295148101409,49.2689977994484,27.1781979326708,51.3321647644043,69.836,65.1205023262643,92.0192259978027
UZB,2011,44.1982936152516,12.79,0.9,7.77762735510281,1603.22239464061,58.3214206223369,2271.00936223002,19.7779804592697,49.6542884929351,26.7079576787677,51.3395500183105,70.143,66.1372206631804,92.4356757645122
UZB,2012,43.9047519110738,10.42,1.3,7.86948141349243,1387.65012211387,57.907296925195,2395.84036755728,20.427938155189,44.2393191333204,30.0719329557159,51.3359680175781,70.411,67.1452569986232,92.8244223164543
UZB,2013,42.947720361075,9.6,1.2,7.96137580342781,1350.32249660587,57.5048934231933,2530.68447898703,21.2945196362137,42.3779149727359,27.4742199751097,51.1276969909668,70.692,68.207469669955,93.2160214919193
UZB,2014,39.4888403264479,8.38,1.4,8.05307155527101,1240.29664862077,58.6109332727536,2659.99075095273,22.0708925481202,36.3570546649043,27.9591702320365,50.8868713378906,70.973,69.3523563008704,93.6104838496586
UZB,2015,37.8356286365777,7.47,1.7,8.05583295506128,1165.60752398201,57.984566500227,2803.19018021751,22.520460823215,30.7561914307089,26.3433388950891,50.6597328186035,71.33,69.7897094870631,94.007820761431
UZB,2016,37.5481850195136,7.45,1.6,8.1397486557828,1209.61523440111,57.9805306962693,2918.67725852903,22.9212712989472,29.1922970388042,25.7592542108704,50.6572189331055,71.58,71.0059170523229,94.4080443889354
UZB,2017,35.2121570323591,7.51,1.7,8.19844389770035,1253.44940769753,57.9525543137807,2995.76761437743,24.7253778434458,42.5595081895217,27.2291863632714,50.6787376403809,71.737,72.2198017195203,94.8111572515512
UZB,2018,34.8354317604587,8.59,1.5,8.25712061408984,1272.07621933957,57.9234067278426,3108.1618786112,28.6428986359695,64.1381394985773,34.9925116035851,50.5814971923828,71.999,73.4780871882284,95.2185733603862
UZB,2019,34.1331992575325,7.93,1.6,8.31637366503615,1285.18444128817,58.0070592775022,3259.36964632494,31.9991183695607,64.9639227632407,39.1565362701328,50.5920104980469,72.093,74.8253929702307,95.6274388152752
UZB,2020,31.9604294559849,7.47,1.0,8.37322137751049,1351.37520056543,58.2832179734483,3249.05191094018,32.0252433250071,56.0515308349971,37.5933580339099,50.7670402526855,71.461,76.2200658118688,95.9578060001248
VCT,2008,21.2478603078695,2.47,5.3,73.1794871794872,,17.9487179487179,7019.9950843874,15.7098142403655,,,45.8223405756329,70.611,284.687179487179,96.7215983096393
VCT,2009,21.2854831085013,3.17,4.1,73.1794871794872,,17.9487179487179,6955.82358345268,15.8660687716811,,,45.9420760438477,70.712,283.353846153846,96.8837370497035
VCT,2010,21.2478514761788,2.65,5.1,73.1794871794872,,17.9487179487179,6678.04200697308,15.903054750972,,,46.0626395961215,70.66,281.946153846154,97.0465791396489
VCT,2011,20.8130429273481,2.63,6.1,73.1794871794872,,17.9487179487179,6674.58198966102,15.1351236077184,,,46.18402928344,70.609,280.382051282051,97.2101310501317
VCT,2012,21.1785226295306,2.72,5.0,73.1794871794872,,17.9487179487179,6790.68325958275,14.5760767657253,,,46.3063114823836,70.539,278.810256410256,97.3744027323459
VCT,2013,22.0288603357583,2.52,5.4,73.1794871794872,,17.9487179487179,6996.57386151332,14.7069261247007,,,46.4319347036311,70.091,277.269230769231,97.5393846955351
VCT,2014,22.4680502987672,2.89,3.3,73.1794871794872,,17.9487179487179,7116.22071347207,14.1124131006087,,,46.5579930468544,70.355,275.730769230769,97.7051158263288
VCT,2015,24.2045950887733,2.62,4.3,73.1794871794872,,17.9487179487179,7353.73556054184,14.9489099213637,,,46.6845638727475,70.463,274.25641025641,97.7108598901837
VCT,2016,24.3309858655746,2.59,4.1,73.1794871794872,,17.9487179487179,7702.8942635647,14.3822033821215,,,46.8116589511271,70.7,272.689743589744,97.716640114989
VCT,2017,23.4527926838875,2.26,5.3,73.1794871794872,,17.9487179487179,7872.92690537077,14.6706100723592,,,46.9392900518098,71.013,270.930769230769,97.7224514289518
VCT,2018,23.3995682726088,2.48,4.9,73.1794871794872,,17.9487179487179,8179.99598957084,14.5575849461195,,,47.0674689446123,71.017,269.041025641026,97.7283062747314
VCT,2019,23.4062454360865,2.26,5.4,73.1794871794872,,17.9487179487179,8294.67434486665,13.69401619005,,,47.1962073993512,70.994,267.094871794872,
VCT,2020,23.9262758481858,2.51,5.2,73.1794871794872,,17.9487179487179,7989.74651933597,12.5582072800332,,,47.3255171858432,69.605,265.451282051282,
WSM,2008,12.8563244204113,4.0,45.0,59.1710247349823,,13.0742049469965,3925.8743329936,30.6045956016331,73.8864270586579,,20.4038457706991,71.531,67.1756183745583,88.203619647933
WSM,2009,12.6900792295059,4.09,43.2,59.0007067137809,,12.3321554770318,3875.94291686166,22.4714571910199,75.9793921615973,31.7413750566996,20.1045321482817,69.486,67.6724381625442,88.4375945793653
WSM,2010,12.5198995878353,4.27,41.9,58.8303886925795,,14.6643109540636,4081.15535978003,14.7777818454724,78.5698016774915,14.6447083760345,19.8302101862085,71.451,68.2060070671378,88.6708392965086
WSM,2011,12.2498654594603,4.09,40.6,58.6593639575972,,16.9611307420495,4201.45663738908,15.766152527034,81.600955014363,37.1493303117706,19.6174273708146,71.393,68.8031802120141,88.903392297442
WSM,2012,12.4658242930882,4.36,40.2,58.4883392226148,,19.2579505300353,4007.91092846814,16.3070738394005,82.7339794775292,40.299132906469,19.478718368689,71.159,69.4339222614841,89.1355150319512
WSM,2013,12.5589378577712,4.42,42.6,58.3173144876325,,21.5547703180212,3976.39289268132,15.1467287917872,77.877751737476,9.01812018037557,19.3865949620667,71.229,70.0593639575972,90.0360750251158
WSM,2014,12.5788519302582,4.6,41.4,58.1462897526502,,23.8515901060071,3967.23730470679,15.2095204342126,80.5007740440855,37.3331843934814,19.3126679480432,71.142,70.6844522968198,90.9382375010808
WSM,2015,12.4224418408037,4.81,37.1,57.9752650176678,,26.7208480565371,4084.36083819933,14.5012807041262,74.6343545643839,35.86163557511,19.2340105383551,71.06,71.3010600706714,91.8420321668066
WSM,2016,12.5098893074638,4.61,36.8,57.8056537102473,,24.3144876325088,4373.23792440391,14.408683481377,75.2118171706314,35.4648816749749,19.126462366749,71.003,71.9077738515901,92.7474260962852
WSM,2017,12.0891380416294,4.66,35.8,58.6726618705036,,22.3021582733813,4393.37316255965,13.1849554636851,74.011085031494,32.1825873287296,18.9657191879831,70.991,73.8902877697842,93.6544245395326
WSM,2018,12.8245995074982,4.66,36.6,58.5,,19.8453237410072,4321.00518344962,11.7204111149327,78.9349676190658,33.1401660265809,18.7241267935467,71.052,74.6697841726619,94.5630996694418
WSM,2019,12.8726726678327,4.85,34.2,58.3273381294964,,17.773381294964,4466.08075482035,11.9596393238611,83.3310820410377,33.6506488929242,18.4147344481283,70.269,75.4604316546763,95.4736980021055
WSM,2020,12.5518952802963,4.5,35.6,58.1546762589928,,17.773381294964,4283.06392492734,11.1225478907802,77.4848006217247,33.1905048673993,18.0516608994722,70.727,76.2388489208633,96.3864371758172
ZMB,2008,24.8672188747105,9.45,89.8,62.9112578861701,616.785241364652,31.0563768681311,1053.58612301068,30.9906155705809,59.4548891205874,,38.9629632271162,54.835,17.5161409219925,55.7790386634547
ZMB,2009,25.1058182349176,8.88,89.2,62.8631001224122,619.989950482658,31.7276261450921,1110.71918102486,30.2244688791227,56.1213809555165,,39.4908312026796,55.886,18.1471219682804,56.943932113866
ZMB,2010,25.4210227502292,8.31,89.2,62.8149423586543,629.082900793812,31.5258478053243,1183.41712409199,32.2389147610701,65.0147025206122,29.8740056918705,39.9558857709992,56.896,18.7863624746096,58.0990602531588
ZMB,2011,26.565488543498,8.28,87.9,62.5618047054709,646.079173071802,31.7948855916814,1208.46424569634,34.4442819243584,72.7954324384283,32.889211245159,40.3684491825881,57.843,19.4215633785765,59.2434638607951
ZMB,2012,26.8710302496189,8.07,85.4,62.3086670522875,662.330990673445,32.0639233780384,1258.78938578996,32.0106503918136,75.367709855907,31.5179510511994,40.7698556821596,58.704,20.0616486635548,60.3793166829556
ZMB,2013,25.6500160427317,7.9,85.3,62.0555293991041,671.712530708792,31.9307496737917,1280.77012176778,32.5564491082462,80.4562410213373,33.8029886804422,41.1682266235825,59.445,20.7145603249976,61.5068944546716
ZMB,2014,26.0707378042456,7.86,84.6,61.8023917459207,682.741627698753,31.9320948627235,1299.01241762504,32.9441480248783,76.1934997276313,34.0692641856177,41.5634741658525,60.109,21.3822018052435,62.6251910477069
ZMB,2015,25.6767422937407,7.83,84.0,61.5492540927373,686.58901801905,31.9334400516553,1295.87788680068,33.65724911523,79.8652687573958,42.8051164515408,41.9555104679652,60.728,22.0598730141648,63.73489906676
ZMB,2016,26.1659103128843,7.73,84.0,61.2959550168821,683.714230135287,31.9334400516553,1303.57513869133,34.8771666095938,73.958561254616,38.2062329128451,42.3442476889162,61.129,22.7530946071376,64.8350544845437
ZMB,2017,23.7582824070397,7.77,83.5,61.0428846231453,702.724841881756,32.0679589448338,1308.76829240086,37.3040449214626,71.5856946542566,41.0018208583077,42.7295979877011,61.564,23.4618706197285,65.9259259812071
ZMB,2018,23.3367199131656,7.69,83.8,60.789706614294,726.480224274828,32.0679589448338,1321.25045711573,34.4853215849232,74.8883695274665,38.5885582958265,43.1114735233156,62.138,24.1778460834824,67.0073710429066
ZMB,2019,23.2037475947695,7.5,86.1,60.5365151535533,741.616894830948,32.0679589448338,1301.18132976178,34.9419812171167,68.791204936096,39.2619086467844,43.4897864547552,62.914,24.9046113076582,68.0788852086192
ZMB,2020,24.3085919008655,7.88,85.4,60.283337144702,759.022718469978,32.0679589448338,1228.73500113195,40.1976896628281,79.2068494095955,32.2448509806584,43.8644489410157,63.361,25.6384872005273,69.1403580014109
ZWE,2008,20.8036783748251,22.09,81.6,46.5229934082978,416.061487434695,42.3663220886649,803.044944654991,30.4832503395201,109.523540063377,5.12675418741512,32.6912786206175,48.456,33.4991572961096,67.8681221478377
ZWE,2009,21.0862688481077,20.93,82.6,46.4039033217009,417.993358333389,41.9757303864547,896.915532877845,21.4538686244604,61.7764909650234,12.7472016131117,32.7074288573175,49.75,33.9738658394727,67.7912667588109
ZWE,2010,21.4862213773936,17.83,81.2,46.284813235104,420.028576465643,41.7133537546853,1056.20884563889,20.6947355315308,83.1234047851259,18.7628395343529,32.7284525810054,51.925,34.5264262634096,67.7126398227238
ZWE,2011,23.6162829422719,16.48,77.2,46.1657231485072,444.80696274803,42.2313842574641,1184.93421020563,21.7201786093983,89.4659437238642,17.3984690623007,32.7567295776968,53.911,35.1439162466072,67.6326265386138
ZWE,2012,23.5395278505031,14.61,77.0,46.0466330619103,454.708020211244,41.8512917151351,1360.15230034275,25.3306858994948,74.1627003825153,9.85633778141151,32.7931752128328,55.386,35.7189789324027,67.550802949421
ZWE,2013,22.5984006943159,14.79,79.3,45.9275429753134,462.865283072286,41.8442528111671,1367.81831689463,23.8001125610251,58.6560737143829,9.20906247136893,32.9019343169941,56.842,36.2254310456249,67.4675567678249
ZWE,2014,23.4292525344579,14.69,80.8,45.8084528887166,460.332017093667,41.8387654129508,1381.25404125871,23.7189510650842,54.6717592473918,9.63958883391864,33.1628075970801,58.106,36.7257567532635,67.3943560141551
ZWE,2015,23.1038790684558,14.59,80.8,45.6893628021197,453.579542968744,41.8325022618586,1387.12632595026,22.3586547006621,56.7496526604333,10.0359230470755,33.5612641766874,58.989,37.2211787514541,67.3315481450838
ZWE,2016,22.5706982027694,14.18,81.7,45.5702727155228,423.185508873165,41.8275321183921,1378.34256192374,22.1153495385289,51.2190376594477,9.86174106545716,34.0799460726314,59.76,37.7414863642239,67.2786727528728
ZWE,2017,17.9977538099115,13.62,82.0,45.4511826289259,416.196232814442,41.8217862220499,1422.91948946927,32.0157377663457,55.028317831061,14.7022431781545,34.7014953017273,60.263,38.2899883675843,67.2356795993569
ZWE,2018,19.1120993372982,13.64,79.7,45.3320925423291,445.175095167118,41.8168160785834,1472.14603844842,31.0377751295783,54.55031658746,14.1484443423452,35.4085538807905,60.906,38.8637766576192,67.2029312965769
ZWE,2019,18.5286074615735,14.35,81.0,45.2130024557322,412.165419523265,41.8196029468786,1357.53087818754,38.9749459493832,46.1065442675515,11.561629264796,36.1837638266364,61.06,39.4762000775494,67.1795926488522
ZWE,2020,19.4941796611344,15.05,84.1,45.0939123691353,373.557246170741,41.8169598035414,1230.81933361016,40.4336448935323,40.1784062234355,11.2139243786572,37.0097671560802,61.53,40.13671448882,67.1664236498224
